Receipt No,Admission No,Student Name,Class,Term,Year,Amount (KES),Payment Method,Reference No,Paid By,Payment Date,Recorded By
BP-2026-0001,ADM-1001,Gideon Waweru,Grade 1 A,Term 1,2026,8600,M-PESA,QWH-47483,Nathaniel Waweru,2026-02-01,Rebecca Wanjala
BP-2026-0002,ADM-1001,Gideon Waweru,Grade 1 A,Term 1,2026,8300,Cash,CSH-30249,Nathaniel Waweru,2026-02-12,Andreah Smithh
BP-2026-0003,ADM-1001,Gideon Waweru,Grade 1 A,Term 1,2026,13100,Bank Transfer,RTN-27615,Nathaniel Waweru,2026-02-22,Monica Wanjiru
BP-2026-0004,ADM-1001,Gideon Waweru,Grade 1 A,Term 2,2026,5700,Cheque,CHQ-50963,Nathaniel Waweru,2026-05-30,Rebecca Wanjala
BP-2026-0005,ADM-1001,Gideon Waweru,Grade 1 A,Term 2,2026,9300,Cash,CSH-13712,Nathaniel Waweru,2026-06-13,Monica Wanjiru
BP-2026-0006,ADM-1002,George Ndolo,Grade 1 A,Term 1,2026,10400,Cash,CSH-23187,Vincent Ndolo,2026-01-08,Rebecca Wanjala
BP-2026-0007,ADM-1002,George Ndolo,Grade 1 A,Term 1,2026,7400,Bank Transfer,RTN-90488,Vincent Ndolo,2026-02-06,Rebecca Wanjala
BP-2026-0008,ADM-1002,George Ndolo,Grade 1 A,Term 1,2026,12200,M-PESA,QWH-91683,Vincent Ndolo,2026-02-16,Andreah Smithh
BP-2026-0009,ADM-1002,George Ndolo,Grade 1 A,Term 2,2026,7500,M-PESA,QWH-58555,Vincent Ndolo,2026-05-09,Andreah Smithh
BP-2026-0010,ADM-1002,George Ndolo,Grade 1 A,Term 2,2026,2500,Cash,CSH-18216,Vincent Ndolo,2026-06-01,Andreah Smithh
BP-2026-0011,ADM-1002,George Ndolo,Grade 1 A,Term 2,2026,5000,Bank Transfer,RTN-96858,Vincent Ndolo,2026-06-19,Rebecca Wanjala
BP-2026-0012,ADM-1002,George Ndolo,Grade 1 A,Term 3,2026,5700,M-PESA,QWH-89232,Vincent Ndolo,2026-09-18,Monica Wanjiru
BP-2026-0013,ADM-1003,John Njuguna,Grade 1 A,Term 1,2026,30000,Bank Transfer,RTN-91703,Samuel Njuguna,2026-01-16,Rebecca Wanjala
BP-2026-0014,ADM-1003,John Njuguna,Grade 1 A,Term 2,2026,7100,Cash,CSH-80905,Samuel Njuguna,2026-05-11,Monica Wanjiru
BP-2026-0015,ADM-1003,John Njuguna,Grade 1 A,Term 2,2026,3200,Cheque,CHQ-65767,Samuel Njuguna,2026-05-23,Andreah Smithh
BP-2026-0016,ADM-1003,John Njuguna,Grade 1 A,Term 2,2026,4700,Bank Transfer,RTN-53609,Samuel Njuguna,2026-06-11,Andreah Smithh
BP-2026-0017,ADM-1003,John Njuguna,Grade 1 A,Term 3,2026,9000,Cash,CSH-64003,Samuel Njuguna,2026-09-13,Monica Wanjiru
BP-2026-0018,ADM-1004,Samuel Hassan,Grade 1 A,Term 1,2026,12400,M-PESA,QWH-46305,Catherine Hassan,2026-01-15,Rebecca Wanjala
BP-2026-0019,ADM-1004,Samuel Hassan,Grade 1 A,Term 1,2026,17600,M-PESA,QWH-37763,Catherine Hassan,2026-02-07,Rebecca Wanjala
BP-2026-0020,ADM-1004,Samuel Hassan,Grade 1 A,Term 2,2026,7200,Cheque,CHQ-87369,Catherine Hassan,2026-05-21,Andreah Smithh
BP-2026-0021,ADM-1004,Samuel Hassan,Grade 1 A,Term 2,2026,7800,M-PESA,QWH-73273,Catherine Hassan,2026-06-04,Monica Wanjiru
BP-2026-0022,ADM-1004,Samuel Hassan,Grade 1 A,Term 3,2026,4800,Cash,CSH-22806,Catherine Hassan,2026-09-28,Andreah Smithh
BP-2026-0023,ADM-1004,Samuel Hassan,Grade 1 A,Term 3,2026,1800,Bank Transfer,RTN-88855,Catherine Hassan,2026-10-18,Andreah Smithh
BP-2026-0024,ADM-1004,Samuel Hassan,Grade 1 A,Term 3,2026,2400,Cash,CSH-61729,Catherine Hassan,2026-11-02,Monica Wanjiru
BP-2026-0025,ADM-1005,Alice Farah,Grade 1 A,Term 1,2026,30000,M-PESA,QWH-10740,Kiplangat Farah,2026-01-13,Monica Wanjiru
BP-2026-0026,ADM-1005,Alice Farah,Grade 1 A,Term 2,2026,5800,Bank Transfer,RTN-30396,Kiplangat Farah,2026-05-25,Andreah Smithh
BP-2026-0027,ADM-1005,Alice Farah,Grade 1 A,Term 2,2026,4900,M-PESA,QWH-16060,Kiplangat Farah,2026-05-25,Andreah Smithh
BP-2026-0028,ADM-1005,Alice Farah,Grade 1 A,Term 2,2026,4300,Bank Transfer,RTN-62720,Kiplangat Farah,2026-06-12,Andreah Smithh
BP-2026-0029,ADM-1005,Alice Farah,Grade 1 A,Term 3,2026,5100,M-PESA,QWH-81226,Kiplangat Farah,2026-09-29,Monica Wanjiru
BP-2026-0030,ADM-1006,Anthony Omar,Grade 1 A,Term 1,2026,11800,M-PESA,QWH-55595,Caleb Omar,2026-01-25,Rebecca Wanjala
BP-2026-0031,ADM-1006,Anthony Omar,Grade 1 A,Term 1,2026,18200,Bank Transfer,RTN-13026,Caleb Omar,2026-02-11,Monica Wanjiru
BP-2026-0032,ADM-1006,Anthony Omar,Grade 1 A,Term 2,2026,15000,Cheque,CHQ-84292,Caleb Omar,2026-05-20,Rebecca Wanjala
BP-2026-0033,ADM-1006,Anthony Omar,Grade 1 A,Term 3,2026,2300,Cheque,CHQ-61797,Caleb Omar,2026-09-17,Monica Wanjiru
BP-2026-0034,ADM-1006,Anthony Omar,Grade 1 A,Term 3,2026,2800,Bank Transfer,RTN-44192,Caleb Omar,2026-10-09,Monica Wanjiru
BP-2026-0035,ADM-1007,Abigail Mutuku,Grade 1 A,Term 1,2026,15700,Cheque,CHQ-59524,Joshua Mutuku,2026-01-31,Monica Wanjiru
BP-2026-0036,ADM-1007,Abigail Mutuku,Grade 1 A,Term 1,2026,6700,Cheque,CHQ-37835,Joshua Mutuku,2026-02-17,Monica Wanjiru
BP-2026-0037,ADM-1007,Abigail Mutuku,Grade 1 A,Term 1,2026,7600,Cash,CSH-84742,Joshua Mutuku,2026-03-01,Monica Wanjiru
BP-2026-0038,ADM-1007,Abigail Mutuku,Grade 1 A,Term 2,2026,4700,Bank Transfer,RTN-69907,Joshua Mutuku,2026-05-28,Andreah Smithh
BP-2026-0039,ADM-1007,Abigail Mutuku,Grade 1 A,Term 2,2026,10300,Bank Transfer,RTN-12787,Joshua Mutuku,2026-06-08,Andreah Smithh
BP-2026-0040,ADM-1007,Abigail Mutuku,Grade 1 A,Term 3,2026,9000,M-PESA,QWH-42334,Joshua Mutuku,2026-10-03,Andreah Smithh
BP-2026-0041,ADM-1008,Eric Odera,Grade 1 A,Term 1,2026,8700,Bank Transfer,RTN-29316,Thomas Odera,2026-01-22,Rebecca Wanjala
BP-2026-0042,ADM-1008,Eric Odera,Grade 1 A,Term 1,2026,7800,Bank Transfer,RTN-47069,Thomas Odera,2026-02-01,Monica Wanjiru
BP-2026-0043,ADM-1008,Eric Odera,Grade 1 A,Term 1,2026,13500,M-PESA,QWH-25196,Thomas Odera,2026-02-16,Andreah Smithh
BP-2026-0044,ADM-1008,Eric Odera,Grade 1 A,Term 2,2026,16000,Cash,CSH-55635,Thomas Odera,2026-05-27,Andreah Smithh
BP-2026-0045,ADM-1008,Eric Odera,Grade 1 A,Term 3,2026,1900,Bank Transfer,RTN-43148,Thomas Odera,2026-09-11,Andreah Smithh
BP-2026-0046,ADM-1008,Eric Odera,Grade 1 A,Term 3,2026,2800,M-PESA,QWH-76324,Thomas Odera,2026-10-12,Rebecca Wanjala
BP-2026-0047,ADM-1009,Dorcas Bakari,Grade 1 A,Term 1,2026,30000,M-PESA,QWH-68217,Damaris Bakari,2026-01-21,Andreah Smithh
BP-2026-0048,ADM-1009,Dorcas Bakari,Grade 1 A,Term 2,2026,5600,M-PESA,QWH-90916,Damaris Bakari,2026-05-24,Monica Wanjiru
BP-2026-0049,ADM-1009,Dorcas Bakari,Grade 1 A,Term 2,2026,9400,Bank Transfer,RTN-14519,Damaris Bakari,2026-05-30,Monica Wanjiru
BP-2026-0050,ADM-1009,Dorcas Bakari,Grade 1 A,Term 3,2026,1300,Cash,CSH-62376,Damaris Bakari,2026-09-28,Monica Wanjiru
BP-2026-0051,ADM-1009,Dorcas Bakari,Grade 1 A,Term 3,2026,2900,Cash,CSH-24022,Damaris Bakari,2026-10-02,Monica Wanjiru
BP-2026-0052,ADM-1010,Kevin Pashua,Grade 1 A,Term 1,2026,17200,Bank Transfer,RTN-15828,Frank Pashua,2026-01-24,Andreah Smithh
BP-2026-0053,ADM-1010,Kevin Pashua,Grade 1 A,Term 1,2026,5700,Bank Transfer,RTN-85796,Frank Pashua,2026-01-29,Monica Wanjiru
BP-2026-0054,ADM-1010,Kevin Pashua,Grade 1 A,Term 1,2026,16100,Cash,CSH-41522,Frank Pashua,2026-02-10,Andreah Smithh
BP-2026-0055,ADM-1010,Kevin Pashua,Grade 1 A,Term 2,2026,12200,Bank Transfer,RTN-87201,Frank Pashua,2026-05-26,Monica Wanjiru
BP-2026-0056,ADM-1010,Kevin Pashua,Grade 1 A,Term 2,2026,12800,Cash,CSH-48639,Frank Pashua,2026-06-14,Monica Wanjiru
BP-2026-0057,ADM-1010,Kevin Pashua,Grade 1 A,Term 3,2026,8200,Cash,CSH-16520,Frank Pashua,2026-10-03,Monica Wanjiru
BP-2026-0058,ADM-1010,Kevin Pashua,Grade 1 A,Term 3,2026,8800,M-PESA,QWH-70556,Frank Pashua,2026-09-27,Monica Wanjiru
BP-2026-0059,ADM-1011,Winfred Bakari,Grade 1 A,Term 1,2026,12900,M-PESA,QWH-29078,Julius Bakari,2026-01-19,Monica Wanjiru
BP-2026-0060,ADM-1011,Winfred Bakari,Grade 1 A,Term 1,2026,5200,M-PESA,QWH-24395,Julius Bakari,2026-02-11,Andreah Smithh
BP-2026-0061,ADM-1011,Winfred Bakari,Grade 1 A,Term 1,2026,6000,M-PESA,QWH-22857,Julius Bakari,2026-02-19,Monica Wanjiru
BP-2026-0062,ADM-1011,Winfred Bakari,Grade 1 A,Term 2,2026,8700,Cheque,CHQ-90275,Julius Bakari,2026-05-18,Andreah Smithh
BP-2026-0063,ADM-1011,Winfred Bakari,Grade 1 A,Term 2,2026,10300,M-PESA,QWH-96397,Julius Bakari,2026-06-17,Rebecca Wanjala
BP-2026-0064,ADM-1012,Diana Khaemba,Grade 1 A,Term 1,2026,16900,Bank Transfer,RTN-91394,Irene Khaemba,2026-01-23,Rebecca Wanjala
BP-2026-0065,ADM-1012,Diana Khaemba,Grade 1 A,Term 1,2026,7300,Bank Transfer,RTN-30055,Irene Khaemba,2026-02-05,Rebecca Wanjala
BP-2026-0066,ADM-1012,Diana Khaemba,Grade 1 A,Term 1,2026,6700,Bank Transfer,RTN-30825,Irene Khaemba,2026-02-18,Rebecca Wanjala
BP-2026-0067,ADM-1012,Diana Khaemba,Grade 1 A,Term 1,2026,13100,Cash,CSH-18344,Irene Khaemba,2026-03-10,Monica Wanjiru
BP-2026-0068,ADM-1012,Diana Khaemba,Grade 1 A,Term 2,2026,29000,M-PESA,QWH-16045,Irene Khaemba,2026-05-18,Rebecca Wanjala
BP-2026-0069,ADM-1013,Purity Nzioka,Grade 1 A,Term 1,2026,30000,M-PESA,QWH-21352,Peter Nzioka,2026-01-20,Andreah Smithh
BP-2026-0070,ADM-1013,Purity Nzioka,Grade 1 A,Term 2,2026,15000,Cash,CSH-27340,Peter Nzioka,2026-05-24,Rebecca Wanjala
BP-2026-0071,ADM-1013,Purity Nzioka,Grade 1 A,Term 3,2026,9000,Cash,CSH-18043,Peter Nzioka,2026-09-13,Rebecca Wanjala
BP-2026-0072,ADM-1014,Eric Mutoro,Grade 1 A,Term 1,2026,7900,Bank Transfer,RTN-14776,Anthony Mutoro,2026-01-07,Andreah Smithh
BP-2026-0073,ADM-1014,Eric Mutoro,Grade 1 A,Term 1,2026,15200,Bank Transfer,RTN-94057,Anthony Mutoro,2026-01-27,Monica Wanjiru
BP-2026-0074,ADM-1014,Eric Mutoro,Grade 1 A,Term 2,2026,15000,M-PESA,QWH-75636,Anthony Mutoro,2026-05-15,Andreah Smithh
BP-2026-0075,ADM-1014,Eric Mutoro,Grade 1 A,Term 3,2026,3500,Bank Transfer,RTN-22847,Anthony Mutoro,2026-09-26,Monica Wanjiru
BP-2026-0076,ADM-1014,Eric Mutoro,Grade 1 A,Term 3,2026,2500,M-PESA,QWH-75501,Anthony Mutoro,2026-09-29,Rebecca Wanjala
BP-2026-0077,ADM-1014,Eric Mutoro,Grade 1 A,Term 3,2026,3000,Cheque,CHQ-95673,Anthony Mutoro,2026-11-03,Andreah Smithh
BP-2026-0078,ADM-1015,Yvonne Kariuki,Grade 1 A,Term 1,2026,30000,M-PESA,QWH-11468,Frank Kariuki,2026-02-02,Rebecca Wanjala
BP-2026-0079,ADM-1015,Yvonne Kariuki,Grade 1 A,Term 2,2026,15000,Cash,CSH-50789,Frank Kariuki,2026-05-25,Monica Wanjiru
BP-2026-0080,ADM-1015,Yvonne Kariuki,Grade 1 A,Term 3,2026,9000,Cheque,CHQ-43585,Frank Kariuki,2026-09-19,Monica Wanjiru
BP-2026-0081,ADM-1016,John Lugalia,Grade 1 A,Term 1,2026,30000,Bank Transfer,RTN-41353,James Lugalia,2026-01-24,Andreah Smithh
BP-2026-0082,ADM-1016,John Lugalia,Grade 1 A,Term 2,2026,6000,Cheque,CHQ-19101,James Lugalia,2026-05-08,Andreah Smithh
BP-2026-0083,ADM-1016,John Lugalia,Grade 1 A,Term 2,2026,3400,Cash,CSH-65334,James Lugalia,2026-06-10,Rebecca Wanjala
BP-2026-0084,ADM-1016,John Lugalia,Grade 1 A,Term 2,2026,5600,Cash,CSH-30926,James Lugalia,2026-06-07,Rebecca Wanjala
BP-2026-0085,ADM-1017,Fridah Oluoch,Grade 1 A,Term 1,2026,30000,Cheque,CHQ-99955,Dennis Oluoch,2026-01-12,Monica Wanjiru
BP-2026-0086,ADM-1017,Fridah Oluoch,Grade 1 A,Term 2,2026,6800,Bank Transfer,RTN-53188,Dennis Oluoch,2026-05-23,Rebecca Wanjala
BP-2026-0087,ADM-1017,Fridah Oluoch,Grade 1 A,Term 2,2026,8200,M-PESA,QWH-22868,Dennis Oluoch,2026-06-07,Rebecca Wanjala
BP-2026-0088,ADM-1017,Fridah Oluoch,Grade 1 A,Term 3,2026,3800,M-PESA,QWH-82479,Dennis Oluoch,2026-10-05,Monica Wanjiru
BP-2026-0089,ADM-1017,Fridah Oluoch,Grade 1 A,Term 3,2026,1400,Cash,CSH-57899,Dennis Oluoch,2026-10-19,Rebecca Wanjala
BP-2026-0090,ADM-1017,Fridah Oluoch,Grade 1 A,Term 3,2026,3800,Bank Transfer,RTN-20366,Dennis Oluoch,2026-10-30,Monica Wanjiru
BP-2026-0091,ADM-1018,Charity Sichangi,Grade 1 A,Term 1,2026,12400,Bank Transfer,RTN-72671,Moses Sichangi,2026-02-02,Andreah Smithh
BP-2026-0092,ADM-1018,Charity Sichangi,Grade 1 A,Term 1,2026,17600,Bank Transfer,RTN-70975,Moses Sichangi,2026-02-07,Andreah Smithh
BP-2026-0093,ADM-1018,Charity Sichangi,Grade 1 A,Term 2,2026,6600,Bank Transfer,RTN-83820,Moses Sichangi,2026-05-20,Andreah Smithh
BP-2026-0094,ADM-1018,Charity Sichangi,Grade 1 A,Term 2,2026,4000,Bank Transfer,RTN-46044,Moses Sichangi,2026-06-05,Monica Wanjiru
BP-2026-0095,ADM-1018,Charity Sichangi,Grade 1 A,Term 2,2026,4400,M-PESA,QWH-91413,Moses Sichangi,2026-06-29,Rebecca Wanjala
BP-2026-0096,ADM-1018,Charity Sichangi,Grade 1 A,Term 3,2026,1900,Bank Transfer,RTN-76574,Moses Sichangi,2026-09-26,Monica Wanjiru
BP-2026-0097,ADM-1018,Charity Sichangi,Grade 1 A,Term 3,2026,4100,M-PESA,QWH-63606,Moses Sichangi,2026-10-11,Andreah Smithh
BP-2026-0098,ADM-1019,Stephen Kinyua,Grade 1 A,Term 1,2026,11000,Cash,CSH-46011,Amos Kinyua,2026-01-26,Monica Wanjiru
BP-2026-0099,ADM-1019,Stephen Kinyua,Grade 1 A,Term 1,2026,8200,Cash,CSH-72792,Amos Kinyua,2026-01-28,Andreah Smithh
BP-2026-0100,ADM-1019,Stephen Kinyua,Grade 1 A,Term 1,2026,10800,M-PESA,QWH-79797,Amos Kinyua,2026-02-13,Monica Wanjiru
BP-2026-0101,ADM-1019,Stephen Kinyua,Grade 1 A,Term 2,2026,7800,M-PESA,QWH-99988,Amos Kinyua,2026-05-30,Monica Wanjiru
BP-2026-0102,ADM-1019,Stephen Kinyua,Grade 1 A,Term 2,2026,7200,M-PESA,QWH-53209,Amos Kinyua,2026-06-09,Rebecca Wanjala
BP-2026-0103,ADM-1019,Stephen Kinyua,Grade 1 A,Term 3,2026,4800,M-PESA,QWH-39706,Amos Kinyua,2026-09-23,Monica Wanjiru
BP-2026-0104,ADM-1020,James Mganga,Grade 1 A,Term 1,2026,10300,Bank Transfer,RTN-38415,Alex Mganga,2026-01-27,Andreah Smithh
BP-2026-0105,ADM-1020,James Mganga,Grade 1 A,Term 1,2026,8000,Cash,CSH-36772,Alex Mganga,2026-02-09,Monica Wanjiru
BP-2026-0106,ADM-1020,James Mganga,Grade 1 A,Term 1,2026,11700,M-PESA,QWH-38552,Alex Mganga,2026-02-22,Monica Wanjiru
BP-2026-0107,ADM-1020,James Mganga,Grade 1 A,Term 3,2026,3100,Cash,CSH-79179,Alex Mganga,2026-09-09,Rebecca Wanjala
BP-2026-0108,ADM-1020,James Mganga,Grade 1 A,Term 3,2026,1600,Bank Transfer,RTN-84801,Alex Mganga,2026-10-14,Monica Wanjiru
BP-2026-0109,ADM-1020,James Mganga,Grade 1 A,Term 3,2026,1300,Cash,CSH-46611,Alex Mganga,2026-10-18,Andreah Smithh
BP-2026-0110,ADM-1021,Brenda Oduor,Grade 1 A,Term 1,2026,9300,Cash,CSH-39119,Ian Oduor,2026-01-18,Monica Wanjiru
BP-2026-0111,ADM-1021,Brenda Oduor,Grade 1 A,Term 1,2026,20700,Cash,CSH-39917,Ian Oduor,2026-02-05,Andreah Smithh
BP-2026-0112,ADM-1021,Brenda Oduor,Grade 1 A,Term 2,2026,5400,Cheque,CHQ-14581,Ian Oduor,2026-05-30,Rebecca Wanjala
BP-2026-0113,ADM-1021,Brenda Oduor,Grade 1 A,Term 2,2026,4500,Cash,CSH-78299,Ian Oduor,2026-06-01,Monica Wanjiru
BP-2026-0114,ADM-1021,Brenda Oduor,Grade 1 A,Term 2,2026,5100,Bank Transfer,RTN-76541,Ian Oduor,2026-06-20,Monica Wanjiru
BP-2026-0115,ADM-1021,Brenda Oduor,Grade 1 A,Term 3,2026,1900,Cheque,CHQ-42211,Ian Oduor,2026-09-18,Monica Wanjiru
BP-2026-0116,ADM-1021,Brenda Oduor,Grade 1 A,Term 3,2026,700,M-PESA,QWH-16526,Ian Oduor,2026-10-04,Andreah Smithh
BP-2026-0117,ADM-1021,Brenda Oduor,Grade 1 A,Term 3,2026,900,Cheque,CHQ-58989,Ian Oduor,2026-10-29,Rebecca Wanjala
BP-2026-0118,ADM-1022,Kiplangat Wafula,Grade 1 A,Term 1,2026,7800,Bank Transfer,RTN-96840,Caleb Wafula,2026-01-28,Monica Wanjiru
BP-2026-0119,ADM-1022,Kiplangat Wafula,Grade 1 A,Term 1,2026,9900,Cash,CSH-76081,Caleb Wafula,2026-02-11,Rebecca Wanjala
BP-2026-0120,ADM-1022,Kiplangat Wafula,Grade 1 A,Term 1,2026,12300,M-PESA,QWH-64924,Caleb Wafula,2026-02-08,Andreah Smithh
BP-2026-0121,ADM-1022,Kiplangat Wafula,Grade 1 A,Term 2,2026,9000,Bank Transfer,RTN-83719,Caleb Wafula,2026-05-19,Rebecca Wanjala
BP-2026-0122,ADM-1022,Kiplangat Wafula,Grade 1 A,Term 3,2026,5000,Bank Transfer,RTN-12049,Caleb Wafula,2026-09-10,Andreah Smithh
BP-2026-0123,ADM-1023,Karen Makokha,Grade 1 A,Term 1,2026,15800,Cheque,CHQ-60647,Kennedy Makokha,2026-01-19,Andreah Smithh
BP-2026-0124,ADM-1023,Karen Makokha,Grade 1 A,Term 1,2026,14200,Cash,CSH-78293,Kennedy Makokha,2026-02-12,Rebecca Wanjala
BP-2026-0125,ADM-1023,Karen Makokha,Grade 1 A,Term 2,2026,16000,M-PESA,QWH-13541,Kennedy Makokha,2026-05-12,Andreah Smithh
BP-2026-0126,ADM-1023,Karen Makokha,Grade 1 A,Term 3,2026,1000,Cheque,CHQ-83730,Kennedy Makokha,2026-09-20,Andreah Smithh
BP-2026-0127,ADM-1023,Karen Makokha,Grade 1 A,Term 3,2026,2900,M-PESA,QWH-80651,Kennedy Makokha,2026-09-28,Andreah Smithh
BP-2026-0128,ADM-1024,Tabitha Ndungu,Grade 1 A,Term 1,2026,10000,M-PESA,QWH-66639,Catherine Ndungu,2026-01-18,Andreah Smithh
BP-2026-0129,ADM-1024,Tabitha Ndungu,Grade 1 A,Term 1,2026,5100,Cash,CSH-25588,Catherine Ndungu,2026-01-25,Monica Wanjiru
BP-2026-0130,ADM-1024,Tabitha Ndungu,Grade 1 A,Term 1,2026,14900,M-PESA,QWH-11721,Catherine Ndungu,2026-02-16,Rebecca Wanjala
BP-2026-0131,ADM-1024,Tabitha Ndungu,Grade 1 A,Term 2,2026,12500,Bank Transfer,RTN-44374,Catherine Ndungu,2026-05-07,Andreah Smithh
BP-2026-0132,ADM-1024,Tabitha Ndungu,Grade 1 A,Term 3,2026,2500,M-PESA,QWH-65983,Catherine Ndungu,2026-09-23,Monica Wanjiru
BP-2026-0133,ADM-1024,Tabitha Ndungu,Grade 1 A,Term 3,2026,1800,M-PESA,QWH-72601,Catherine Ndungu,2026-09-29,Monica Wanjiru
BP-2026-0134,ADM-1024,Tabitha Ndungu,Grade 1 A,Term 3,2026,4700,M-PESA,QWH-23696,Catherine Ndungu,2026-10-14,Monica Wanjiru
BP-2026-0135,ADM-1025,Mark Kioko,Grade 1 A,Term 1,2026,13200,Cash,CSH-27199,Mark Kioko,2026-01-17,Andreah Smithh
BP-2026-0136,ADM-1025,Mark Kioko,Grade 1 A,Term 1,2026,16800,Cheque,CHQ-61365,Mark Kioko,2026-01-27,Andreah Smithh
BP-2026-0137,ADM-1025,Mark Kioko,Grade 1 A,Term 2,2026,5700,Bank Transfer,RTN-85826,Mark Kioko,2026-06-03,Rebecca Wanjala
BP-2026-0138,ADM-1025,Mark Kioko,Grade 1 A,Term 2,2026,9300,Cheque,CHQ-24157,Mark Kioko,2026-05-28,Andreah Smithh
BP-2026-0139,ADM-1026,Eric Obiero,Grade 1 A,Term 1,2026,16100,M-PESA,QWH-15614,Beatrice Obiero,2026-01-28,Andreah Smithh
BP-2026-0140,ADM-1026,Eric Obiero,Grade 1 A,Term 1,2026,13900,Cash,CSH-10720,Beatrice Obiero,2026-01-26,Rebecca Wanjala
BP-2026-0141,ADM-1026,Eric Obiero,Grade 1 A,Term 2,2026,8100,M-PESA,QWH-29757,Beatrice Obiero,2026-05-21,Andreah Smithh
BP-2026-0142,ADM-1026,Eric Obiero,Grade 1 A,Term 2,2026,2700,Cash,CSH-40022,Beatrice Obiero,2026-06-08,Rebecca Wanjala
BP-2026-0143,ADM-1026,Eric Obiero,Grade 1 A,Term 2,2026,4200,Cash,CSH-10248,Beatrice Obiero,2026-06-30,Monica Wanjiru
BP-2026-0144,ADM-1026,Eric Obiero,Grade 1 A,Term 3,2026,2700,Cash,CSH-63546,Beatrice Obiero,2026-10-03,Monica Wanjiru
BP-2026-0145,ADM-1026,Eric Obiero,Grade 1 A,Term 3,2026,1000,Cash,CSH-15008,Beatrice Obiero,2026-10-09,Andreah Smithh
BP-2026-0146,ADM-1026,Eric Obiero,Grade 1 A,Term 3,2026,2700,Cash,CSH-66738,Beatrice Obiero,2026-10-11,Rebecca Wanjala
BP-2026-0147,ADM-1027,Michael Ndolo,Grade 1 A,Term 1,2026,10100,Bank Transfer,RTN-63538,Patrick Ndolo,2026-01-20,Andreah Smithh
BP-2026-0148,ADM-1027,Michael Ndolo,Grade 1 A,Term 1,2026,6300,Cash,CSH-44704,Patrick Ndolo,2026-02-02,Rebecca Wanjala
BP-2026-0149,ADM-1027,Michael Ndolo,Grade 1 A,Term 1,2026,13600,Cash,CSH-90307,Patrick Ndolo,2026-02-19,Monica Wanjiru
BP-2026-0150,ADM-1027,Michael Ndolo,Grade 1 A,Term 2,2026,5800,Bank Transfer,RTN-38103,Patrick Ndolo,2026-05-12,Rebecca Wanjala
BP-2026-0151,ADM-1027,Michael Ndolo,Grade 1 A,Term 2,2026,9200,M-PESA,QWH-41876,Patrick Ndolo,2026-06-04,Andreah Smithh
BP-2026-0152,ADM-1027,Michael Ndolo,Grade 1 A,Term 3,2026,2400,M-PESA,QWH-54686,Patrick Ndolo,2026-10-01,Monica Wanjiru
BP-2026-0153,ADM-1027,Michael Ndolo,Grade 1 A,Term 3,2026,2300,Cash,CSH-33165,Patrick Ndolo,2026-10-07,Rebecca Wanjala
BP-2026-0154,ADM-1028,Lawrence Chemtai,Grade 1 A,Term 1,2026,5900,Bank Transfer,RTN-10189,Brenda Chemtai,2026-01-25,Andreah Smithh
BP-2026-0155,ADM-1028,Lawrence Chemtai,Grade 1 A,Term 1,2026,7900,M-PESA,QWH-23769,Brenda Chemtai,2026-01-27,Rebecca Wanjala
BP-2026-0156,ADM-1028,Lawrence Chemtai,Grade 1 A,Term 2,2026,3900,Cash,CSH-15054,Brenda Chemtai,2026-05-25,Rebecca Wanjala
BP-2026-0157,ADM-1028,Lawrence Chemtai,Grade 1 A,Term 2,2026,11100,Cheque,CHQ-37245,Brenda Chemtai,2026-06-03,Rebecca Wanjala
BP-2026-0158,ADM-1029,Emmanuel Njenga,Grade 1 A,Term 1,2026,6000,Bank Transfer,RTN-57173,Frank Njenga,2026-01-09,Monica Wanjiru
BP-2026-0159,ADM-1029,Emmanuel Njenga,Grade 1 A,Term 1,2026,15600,Bank Transfer,RTN-74940,Frank Njenga,2026-01-30,Monica Wanjiru
BP-2026-0160,ADM-1029,Emmanuel Njenga,Grade 1 A,Term 2,2026,16000,M-PESA,QWH-71806,Frank Njenga,2026-05-25,Monica Wanjiru
BP-2026-0161,ADM-1029,Emmanuel Njenga,Grade 1 A,Term 3,2026,2100,M-PESA,QWH-30660,Frank Njenga,2026-09-26,Rebecca Wanjala
BP-2026-0162,ADM-1029,Emmanuel Njenga,Grade 1 A,Term 3,2026,1900,Cheque,CHQ-43622,Frank Njenga,2026-09-26,Andreah Smithh
BP-2026-0163,ADM-1030,Yvonne Karanja,Grade 1 A,Term 1,2026,11700,M-PESA,QWH-29919,Rebecca Karanja,2026-01-27,Monica Wanjiru
BP-2026-0164,ADM-1030,Yvonne Karanja,Grade 1 A,Term 1,2026,5200,Cash,CSH-78928,Rebecca Karanja,2026-02-14,Andreah Smithh
BP-2026-0165,ADM-1030,Yvonne Karanja,Grade 1 A,Term 1,2026,13100,Bank Transfer,RTN-63945,Rebecca Karanja,2026-02-12,Monica Wanjiru
BP-2026-0166,ADM-1030,Yvonne Karanja,Grade 1 A,Term 2,2026,4900,Cash,CSH-43043,Rebecca Karanja,2026-05-22,Rebecca Wanjala
BP-2026-0167,ADM-1030,Yvonne Karanja,Grade 1 A,Term 2,2026,5400,Bank Transfer,RTN-13284,Rebecca Karanja,2026-06-14,Rebecca Wanjala
BP-2026-0168,ADM-1030,Yvonne Karanja,Grade 1 A,Term 2,2026,4700,Bank Transfer,RTN-78763,Rebecca Karanja,2026-06-27,Rebecca Wanjala
BP-2026-0169,ADM-1031,Yvonne Njeri,Grade 1 A,Term 1,2026,7500,M-PESA,QWH-51788,Donald Njeri,2026-01-12,Rebecca Wanjala
BP-2026-0170,ADM-1031,Yvonne Njeri,Grade 1 A,Term 1,2026,12000,Bank Transfer,RTN-63715,Donald Njeri,2026-02-11,Andreah Smithh
BP-2026-0171,ADM-1031,Yvonne Njeri,Grade 1 A,Term 2,2026,5300,M-PESA,QWH-99452,Donald Njeri,2026-05-29,Rebecca Wanjala
BP-2026-0172,ADM-1031,Yvonne Njeri,Grade 1 A,Term 2,2026,4200,M-PESA,QWH-65153,Donald Njeri,2026-05-28,Andreah Smithh
BP-2026-0173,ADM-1031,Yvonne Njeri,Grade 1 A,Term 2,2026,5500,Cheque,CHQ-65446,Donald Njeri,2026-06-18,Monica Wanjiru
BP-2026-0174,ADM-1031,Yvonne Njeri,Grade 1 A,Term 3,2026,3300,M-PESA,QWH-31479,Donald Njeri,2026-09-11,Andreah Smithh
BP-2026-0175,ADM-1031,Yvonne Njeri,Grade 1 A,Term 3,2026,2900,Cheque,CHQ-96385,Donald Njeri,2026-10-04,Andreah Smithh
BP-2026-0176,ADM-1032,Esther Mutiso,Grade 1 A,Term 1,2026,14900,Cash,CSH-20932,Lawrence Mutiso,2026-01-10,Monica Wanjiru
BP-2026-0177,ADM-1032,Esther Mutiso,Grade 1 A,Term 1,2026,16100,M-PESA,QWH-28649,Lawrence Mutiso,2026-01-22,Monica Wanjiru
BP-2026-0178,ADM-1032,Esther Mutiso,Grade 1 A,Term 2,2026,14000,M-PESA,QWH-22398,Lawrence Mutiso,2026-05-15,Andreah Smithh
BP-2026-0179,ADM-1032,Esther Mutiso,Grade 1 A,Term 3,2026,2900,M-PESA,QWH-79043,Lawrence Mutiso,2026-09-30,Rebecca Wanjala
BP-2026-0180,ADM-1032,Esther Mutiso,Grade 1 A,Term 3,2026,2000,Bank Transfer,RTN-86816,Lawrence Mutiso,2026-10-17,Andreah Smithh
BP-2026-0181,ADM-1032,Esther Mutiso,Grade 1 A,Term 3,2026,1900,Cash,CSH-58847,Lawrence Mutiso,2026-10-08,Monica Wanjiru
BP-2026-0182,ADM-1033,Daniel Noor,Grade 1 A,Term 1,2026,30000,M-PESA,QWH-13176,Emily Noor,2026-01-21,Rebecca Wanjala
BP-2026-0183,ADM-1033,Daniel Noor,Grade 1 A,Term 2,2026,15000,Cheque,CHQ-37763,Emily Noor,2026-05-19,Monica Wanjiru
BP-2026-0184,ADM-1033,Daniel Noor,Grade 1 A,Term 3,2026,3200,Cash,CSH-49724,Emily Noor,2026-09-27,Andreah Smithh
BP-2026-0185,ADM-1033,Daniel Noor,Grade 1 A,Term 3,2026,5800,M-PESA,QWH-15779,Emily Noor,2026-10-08,Andreah Smithh
BP-2026-0186,ADM-1034,Alice Metto,Grade 1 A,Term 1,2026,26400,M-PESA,QWH-39637,Harrison Metto,2026-01-26,Andreah Smithh
BP-2026-0187,ADM-1034,Alice Metto,Grade 1 A,Term 2,2026,4600,M-PESA,QWH-88534,Harrison Metto,2026-05-25,Andreah Smithh
BP-2026-0188,ADM-1034,Alice Metto,Grade 1 A,Term 2,2026,3200,Bank Transfer,RTN-53538,Harrison Metto,2026-05-24,Monica Wanjiru
BP-2026-0189,ADM-1034,Alice Metto,Grade 1 A,Term 2,2026,7200,Cheque,CHQ-42422,Harrison Metto,2026-06-16,Andreah Smithh
BP-2026-0190,ADM-1035,Maureen Muthoka,Grade 1 B,Term 1,2026,9100,Cash,CSH-90884,Zipporah Muthoka,2026-01-17,Monica Wanjiru
BP-2026-0191,ADM-1035,Maureen Muthoka,Grade 1 B,Term 1,2026,20900,Bank Transfer,RTN-35523,Zipporah Muthoka,2026-01-24,Monica Wanjiru
BP-2026-0192,ADM-1035,Maureen Muthoka,Grade 1 B,Term 2,2026,4100,M-PESA,QWH-18069,Zipporah Muthoka,2026-05-07,Rebecca Wanjala
BP-2026-0193,ADM-1035,Maureen Muthoka,Grade 1 B,Term 2,2026,4200,M-PESA,QWH-47304,Zipporah Muthoka,2026-05-23,Andreah Smithh
BP-2026-0194,ADM-1035,Maureen Muthoka,Grade 1 B,Term 2,2026,6700,Cash,CSH-52148,Zipporah Muthoka,2026-06-23,Rebecca Wanjala
BP-2026-0195,ADM-1035,Maureen Muthoka,Grade 1 B,Term 3,2026,2900,M-PESA,QWH-63989,Zipporah Muthoka,2026-09-17,Andreah Smithh
BP-2026-0196,ADM-1035,Maureen Muthoka,Grade 1 B,Term 3,2026,1500,M-PESA,QWH-91551,Zipporah Muthoka,2026-10-17,Monica Wanjiru
BP-2026-0197,ADM-1035,Maureen Muthoka,Grade 1 B,Term 3,2026,2100,Bank Transfer,RTN-99436,Zipporah Muthoka,2026-10-12,Rebecca Wanjala
BP-2026-0198,ADM-1036,Alice Abdi,Grade 1 B,Term 1,2026,12200,Cash,CSH-13075,Andrew Abdi,2026-01-10,Monica Wanjiru
BP-2026-0199,ADM-1036,Alice Abdi,Grade 1 B,Term 1,2026,9600,Bank Transfer,RTN-22425,Andrew Abdi,2026-02-12,Monica Wanjiru
BP-2026-0200,ADM-1036,Alice Abdi,Grade 1 B,Term 1,2026,8200,Cheque,CHQ-70320,Andrew Abdi,2026-03-01,Andreah Smithh
BP-2026-0201,ADM-1036,Alice Abdi,Grade 1 B,Term 2,2026,4200,Cash,CSH-68965,Andrew Abdi,2026-05-31,Andreah Smithh
BP-2026-0202,ADM-1036,Alice Abdi,Grade 1 B,Term 2,2026,4200,M-PESA,QWH-34902,Andrew Abdi,2026-06-08,Monica Wanjiru
BP-2026-0203,ADM-1036,Alice Abdi,Grade 1 B,Term 2,2026,6600,Bank Transfer,RTN-45480,Andrew Abdi,2026-07-03,Rebecca Wanjala
BP-2026-0204,ADM-1036,Alice Abdi,Grade 1 B,Term 3,2026,9000,M-PESA,QWH-34073,Andrew Abdi,2026-09-12,Andreah Smithh
BP-2026-0205,ADM-1037,Kipchoge Akoth,Grade 1 B,Term 1,2026,7800,Cash,CSH-72724,Doreen Akoth,2026-01-22,Rebecca Wanjala
BP-2026-0206,ADM-1037,Kipchoge Akoth,Grade 1 B,Term 1,2026,7500,Cheque,CHQ-46942,Doreen Akoth,2026-01-25,Andreah Smithh
BP-2026-0207,ADM-1037,Kipchoge Akoth,Grade 1 B,Term 1,2026,14700,M-PESA,QWH-96715,Doreen Akoth,2026-02-11,Rebecca Wanjala
BP-2026-0208,ADM-1037,Kipchoge Akoth,Grade 1 B,Term 2,2026,15000,M-PESA,QWH-63979,Doreen Akoth,2026-05-10,Andreah Smithh
BP-2026-0209,ADM-1037,Kipchoge Akoth,Grade 1 B,Term 3,2026,4300,M-PESA,QWH-42187,Doreen Akoth,2026-09-15,Monica Wanjiru
BP-2026-0210,ADM-1037,Kipchoge Akoth,Grade 1 B,Term 3,2026,4700,Bank Transfer,RTN-45461,Doreen Akoth,2026-10-14,Monica Wanjiru
BP-2026-0211,ADM-1038,Abigail Yusuf,Grade 1 B,Term 1,2026,8400,Bank Transfer,RTN-20535,Peter Yusuf,2026-01-25,Monica Wanjiru
BP-2026-0212,ADM-1038,Abigail Yusuf,Grade 1 B,Term 1,2026,21600,Bank Transfer,RTN-24451,Peter Yusuf,2026-02-11,Rebecca Wanjala
BP-2026-0213,ADM-1038,Abigail Yusuf,Grade 1 B,Term 2,2026,7500,Cash,CSH-68542,Peter Yusuf,2026-05-23,Rebecca Wanjala
BP-2026-0214,ADM-1038,Abigail Yusuf,Grade 1 B,Term 2,2026,2000,Bank Transfer,RTN-17122,Peter Yusuf,2026-06-17,Andreah Smithh
BP-2026-0215,ADM-1038,Abigail Yusuf,Grade 1 B,Term 2,2026,5500,M-PESA,QWH-74227,Peter Yusuf,2026-06-19,Monica Wanjiru
BP-2026-0216,ADM-1038,Abigail Yusuf,Grade 1 B,Term 3,2026,5900,M-PESA,QWH-33353,Peter Yusuf,2026-09-21,Andreah Smithh
BP-2026-0217,ADM-1039,Peter Choge,Grade 1 B,Term 1,2026,11800,M-PESA,QWH-56782,Daniel Choge,2026-01-25,Monica Wanjiru
BP-2026-0218,ADM-1039,Peter Choge,Grade 1 B,Term 1,2026,9900,Bank Transfer,RTN-19511,Daniel Choge,2026-02-10,Monica Wanjiru
BP-2026-0219,ADM-1039,Peter Choge,Grade 1 B,Term 1,2026,8300,Cash,CSH-32307,Daniel Choge,2026-02-13,Rebecca Wanjala
BP-2026-0220,ADM-1039,Peter Choge,Grade 1 B,Term 2,2026,6300,Cheque,CHQ-30883,Daniel Choge,2026-05-13,Rebecca Wanjala
BP-2026-0221,ADM-1039,Peter Choge,Grade 1 B,Term 2,2026,8700,M-PESA,QWH-82038,Daniel Choge,2026-06-20,Andreah Smithh
BP-2026-0222,ADM-1039,Peter Choge,Grade 1 B,Term 3,2026,3400,M-PESA,QWH-73480,Daniel Choge,2026-09-20,Rebecca Wanjala
BP-2026-0223,ADM-1040,Joshua Nzioka,Grade 1 B,Term 1,2026,9500,M-PESA,QWH-54616,Moses Nzioka,2026-01-17,Rebecca Wanjala
BP-2026-0224,ADM-1040,Joshua Nzioka,Grade 1 B,Term 1,2026,6100,Cheque,CHQ-65317,Moses Nzioka,2026-02-01,Andreah Smithh
BP-2026-0225,ADM-1040,Joshua Nzioka,Grade 1 B,Term 1,2026,14400,Bank Transfer,RTN-60008,Moses Nzioka,2026-03-02,Rebecca Wanjala
BP-2026-0226,ADM-1040,Joshua Nzioka,Grade 1 B,Term 2,2026,4700,Cheque,CHQ-23062,Moses Nzioka,2026-05-20,Rebecca Wanjala
BP-2026-0227,ADM-1040,Joshua Nzioka,Grade 1 B,Term 2,2026,5300,M-PESA,QWH-32660,Moses Nzioka,2026-06-05,Rebecca Wanjala
BP-2026-0228,ADM-1040,Joshua Nzioka,Grade 1 B,Term 2,2026,5000,Cheque,CHQ-21243,Moses Nzioka,2026-06-12,Andreah Smithh
BP-2026-0229,ADM-1040,Joshua Nzioka,Grade 1 B,Term 3,2026,2800,M-PESA,QWH-81967,Moses Nzioka,2026-09-26,Monica Wanjiru
BP-2026-0230,ADM-1040,Joshua Nzioka,Grade 1 B,Term 3,2026,1800,Bank Transfer,RTN-46246,Moses Nzioka,2026-10-10,Rebecca Wanjala
BP-2026-0231,ADM-1040,Joshua Nzioka,Grade 1 B,Term 3,2026,1600,Cheque,CHQ-93864,Moses Nzioka,2026-10-15,Rebecca Wanjala
BP-2026-0232,ADM-1041,Winnie Suleiman,Grade 1 B,Term 1,2026,14700,Cheque,CHQ-93890,Charity Suleiman,2026-01-22,Andreah Smithh
BP-2026-0233,ADM-1041,Winnie Suleiman,Grade 1 B,Term 1,2026,6200,Bank Transfer,RTN-16313,Charity Suleiman,2026-01-31,Andreah Smithh
BP-2026-0234,ADM-1041,Winnie Suleiman,Grade 1 B,Term 1,2026,5000,M-PESA,QWH-17223,Charity Suleiman,2026-02-18,Andreah Smithh
BP-2026-0235,ADM-1041,Winnie Suleiman,Grade 1 B,Term 1,2026,7100,Bank Transfer,RTN-38816,Charity Suleiman,2026-03-09,Andreah Smithh
BP-2026-0236,ADM-1041,Winnie Suleiman,Grade 1 B,Term 2,2026,5900,Bank Transfer,RTN-84919,Charity Suleiman,2026-06-01,Monica Wanjiru
BP-2026-0237,ADM-1041,Winnie Suleiman,Grade 1 B,Term 3,2026,5100,Bank Transfer,RTN-60950,Charity Suleiman,2026-09-16,Rebecca Wanjala
BP-2026-0238,ADM-1042,John Pekeri,Grade 1 B,Term 1,2026,15300,M-PESA,QWH-31170,Alex Pekeri,2026-01-30,Monica Wanjiru
BP-2026-0239,ADM-1042,John Pekeri,Grade 1 B,Term 1,2026,6300,M-PESA,QWH-96065,Alex Pekeri,2026-02-08,Rebecca Wanjala
BP-2026-0240,ADM-1042,John Pekeri,Grade 1 B,Term 1,2026,8400,Cash,CSH-28746,Alex Pekeri,2026-02-05,Monica Wanjiru
BP-2026-0241,ADM-1042,John Pekeri,Grade 1 B,Term 2,2026,5200,Cash,CSH-92247,Alex Pekeri,2026-05-23,Monica Wanjiru
BP-2026-0242,ADM-1042,John Pekeri,Grade 1 B,Term 2,2026,9800,Cash,CSH-92083,Alex Pekeri,2026-06-19,Rebecca Wanjala
BP-2026-0243,ADM-1042,John Pekeri,Grade 1 B,Term 3,2026,2300,Cheque,CHQ-96822,Alex Pekeri,2026-09-19,Rebecca Wanjala
BP-2026-0244,ADM-1042,John Pekeri,Grade 1 B,Term 3,2026,4400,M-PESA,QWH-95339,Alex Pekeri,2026-10-07,Rebecca Wanjala
BP-2026-0245,ADM-1043,Judith Njuguna,Grade 1 B,Term 1,2026,13700,Bank Transfer,RTN-13130,Nathaniel Njuguna,2026-01-07,Rebecca Wanjala
BP-2026-0246,ADM-1043,Judith Njuguna,Grade 1 B,Term 1,2026,5400,M-PESA,QWH-13863,Nathaniel Njuguna,2026-02-01,Andreah Smithh
BP-2026-0247,ADM-1043,Judith Njuguna,Grade 1 B,Term 1,2026,11900,M-PESA,QWH-55316,Nathaniel Njuguna,2026-02-10,Rebecca Wanjala
BP-2026-0248,ADM-1043,Judith Njuguna,Grade 1 B,Term 2,2026,5700,Cash,CSH-78175,Nathaniel Njuguna,2026-05-06,Andreah Smithh
BP-2026-0249,ADM-1043,Judith Njuguna,Grade 1 B,Term 2,2026,2800,M-PESA,QWH-30125,Nathaniel Njuguna,2026-05-28,Andreah Smithh
BP-2026-0250,ADM-1043,Judith Njuguna,Grade 1 B,Term 2,2026,5500,Cash,CSH-35112,Nathaniel Njuguna,2026-06-16,Rebecca Wanjala
BP-2026-0251,ADM-1043,Judith Njuguna,Grade 1 B,Term 3,2026,4800,Cash,CSH-80937,Nathaniel Njuguna,2026-10-05,Andreah Smithh
BP-2026-0252,ADM-1043,Judith Njuguna,Grade 1 B,Term 3,2026,1800,Cash,CSH-62661,Nathaniel Njuguna,2026-10-02,Andreah Smithh
BP-2026-0253,ADM-1043,Judith Njuguna,Grade 1 B,Term 3,2026,2400,M-PESA,QWH-14957,Nathaniel Njuguna,2026-10-31,Rebecca Wanjala
BP-2026-0254,ADM-1044,Joyce Mutoro,Grade 1 B,Term 1,2026,13800,M-PESA,QWH-18692,Kennedy Mutoro,2026-01-24,Andreah Smithh
BP-2026-0255,ADM-1044,Joyce Mutoro,Grade 1 B,Term 2,2026,8200,Bank Transfer,RTN-49176,Kennedy Mutoro,2026-05-07,Rebecca Wanjala
BP-2026-0256,ADM-1044,Joyce Mutoro,Grade 1 B,Term 2,2026,3100,Cash,CSH-85716,Kennedy Mutoro,2026-06-13,Monica Wanjiru
BP-2026-0257,ADM-1044,Joyce Mutoro,Grade 1 B,Term 2,2026,7700,Bank Transfer,RTN-30508,Kennedy Mutoro,2026-06-20,Rebecca Wanjala
BP-2026-0258,ADM-1044,Joyce Mutoro,Grade 1 B,Term 3,2026,5000,Bank Transfer,RTN-83458,Kennedy Mutoro,2026-10-02,Monica Wanjiru
BP-2026-0259,ADM-1045,Yvonne Choge,Grade 1 B,Term 1,2026,5100,Bank Transfer,RTN-25161,Kennedy Choge,2026-01-30,Rebecca Wanjala
BP-2026-0260,ADM-1045,Yvonne Choge,Grade 1 B,Term 1,2026,3100,Bank Transfer,RTN-11454,Kennedy Choge,2026-01-24,Andreah Smithh
BP-2026-0261,ADM-1045,Yvonne Choge,Grade 1 B,Term 1,2026,6500,Cash,CSH-27053,Kennedy Choge,2026-02-19,Andreah Smithh
BP-2026-0262,ADM-1045,Yvonne Choge,Grade 1 B,Term 2,2026,4100,Bank Transfer,RTN-84950,Kennedy Choge,2026-05-15,Andreah Smithh
BP-2026-0263,ADM-1045,Yvonne Choge,Grade 1 B,Term 2,2026,5900,Cash,CSH-92693,Kennedy Choge,2026-06-06,Rebecca Wanjala
BP-2026-0264,ADM-1045,Yvonne Choge,Grade 1 B,Term 2,2026,5000,Cash,CSH-60797,Kennedy Choge,2026-06-27,Monica Wanjiru
BP-2026-0265,ADM-1045,Yvonne Choge,Grade 1 B,Term 3,2026,2800,M-PESA,QWH-33718,Kennedy Choge,2026-09-13,Monica Wanjiru
BP-2026-0266,ADM-1045,Yvonne Choge,Grade 1 B,Term 3,2026,3000,M-PESA,QWH-93997,Kennedy Choge,2026-10-11,Monica Wanjiru
BP-2026-0267,ADM-1045,Yvonne Choge,Grade 1 B,Term 3,2026,3200,M-PESA,QWH-76729,Kennedy Choge,2026-10-21,Monica Wanjiru
BP-2026-0268,ADM-1046,Timothy Khisa,Grade 1 B,Term 1,2026,9800,M-PESA,QWH-48010,Simon Khisa,2026-01-20,Monica Wanjiru
BP-2026-0269,ADM-1046,Timothy Khisa,Grade 1 B,Term 1,2026,5200,M-PESA,QWH-31405,Simon Khisa,2026-02-11,Andreah Smithh
BP-2026-0270,ADM-1046,Timothy Khisa,Grade 1 B,Term 1,2026,15000,M-PESA,QWH-61550,Simon Khisa,2026-02-14,Monica Wanjiru
BP-2026-0271,ADM-1046,Timothy Khisa,Grade 1 B,Term 2,2026,3200,Bank Transfer,RTN-42894,Simon Khisa,2026-05-10,Rebecca Wanjala
BP-2026-0272,ADM-1046,Timothy Khisa,Grade 1 B,Term 2,2026,1600,Cash,CSH-75835,Simon Khisa,2026-06-07,Monica Wanjiru
BP-2026-0273,ADM-1046,Timothy Khisa,Grade 1 B,Term 2,2026,2400,Cash,CSH-59805,Simon Khisa,2026-06-24,Monica Wanjiru
BP-2026-0274,ADM-1046,Timothy Khisa,Grade 1 B,Term 3,2026,3400,Cash,CSH-75055,Simon Khisa,2026-09-29,Andreah Smithh
BP-2026-0275,ADM-1047,Charles Njeru,Grade 1 B,Term 1,2026,30000,M-PESA,QWH-42995,Caleb Njeru,2026-01-18,Rebecca Wanjala
BP-2026-0276,ADM-1047,Charles Njeru,Grade 1 B,Term 2,2026,5100,Cash,CSH-69438,Caleb Njeru,2026-05-28,Rebecca Wanjala
BP-2026-0277,ADM-1047,Charles Njeru,Grade 1 B,Term 2,2026,4800,Cheque,CHQ-98646,Caleb Njeru,2026-05-27,Monica Wanjiru
BP-2026-0278,ADM-1047,Charles Njeru,Grade 1 B,Term 2,2026,5100,M-PESA,QWH-56032,Caleb Njeru,2026-06-29,Andreah Smithh
BP-2026-0279,ADM-1048,Vincent Wamalwa,Grade 1 B,Term 1,2026,14900,Cash,CSH-25970,Lawrence Wamalwa,2026-01-08,Rebecca Wanjala
BP-2026-0280,ADM-1048,Vincent Wamalwa,Grade 1 B,Term 1,2026,15100,Cheque,CHQ-46794,Lawrence Wamalwa,2026-02-14,Andreah Smithh
BP-2026-0281,ADM-1048,Vincent Wamalwa,Grade 1 B,Term 2,2026,4200,M-PESA,QWH-78864,Lawrence Wamalwa,2026-05-14,Andreah Smithh
BP-2026-0282,ADM-1048,Vincent Wamalwa,Grade 1 B,Term 2,2026,10800,M-PESA,QWH-24029,Lawrence Wamalwa,2026-05-27,Andreah Smithh
BP-2026-0283,ADM-1048,Vincent Wamalwa,Grade 1 B,Term 3,2026,9000,Cash,CSH-45962,Lawrence Wamalwa,2026-09-28,Andreah Smithh
BP-2026-0284,ADM-1049,Isaac Mwirigi,Grade 1 B,Term 1,2026,21000,Cash,CSH-31688,Nathaniel Mwirigi,2026-01-25,Monica Wanjiru
BP-2026-0285,ADM-1049,Isaac Mwirigi,Grade 1 B,Term 1,2026,10700,Bank Transfer,RTN-13182,Nathaniel Mwirigi,2026-02-10,Monica Wanjiru
BP-2026-0286,ADM-1049,Isaac Mwirigi,Grade 1 B,Term 1,2026,12300,Bank Transfer,RTN-19987,Nathaniel Mwirigi,2026-02-24,Rebecca Wanjala
BP-2026-0287,ADM-1049,Isaac Mwirigi,Grade 1 B,Term 2,2026,15600,Cheque,CHQ-45708,Nathaniel Mwirigi,2026-05-25,Rebecca Wanjala
BP-2026-0288,ADM-1049,Isaac Mwirigi,Grade 1 B,Term 2,2026,13400,Cash,CSH-47484,Nathaniel Mwirigi,2026-06-02,Andreah Smithh
BP-2026-0289,ADM-1049,Isaac Mwirigi,Grade 1 B,Term 3,2026,9000,Cash,CSH-44052,Nathaniel Mwirigi,2026-09-11,Andreah Smithh
BP-2026-0290,ADM-1050,David Kaelo,Grade 1 B,Term 1,2026,8000,M-PESA,QWH-82590,Diana Kaelo,2026-02-01,Andreah Smithh
BP-2026-0291,ADM-1050,David Kaelo,Grade 1 B,Term 1,2026,22000,M-PESA,QWH-72654,Diana Kaelo,2026-02-01,Monica Wanjiru
BP-2026-0292,ADM-1050,David Kaelo,Grade 1 B,Term 2,2026,15000,Cash,CSH-66828,Diana Kaelo,2026-05-30,Rebecca Wanjala
BP-2026-0293,ADM-1050,David Kaelo,Grade 1 B,Term 3,2026,2700,Cash,CSH-28924,Diana Kaelo,2026-09-24,Monica Wanjiru
BP-2026-0294,ADM-1050,David Kaelo,Grade 1 B,Term 3,2026,3200,M-PESA,QWH-14892,Diana Kaelo,2026-10-02,Andreah Smithh
BP-2026-0295,ADM-1050,David Kaelo,Grade 1 B,Term 3,2026,3100,Bank Transfer,RTN-97819,Diana Kaelo,2026-10-25,Rebecca Wanjala
BP-2026-0296,ADM-1051,Purity Kioko,Grade 1 B,Term 1,2026,10900,M-PESA,QWH-99345,Isaac Kioko,2026-01-17,Monica Wanjiru
BP-2026-0297,ADM-1051,Purity Kioko,Grade 1 B,Term 1,2026,19100,Bank Transfer,RTN-12965,Isaac Kioko,2026-01-26,Andreah Smithh
BP-2026-0298,ADM-1051,Purity Kioko,Grade 1 B,Term 2,2026,6600,Bank Transfer,RTN-13084,Isaac Kioko,2026-05-13,Monica Wanjiru
BP-2026-0299,ADM-1051,Purity Kioko,Grade 1 B,Term 2,2026,8400,M-PESA,QWH-32674,Isaac Kioko,2026-06-12,Andreah Smithh
BP-2026-0300,ADM-1052,Thomas Korir,Grade 1 B,Term 1,2026,30000,Cash,CSH-60134,Caleb Korir,2026-01-29,Andreah Smithh
BP-2026-0301,ADM-1052,Thomas Korir,Grade 1 B,Term 2,2026,15000,Cash,CSH-96679,Caleb Korir,2026-05-12,Andreah Smithh
BP-2026-0302,ADM-1052,Thomas Korir,Grade 1 B,Term 3,2026,2900,Cash,CSH-30032,Caleb Korir,2026-09-30,Rebecca Wanjala
BP-2026-0303,ADM-1052,Thomas Korir,Grade 1 B,Term 3,2026,3100,Cash,CSH-61213,Caleb Korir,2026-09-29,Monica Wanjiru
BP-2026-0304,ADM-1052,Thomas Korir,Grade 1 B,Term 3,2026,3000,Bank Transfer,RTN-90945,Caleb Korir,2026-10-18,Rebecca Wanjala
BP-2026-0305,ADM-1053,Zachary Omollo,Grade 1 B,Term 1,2026,26700,M-PESA,QWH-63110,John Omollo,2026-01-19,Rebecca Wanjala
BP-2026-0306,ADM-1053,Zachary Omollo,Grade 1 B,Term 2,2026,4300,Bank Transfer,RTN-79598,John Omollo,2026-05-12,Monica Wanjiru
BP-2026-0307,ADM-1053,Zachary Omollo,Grade 1 B,Term 2,2026,3400,Cash,CSH-59355,John Omollo,2026-06-10,Monica Wanjiru
BP-2026-0308,ADM-1053,Zachary Omollo,Grade 1 B,Term 2,2026,4300,M-PESA,QWH-16392,John Omollo,2026-06-25,Rebecca Wanjala
BP-2026-0309,ADM-1053,Zachary Omollo,Grade 1 B,Term 3,2026,1700,Bank Transfer,RTN-19822,John Omollo,2026-09-18,Andreah Smithh
BP-2026-0310,ADM-1053,Zachary Omollo,Grade 1 B,Term 3,2026,2600,Cash,CSH-28902,John Omollo,2026-09-29,Andreah Smithh
BP-2026-0311,ADM-1054,Sharon Kombo,Grade 1 B,Term 1,2026,9000,Bank Transfer,RTN-98283,Godfrey Kombo,2026-01-31,Monica Wanjiru
BP-2026-0312,ADM-1054,Sharon Kombo,Grade 1 B,Term 1,2026,6300,Cheque,CHQ-56774,Godfrey Kombo,2026-02-07,Rebecca Wanjala
BP-2026-0313,ADM-1054,Sharon Kombo,Grade 1 B,Term 1,2026,14700,M-PESA,QWH-25953,Godfrey Kombo,2026-02-17,Monica Wanjiru
BP-2026-0314,ADM-1054,Sharon Kombo,Grade 1 B,Term 2,2026,6600,M-PESA,QWH-80620,Godfrey Kombo,2026-05-14,Rebecca Wanjala
BP-2026-0315,ADM-1054,Sharon Kombo,Grade 1 B,Term 2,2026,3900,Bank Transfer,RTN-89051,Godfrey Kombo,2026-05-31,Monica Wanjiru
BP-2026-0316,ADM-1054,Sharon Kombo,Grade 1 B,Term 2,2026,4500,Cheque,CHQ-84041,Godfrey Kombo,2026-06-22,Rebecca Wanjala
BP-2026-0317,ADM-1055,Luke Bunoro,Grade 1 B,Term 1,2026,21500,Cash,CSH-10225,Alex Bunoro,2026-01-30,Monica Wanjiru
BP-2026-0318,ADM-1055,Luke Bunoro,Grade 1 B,Term 1,2026,9800,M-PESA,QWH-64756,Alex Bunoro,2026-02-01,Andreah Smithh
BP-2026-0319,ADM-1055,Luke Bunoro,Grade 1 B,Term 1,2026,13700,Bank Transfer,RTN-24802,Alex Bunoro,2026-03-03,Rebecca Wanjala
BP-2026-0320,ADM-1055,Luke Bunoro,Grade 1 B,Term 2,2026,11200,Cheque,CHQ-53980,Alex Bunoro,2026-06-03,Monica Wanjiru
BP-2026-0321,ADM-1055,Luke Bunoro,Grade 1 B,Term 2,2026,18800,Bank Transfer,RTN-20479,Alex Bunoro,2026-06-11,Rebecca Wanjala
BP-2026-0322,ADM-1055,Luke Bunoro,Grade 1 B,Term 3,2026,6400,Cash,CSH-95401,Alex Bunoro,2026-09-13,Rebecca Wanjala
BP-2026-0323,ADM-1055,Luke Bunoro,Grade 1 B,Term 3,2026,17600,Cash,CSH-13575,Alex Bunoro,2026-10-16,Monica Wanjiru
BP-2026-0324,ADM-1056,Dorcas Nassor,Grade 1 B,Term 1,2026,13200,M-PESA,QWH-28256,Ian Nassor,2026-01-22,Rebecca Wanjala
BP-2026-0325,ADM-1056,Dorcas Nassor,Grade 1 B,Term 1,2026,6400,M-PESA,QWH-31317,Ian Nassor,2026-02-04,Monica Wanjiru
BP-2026-0326,ADM-1056,Dorcas Nassor,Grade 1 B,Term 1,2026,10400,Bank Transfer,RTN-83504,Ian Nassor,2026-02-26,Andreah Smithh
BP-2026-0327,ADM-1056,Dorcas Nassor,Grade 1 B,Term 2,2026,5100,Bank Transfer,RTN-21743,Ian Nassor,2026-05-24,Rebecca Wanjala
BP-2026-0328,ADM-1056,Dorcas Nassor,Grade 1 B,Term 2,2026,3900,Cheque,CHQ-32888,Ian Nassor,2026-06-08,Monica Wanjiru
BP-2026-0329,ADM-1056,Dorcas Nassor,Grade 1 B,Term 2,2026,6000,M-PESA,QWH-66579,Ian Nassor,2026-06-11,Monica Wanjiru
BP-2026-0330,ADM-1057,Wesley Bakari,Grade 1 B,Term 1,2026,15100,M-PESA,QWH-70478,George Bakari,2026-01-23,Andreah Smithh
BP-2026-0331,ADM-1057,Wesley Bakari,Grade 1 B,Term 1,2026,6500,M-PESA,QWH-86994,George Bakari,2026-01-22,Monica Wanjiru
BP-2026-0332,ADM-1057,Wesley Bakari,Grade 1 B,Term 1,2026,8400,Bank Transfer,RTN-14726,George Bakari,2026-02-26,Monica Wanjiru
BP-2026-0333,ADM-1057,Wesley Bakari,Grade 1 B,Term 2,2026,15000,M-PESA,QWH-87432,George Bakari,2026-05-12,Rebecca Wanjala
BP-2026-0334,ADM-1057,Wesley Bakari,Grade 1 B,Term 3,2026,3700,Bank Transfer,RTN-29865,George Bakari,2026-09-17,Rebecca Wanjala
BP-2026-0335,ADM-1057,Wesley Bakari,Grade 1 B,Term 3,2026,3100,M-PESA,QWH-93247,George Bakari,2026-10-09,Andreah Smithh
BP-2026-0336,ADM-1058,Winfred Odera,Grade 1 B,Term 1,2026,30000,Cash,CSH-60788,Lawrence Odera,2026-01-27,Andreah Smithh
BP-2026-0337,ADM-1058,Winfred Odera,Grade 1 B,Term 2,2026,7000,M-PESA,QWH-68739,Lawrence Odera,2026-05-11,Andreah Smithh
BP-2026-0338,ADM-1058,Winfred Odera,Grade 1 B,Term 2,2026,2700,M-PESA,QWH-98847,Lawrence Odera,2026-06-07,Andreah Smithh
BP-2026-0339,ADM-1058,Winfred Odera,Grade 1 B,Term 2,2026,5300,M-PESA,QWH-56158,Lawrence Odera,2026-06-28,Andreah Smithh
BP-2026-0340,ADM-1058,Winfred Odera,Grade 1 B,Term 3,2026,3500,M-PESA,QWH-79036,Lawrence Odera,2026-09-28,Rebecca Wanjala
BP-2026-0341,ADM-1058,Winfred Odera,Grade 1 B,Term 3,2026,1100,Bank Transfer,RTN-39532,Lawrence Odera,2026-10-16,Monica Wanjiru
BP-2026-0342,ADM-1058,Winfred Odera,Grade 1 B,Term 3,2026,1900,Bank Transfer,RTN-66201,Lawrence Odera,2026-10-16,Rebecca Wanjala
BP-2026-0343,ADM-1059,Trevor Syombua,Grade 1 B,Term 1,2026,15400,M-PESA,QWH-71767,Patrick Syombua,2026-01-16,Monica Wanjiru
BP-2026-0344,ADM-1059,Trevor Syombua,Grade 1 B,Term 1,2026,7500,Bank Transfer,RTN-91756,Patrick Syombua,2026-02-14,Rebecca Wanjala
BP-2026-0345,ADM-1059,Trevor Syombua,Grade 1 B,Term 1,2026,4400,M-PESA,QWH-44087,Patrick Syombua,2026-03-01,Rebecca Wanjala
BP-2026-0346,ADM-1059,Trevor Syombua,Grade 1 B,Term 1,2026,4700,Bank Transfer,RTN-50896,Patrick Syombua,2026-03-04,Rebecca Wanjala
BP-2026-0347,ADM-1059,Trevor Syombua,Grade 1 B,Term 2,2026,3500,Cash,CSH-97587,Patrick Syombua,2026-06-01,Andreah Smithh
BP-2026-0348,ADM-1059,Trevor Syombua,Grade 1 B,Term 2,2026,9500,M-PESA,QWH-93807,Patrick Syombua,2026-06-10,Monica Wanjiru
BP-2026-0349,ADM-1059,Trevor Syombua,Grade 1 B,Term 3,2026,1500,M-PESA,QWH-21662,Patrick Syombua,2026-09-13,Monica Wanjiru
BP-2026-0350,ADM-1059,Trevor Syombua,Grade 1 B,Term 3,2026,800,Bank Transfer,RTN-91058,Patrick Syombua,2026-10-15,Monica Wanjiru
BP-2026-0351,ADM-1059,Trevor Syombua,Grade 1 B,Term 3,2026,1600,Cheque,CHQ-83297,Patrick Syombua,2026-10-21,Andreah Smithh
BP-2026-0352,ADM-1060,Nancy Musalia,Grade 1 B,Term 1,2026,30000,M-PESA,QWH-57797,Elijah Musalia,2026-01-07,Rebecca Wanjala
BP-2026-0353,ADM-1060,Nancy Musalia,Grade 1 B,Term 2,2026,4500,M-PESA,QWH-50902,Elijah Musalia,2026-05-17,Andreah Smithh
BP-2026-0354,ADM-1060,Nancy Musalia,Grade 1 B,Term 2,2026,5500,Cash,CSH-41433,Elijah Musalia,2026-06-19,Rebecca Wanjala
BP-2026-0355,ADM-1060,Nancy Musalia,Grade 1 B,Term 2,2026,5000,M-PESA,QWH-99912,Elijah Musalia,2026-06-11,Andreah Smithh
BP-2026-0356,ADM-1060,Nancy Musalia,Grade 1 B,Term 3,2026,3500,M-PESA,QWH-19411,Elijah Musalia,2026-09-20,Monica Wanjiru
BP-2026-0357,ADM-1060,Nancy Musalia,Grade 1 B,Term 3,2026,1400,Bank Transfer,RTN-76448,Elijah Musalia,2026-10-09,Andreah Smithh
BP-2026-0358,ADM-1060,Nancy Musalia,Grade 1 B,Term 3,2026,1900,M-PESA,QWH-16934,Elijah Musalia,2026-10-12,Andreah Smithh
BP-2026-0359,ADM-1061,Eric Chepkirui,Grade 1 B,Term 1,2026,9500,Bank Transfer,RTN-74472,Caleb Chepkirui,2026-01-19,Rebecca Wanjala
BP-2026-0360,ADM-1061,Eric Chepkirui,Grade 1 B,Term 1,2026,20500,M-PESA,QWH-62236,Caleb Chepkirui,2026-02-12,Monica Wanjiru
BP-2026-0361,ADM-1061,Eric Chepkirui,Grade 1 B,Term 2,2026,4000,M-PESA,QWH-54966,Caleb Chepkirui,2026-05-27,Monica Wanjiru
BP-2026-0362,ADM-1061,Eric Chepkirui,Grade 1 B,Term 2,2026,11000,Cheque,CHQ-63483,Caleb Chepkirui,2026-05-23,Monica Wanjiru
BP-2026-0363,ADM-1061,Eric Chepkirui,Grade 1 B,Term 3,2026,1400,M-PESA,QWH-87052,Caleb Chepkirui,2026-09-11,Rebecca Wanjala
BP-2026-0364,ADM-1061,Eric Chepkirui,Grade 1 B,Term 3,2026,3900,Cash,CSH-24847,Caleb Chepkirui,2026-10-09,Rebecca Wanjala
BP-2026-0365,ADM-1062,Faith Owino,Grade 1 B,Term 1,2026,8600,M-PESA,QWH-74481,Kevin Owino,2026-01-17,Andreah Smithh
BP-2026-0366,ADM-1062,Faith Owino,Grade 1 B,Term 1,2026,21400,Cheque,CHQ-29786,Kevin Owino,2026-02-05,Monica Wanjiru
BP-2026-0367,ADM-1062,Faith Owino,Grade 1 B,Term 2,2026,5900,Bank Transfer,RTN-38922,Kevin Owino,2026-06-04,Andreah Smithh
BP-2026-0368,ADM-1062,Faith Owino,Grade 1 B,Term 2,2026,9100,Cash,CSH-99903,Kevin Owino,2026-05-26,Andreah Smithh
BP-2026-0369,ADM-1062,Faith Owino,Grade 1 B,Term 3,2026,2000,M-PESA,QWH-54709,Kevin Owino,2026-09-20,Monica Wanjiru
BP-2026-0370,ADM-1062,Faith Owino,Grade 1 B,Term 3,2026,3400,Bank Transfer,RTN-58357,Kevin Owino,2026-10-10,Rebecca Wanjala
BP-2026-0371,ADM-1063,Julia Kaelo,Grade 1 B,Term 1,2026,30000,Cheque,CHQ-93093,Lilian Kaelo,2026-01-24,Andreah Smithh
BP-2026-0372,ADM-1063,Julia Kaelo,Grade 1 B,Term 2,2026,15000,Bank Transfer,RTN-15865,Lilian Kaelo,2026-05-31,Rebecca Wanjala
BP-2026-0373,ADM-1063,Julia Kaelo,Grade 1 B,Term 3,2026,900,Cash,CSH-50564,Lilian Kaelo,2026-10-02,Andreah Smithh
BP-2026-0374,ADM-1063,Julia Kaelo,Grade 1 B,Term 3,2026,2500,Cash,CSH-86482,Lilian Kaelo,2026-09-27,Monica Wanjiru
BP-2026-0375,ADM-1064,Andrew Suleiman,Grade 1 B,Term 1,2026,13800,M-PESA,QWH-35277,Beth Suleiman,2026-01-26,Monica Wanjiru
BP-2026-0376,ADM-1064,Andrew Suleiman,Grade 1 B,Term 1,2026,7200,Cash,CSH-64602,Beth Suleiman,2026-02-13,Andreah Smithh
BP-2026-0377,ADM-1064,Andrew Suleiman,Grade 1 B,Term 1,2026,3900,Cash,CSH-51629,Beth Suleiman,2026-02-19,Andreah Smithh
BP-2026-0378,ADM-1064,Andrew Suleiman,Grade 1 B,Term 1,2026,6100,Bank Transfer,RTN-76891,Beth Suleiman,2026-02-25,Monica Wanjiru
BP-2026-0379,ADM-1064,Andrew Suleiman,Grade 1 B,Term 2,2026,14000,Cash,CSH-44009,Beth Suleiman,2026-05-26,Rebecca Wanjala
BP-2026-0380,ADM-1064,Andrew Suleiman,Grade 1 B,Term 3,2026,4800,Cash,CSH-68855,Beth Suleiman,2026-09-11,Andreah Smithh
BP-2026-0381,ADM-1065,Julius Mutiso,Grade 1 B,Term 1,2026,15600,M-PESA,QWH-21184,Frank Mutiso,2026-01-14,Rebecca Wanjala
BP-2026-0382,ADM-1065,Julius Mutiso,Grade 1 B,Term 1,2026,5200,M-PESA,QWH-64979,Frank Mutiso,2026-01-25,Andreah Smithh
BP-2026-0383,ADM-1065,Julius Mutiso,Grade 1 B,Term 1,2026,9200,M-PESA,QWH-14084,Frank Mutiso,2026-02-26,Monica Wanjiru
BP-2026-0384,ADM-1065,Julius Mutiso,Grade 1 B,Term 2,2026,8200,M-PESA,QWH-92785,Frank Mutiso,2026-05-15,Andreah Smithh
BP-2026-0385,ADM-1065,Julius Mutiso,Grade 1 B,Term 2,2026,6800,M-PESA,QWH-94584,Frank Mutiso,2026-06-17,Monica Wanjiru
BP-2026-0386,ADM-1066,Nancy Abdi,Grade 1 B,Term 1,2026,9400,Bank Transfer,RTN-62827,Karen Abdi,2026-01-09,Monica Wanjiru
BP-2026-0387,ADM-1066,Nancy Abdi,Grade 1 B,Term 1,2026,22600,Bank Transfer,RTN-29529,Karen Abdi,2026-02-08,Rebecca Wanjala
BP-2026-0388,ADM-1066,Nancy Abdi,Grade 1 B,Term 2,2026,13000,M-PESA,QWH-11163,Karen Abdi,2026-06-02,Rebecca Wanjala
BP-2026-0389,ADM-1066,Nancy Abdi,Grade 1 B,Term 3,2026,2500,M-PESA,QWH-12668,Karen Abdi,2026-09-23,Monica Wanjiru
BP-2026-0390,ADM-1066,Nancy Abdi,Grade 1 B,Term 3,2026,2100,Bank Transfer,RTN-50398,Karen Abdi,2026-09-26,Monica Wanjiru
BP-2026-0391,ADM-1067,Joyce Kitonga,Grade 1 B,Term 1,2026,30000,M-PESA,QWH-48424,Anthony Kitonga,2026-01-10,Monica Wanjiru
BP-2026-0392,ADM-1067,Joyce Kitonga,Grade 1 B,Term 2,2026,15000,Bank Transfer,RTN-51668,Anthony Kitonga,2026-05-24,Andreah Smithh
BP-2026-0393,ADM-1067,Joyce Kitonga,Grade 1 B,Term 3,2026,1500,M-PESA,QWH-83683,Anthony Kitonga,2026-09-27,Monica Wanjiru
BP-2026-0394,ADM-1067,Joyce Kitonga,Grade 1 B,Term 3,2026,3100,M-PESA,QWH-92633,Anthony Kitonga,2026-09-26,Rebecca Wanjala
BP-2026-0395,ADM-1068,Brenda Adan,Grade 1 C,Term 1,2026,17200,M-PESA,QWH-95997,Susan Adan,2026-01-26,Monica Wanjiru
BP-2026-0396,ADM-1068,Brenda Adan,Grade 1 C,Term 1,2026,14800,Bank Transfer,RTN-94329,Susan Adan,2026-02-15,Monica Wanjiru
BP-2026-0397,ADM-1068,Brenda Adan,Grade 1 C,Term 2,2026,13000,Cheque,CHQ-74549,Susan Adan,2026-05-17,Andreah Smithh
BP-2026-0398,ADM-1069,Purity Mwende,Grade 1 C,Term 1,2026,17700,M-PESA,QWH-37635,Edwin Mwende,2026-01-14,Monica Wanjiru
BP-2026-0399,ADM-1069,Purity Mwende,Grade 1 C,Term 1,2026,8500,M-PESA,QWH-76847,Edwin Mwende,2026-02-04,Rebecca Wanjala
BP-2026-0400,ADM-1069,Purity Mwende,Grade 1 C,Term 1,2026,17800,M-PESA,QWH-69439,Edwin Mwende,2026-03-04,Rebecca Wanjala
BP-2026-0401,ADM-1069,Purity Mwende,Grade 1 C,Term 2,2026,30000,Cash,CSH-69512,Edwin Mwende,2026-05-24,Rebecca Wanjala
BP-2026-0402,ADM-1069,Purity Mwende,Grade 1 C,Term 3,2026,22000,Cheque,CHQ-85199,Edwin Mwende,2026-09-19,Monica Wanjiru
BP-2026-0403,ADM-1070,Judith Khisa,Grade 1 C,Term 1,2026,9500,Cheque,CHQ-17918,Amos Khisa,2026-01-30,Monica Wanjiru
BP-2026-0404,ADM-1070,Judith Khisa,Grade 1 C,Term 1,2026,9800,M-PESA,QWH-44164,Amos Khisa,2026-01-29,Rebecca Wanjala
BP-2026-0405,ADM-1070,Judith Khisa,Grade 1 C,Term 1,2026,10700,Cheque,CHQ-49922,Amos Khisa,2026-02-08,Andreah Smithh
BP-2026-0406,ADM-1070,Judith Khisa,Grade 1 C,Term 2,2026,4200,Cash,CSH-82593,Amos Khisa,2026-05-17,Andreah Smithh
BP-2026-0407,ADM-1070,Judith Khisa,Grade 1 C,Term 2,2026,3300,Bank Transfer,RTN-63111,Amos Khisa,2026-06-19,Rebecca Wanjala
BP-2026-0408,ADM-1070,Judith Khisa,Grade 1 C,Term 2,2026,7500,Bank Transfer,RTN-55227,Amos Khisa,2026-06-24,Rebecca Wanjala
BP-2026-0409,ADM-1070,Judith Khisa,Grade 1 C,Term 3,2026,3200,Cheque,CHQ-47915,Amos Khisa,2026-09-30,Monica Wanjiru
BP-2026-0410,ADM-1070,Judith Khisa,Grade 1 C,Term 3,2026,5800,Bank Transfer,RTN-34462,Amos Khisa,2026-09-27,Rebecca Wanjala
BP-2026-0411,ADM-1071,Stephen Wekesa,Grade 1 C,Term 1,2026,39000,M-PESA,QWH-77269,Charity Wekesa,2026-01-21,Rebecca Wanjala
BP-2026-0412,ADM-1071,Stephen Wekesa,Grade 1 C,Term 2,2026,8600,M-PESA,QWH-22365,Charity Wekesa,2026-05-21,Rebecca Wanjala
BP-2026-0413,ADM-1071,Stephen Wekesa,Grade 1 C,Term 2,2026,7400,Cheque,CHQ-62179,Charity Wekesa,2026-05-29,Monica Wanjiru
BP-2026-0414,ADM-1071,Stephen Wekesa,Grade 1 C,Term 2,2026,8000,Cheque,CHQ-63974,Charity Wekesa,2026-06-17,Monica Wanjiru
BP-2026-0415,ADM-1072,Martin Bunoro,Grade 1 C,Term 1,2026,12600,M-PESA,QWH-78538,Emmanuel Bunoro,2026-02-01,Monica Wanjiru
BP-2026-0416,ADM-1072,Martin Bunoro,Grade 1 C,Term 1,2026,8400,M-PESA,QWH-45138,Emmanuel Bunoro,2026-01-25,Rebecca Wanjala
BP-2026-0417,ADM-1072,Martin Bunoro,Grade 1 C,Term 1,2026,9000,Cash,CSH-27254,Emmanuel Bunoro,2026-02-16,Andreah Smithh
BP-2026-0418,ADM-1072,Martin Bunoro,Grade 1 C,Term 2,2026,6900,Cash,CSH-73244,Emmanuel Bunoro,2026-05-22,Rebecca Wanjala
BP-2026-0419,ADM-1072,Martin Bunoro,Grade 1 C,Term 2,2026,8100,Bank Transfer,RTN-65313,Emmanuel Bunoro,2026-06-04,Andreah Smithh
BP-2026-0420,ADM-1073,Cynthia Zawadi,Grade 1 C,Term 1,2026,30000,M-PESA,QWH-50524,Susan Zawadi,2026-01-31,Rebecca Wanjala
BP-2026-0421,ADM-1073,Cynthia Zawadi,Grade 1 C,Term 2,2026,15000,Bank Transfer,RTN-89373,Susan Zawadi,2026-06-01,Rebecca Wanjala
BP-2026-0422,ADM-1073,Cynthia Zawadi,Grade 1 C,Term 3,2026,3400,Cash,CSH-74216,Susan Zawadi,2026-09-19,Monica Wanjiru
BP-2026-0423,ADM-1073,Cynthia Zawadi,Grade 1 C,Term 3,2026,2100,Cash,CSH-63805,Susan Zawadi,2026-09-29,Monica Wanjiru
BP-2026-0424,ADM-1073,Cynthia Zawadi,Grade 1 C,Term 3,2026,3500,Cash,CSH-92712,Susan Zawadi,2026-10-12,Andreah Smithh
BP-2026-0425,ADM-1074,Hillary Njenga,Grade 1 C,Term 1,2026,16200,Bank Transfer,RTN-76535,Frank Njenga,2026-01-26,Rebecca Wanjala
BP-2026-0426,ADM-1074,Hillary Njenga,Grade 1 C,Term 1,2026,14800,M-PESA,QWH-49523,Frank Njenga,2026-01-26,Andreah Smithh
BP-2026-0427,ADM-1075,Amara Mugambi,Grade 1 C,Term 1,2026,13200,M-PESA,QWH-38012,Sophia Mugambi,2026-01-10,Monica Wanjiru
BP-2026-0428,ADM-1075,Amara Mugambi,Grade 1 C,Term 1,2026,16800,M-PESA,QWH-83499,Sophia Mugambi,2026-01-28,Monica Wanjiru
BP-2026-0429,ADM-1075,Amara Mugambi,Grade 1 C,Term 2,2026,4500,Bank Transfer,RTN-13695,Sophia Mugambi,2026-06-02,Monica Wanjiru
BP-2026-0430,ADM-1075,Amara Mugambi,Grade 1 C,Term 2,2026,5600,Bank Transfer,RTN-64115,Sophia Mugambi,2026-05-24,Andreah Smithh
BP-2026-0431,ADM-1075,Amara Mugambi,Grade 1 C,Term 2,2026,4900,M-PESA,QWH-52734,Sophia Mugambi,2026-06-30,Monica Wanjiru
BP-2026-0432,ADM-1076,Charles Kigen,Grade 1 C,Term 1,2026,7900,Cash,CSH-82178,Faith Kigen,2026-02-01,Rebecca Wanjala
BP-2026-0433,ADM-1076,Charles Kigen,Grade 1 C,Term 1,2026,10600,Bank Transfer,RTN-94914,Faith Kigen,2026-01-30,Andreah Smithh
BP-2026-0434,ADM-1076,Charles Kigen,Grade 1 C,Term 1,2026,11500,Cash,CSH-38622,Faith Kigen,2026-02-18,Monica Wanjiru
BP-2026-0435,ADM-1076,Charles Kigen,Grade 1 C,Term 2,2026,4400,Cheque,CHQ-22345,Faith Kigen,2026-05-13,Monica Wanjiru
BP-2026-0436,ADM-1076,Charles Kigen,Grade 1 C,Term 2,2026,5300,M-PESA,QWH-84948,Faith Kigen,2026-06-11,Andreah Smithh
BP-2026-0437,ADM-1076,Charles Kigen,Grade 1 C,Term 2,2026,5300,M-PESA,QWH-85916,Faith Kigen,2026-06-26,Monica Wanjiru
BP-2026-0438,ADM-1076,Charles Kigen,Grade 1 C,Term 3,2026,4600,Bank Transfer,RTN-82927,Faith Kigen,2026-10-03,Monica Wanjiru
BP-2026-0439,ADM-1076,Charles Kigen,Grade 1 C,Term 3,2026,4400,Bank Transfer,RTN-66859,Faith Kigen,2026-10-02,Monica Wanjiru
BP-2026-0440,ADM-1077,David Wanjala,Grade 1 C,Term 1,2026,11200,Bank Transfer,RTN-89446,George Wanjala,2026-01-15,Rebecca Wanjala
BP-2026-0441,ADM-1077,David Wanjala,Grade 1 C,Term 1,2026,12800,Cash,CSH-71000,George Wanjala,2026-02-08,Rebecca Wanjala
BP-2026-0442,ADM-1077,David Wanjala,Grade 1 C,Term 2,2026,4500,Cheque,CHQ-51871,George Wanjala,2026-05-13,Rebecca Wanjala
BP-2026-0443,ADM-1077,David Wanjala,Grade 1 C,Term 2,2026,10500,Cash,CSH-76953,George Wanjala,2026-06-18,Andreah Smithh
BP-2026-0444,ADM-1077,David Wanjala,Grade 1 C,Term 3,2026,1900,M-PESA,QWH-59474,George Wanjala,2026-10-02,Monica Wanjiru
BP-2026-0445,ADM-1077,David Wanjala,Grade 1 C,Term 3,2026,1700,M-PESA,QWH-22838,George Wanjala,2026-10-14,Monica Wanjiru
BP-2026-0446,ADM-1077,David Wanjala,Grade 1 C,Term 3,2026,2100,M-PESA,QWH-27546,George Wanjala,2026-10-18,Andreah Smithh
BP-2026-0447,ADM-1078,Lawrence Ciawi,Grade 1 C,Term 1,2026,30000,Cash,CSH-98363,Abigail Ciawi,2026-01-19,Andreah Smithh
BP-2026-0448,ADM-1078,Lawrence Ciawi,Grade 1 C,Term 2,2026,15000,Cash,CSH-57422,Abigail Ciawi,2026-05-09,Rebecca Wanjala
BP-2026-0449,ADM-1079,Benjamin Okello,Grade 1 C,Term 1,2026,12400,Bank Transfer,RTN-13216,Andrew Okello,2026-01-22,Andreah Smithh
BP-2026-0450,ADM-1079,Benjamin Okello,Grade 1 C,Term 1,2026,11300,M-PESA,QWH-58794,Andrew Okello,2026-01-29,Monica Wanjiru
BP-2026-0451,ADM-1079,Benjamin Okello,Grade 1 C,Term 2,2026,15000,Cheque,CHQ-97768,Andrew Okello,2026-05-09,Rebecca Wanjala
BP-2026-0452,ADM-1079,Benjamin Okello,Grade 1 C,Term 3,2026,2400,Cheque,CHQ-44295,Andrew Okello,2026-09-21,Andreah Smithh
BP-2026-0453,ADM-1079,Benjamin Okello,Grade 1 C,Term 3,2026,1200,Cash,CSH-97260,Andrew Okello,2026-10-16,Andreah Smithh
BP-2026-0454,ADM-1079,Benjamin Okello,Grade 1 C,Term 3,2026,1900,M-PESA,QWH-13667,Andrew Okello,2026-10-31,Rebecca Wanjala
BP-2026-0455,ADM-1080,Samuel Sironka,Grade 1 C,Term 1,2026,16400,Bank Transfer,RTN-16308,Martin Sironka,2026-01-13,Rebecca Wanjala
BP-2026-0456,ADM-1080,Samuel Sironka,Grade 1 C,Term 1,2026,13600,Bank Transfer,RTN-28054,Martin Sironka,2026-02-11,Monica Wanjiru
BP-2026-0457,ADM-1080,Samuel Sironka,Grade 1 C,Term 2,2026,8200,M-PESA,QWH-99119,Martin Sironka,2026-05-09,Monica Wanjiru
BP-2026-0458,ADM-1080,Samuel Sironka,Grade 1 C,Term 2,2026,6800,Bank Transfer,RTN-68825,Martin Sironka,2026-06-06,Monica Wanjiru
BP-2026-0459,ADM-1080,Samuel Sironka,Grade 1 C,Term 3,2026,3200,Bank Transfer,RTN-68555,Martin Sironka,2026-09-18,Rebecca Wanjala
BP-2026-0460,ADM-1080,Samuel Sironka,Grade 1 C,Term 3,2026,1400,Bank Transfer,RTN-51566,Martin Sironka,2026-10-12,Monica Wanjiru
BP-2026-0461,ADM-1080,Samuel Sironka,Grade 1 C,Term 3,2026,1500,M-PESA,QWH-54849,Martin Sironka,2026-10-10,Rebecca Wanjala
BP-2026-0462,ADM-1081,Nicholas Makokha,Grade 1 C,Term 1,2026,4100,Bank Transfer,RTN-86932,Veronica Makokha,2026-01-20,Andreah Smithh
BP-2026-0463,ADM-1081,Nicholas Makokha,Grade 1 C,Term 1,2026,5000,M-PESA,QWH-24213,Veronica Makokha,2026-01-26,Andreah Smithh
BP-2026-0464,ADM-1081,Nicholas Makokha,Grade 1 C,Term 1,2026,7100,Cheque,CHQ-93705,Veronica Makokha,2026-02-11,Andreah Smithh
BP-2026-0465,ADM-1081,Nicholas Makokha,Grade 1 C,Term 2,2026,8100,Cheque,CHQ-95840,Veronica Makokha,2026-05-22,Monica Wanjiru
BP-2026-0466,ADM-1081,Nicholas Makokha,Grade 1 C,Term 2,2026,6900,M-PESA,QWH-90263,Veronica Makokha,2026-06-18,Monica Wanjiru
BP-2026-0467,ADM-1081,Nicholas Makokha,Grade 1 C,Term 3,2026,5900,Bank Transfer,RTN-89369,Veronica Makokha,2026-09-18,Monica Wanjiru
BP-2026-0468,ADM-1082,Rebecca Ndolo,Grade 1 C,Term 1,2026,12500,Cash,CSH-11537,Ian Ndolo,2026-01-21,Monica Wanjiru
BP-2026-0469,ADM-1082,Rebecca Ndolo,Grade 1 C,Term 1,2026,17500,Cash,CSH-82357,Ian Ndolo,2026-02-10,Monica Wanjiru
BP-2026-0470,ADM-1082,Rebecca Ndolo,Grade 1 C,Term 2,2026,5800,Bank Transfer,RTN-69263,Ian Ndolo,2026-05-27,Monica Wanjiru
BP-2026-0471,ADM-1082,Rebecca Ndolo,Grade 1 C,Term 2,2026,2400,M-PESA,QWH-76967,Ian Ndolo,2026-06-09,Andreah Smithh
BP-2026-0472,ADM-1082,Rebecca Ndolo,Grade 1 C,Term 2,2026,6800,Cash,CSH-73569,Ian Ndolo,2026-06-21,Monica Wanjiru
BP-2026-0473,ADM-1082,Rebecca Ndolo,Grade 1 C,Term 3,2026,3900,Bank Transfer,RTN-55645,Ian Ndolo,2026-09-28,Andreah Smithh
BP-2026-0474,ADM-1082,Rebecca Ndolo,Grade 1 C,Term 3,2026,2500,M-PESA,QWH-94365,Ian Ndolo,2026-10-02,Monica Wanjiru
BP-2026-0475,ADM-1082,Rebecca Ndolo,Grade 1 C,Term 3,2026,2600,Bank Transfer,RTN-18167,Ian Ndolo,2026-10-28,Monica Wanjiru
BP-2026-0476,ADM-1083,William Masinde,Grade 1 C,Term 1,2026,13600,Bank Transfer,RTN-33665,Shalom Masinde,2026-01-15,Andreah Smithh
BP-2026-0477,ADM-1083,William Masinde,Grade 1 C,Term 1,2026,8200,Bank Transfer,RTN-82197,Shalom Masinde,2026-02-01,Monica Wanjiru
BP-2026-0478,ADM-1083,William Masinde,Grade 1 C,Term 1,2026,8200,Cash,CSH-36744,Shalom Masinde,2026-02-14,Andreah Smithh
BP-2026-0479,ADM-1083,William Masinde,Grade 1 C,Term 2,2026,8000,M-PESA,QWH-60368,Shalom Masinde,2026-05-27,Rebecca Wanjala
BP-2026-0480,ADM-1083,William Masinde,Grade 1 C,Term 2,2026,3400,M-PESA,QWH-11061,Shalom Masinde,2026-06-18,Monica Wanjiru
BP-2026-0481,ADM-1083,William Masinde,Grade 1 C,Term 2,2026,3600,M-PESA,QWH-68092,Shalom Masinde,2026-07-03,Rebecca Wanjala
BP-2026-0482,ADM-1083,William Masinde,Grade 1 C,Term 3,2026,2700,M-PESA,QWH-99552,Shalom Masinde,2026-09-21,Monica Wanjiru
BP-2026-0483,ADM-1083,William Masinde,Grade 1 C,Term 3,2026,1800,Cash,CSH-74749,Shalom Masinde,2026-10-08,Andreah Smithh
BP-2026-0484,ADM-1083,William Masinde,Grade 1 C,Term 3,2026,2300,Bank Transfer,RTN-20628,Shalom Masinde,2026-10-21,Monica Wanjiru
BP-2026-0485,ADM-1084,Victor Maina,Grade 1 C,Term 1,2026,15800,M-PESA,QWH-58574,Emmanuel Maina,2026-01-27,Andreah Smithh
BP-2026-0486,ADM-1084,Victor Maina,Grade 1 C,Term 1,2026,14200,M-PESA,QWH-45580,Emmanuel Maina,2026-02-11,Rebecca Wanjala
BP-2026-0487,ADM-1084,Victor Maina,Grade 1 C,Term 2,2026,5300,Cash,CSH-25249,Emmanuel Maina,2026-05-31,Monica Wanjiru
BP-2026-0488,ADM-1084,Victor Maina,Grade 1 C,Term 2,2026,9700,M-PESA,QWH-31750,Emmanuel Maina,2026-06-11,Monica Wanjiru
BP-2026-0489,ADM-1084,Victor Maina,Grade 1 C,Term 3,2026,3200,Cash,CSH-78515,Emmanuel Maina,2026-09-19,Monica Wanjiru
BP-2026-0490,ADM-1084,Victor Maina,Grade 1 C,Term 3,2026,5800,Bank Transfer,RTN-24245,Emmanuel Maina,2026-10-11,Monica Wanjiru
BP-2026-0491,ADM-1085,Mercy Mburu,Grade 1 C,Term 1,2026,12300,Bank Transfer,RTN-44184,Moses Mburu,2026-01-30,Andreah Smithh
BP-2026-0492,ADM-1085,Mercy Mburu,Grade 1 C,Term 1,2026,7200,M-PESA,QWH-65817,Moses Mburu,2026-02-01,Rebecca Wanjala
BP-2026-0493,ADM-1085,Mercy Mburu,Grade 1 C,Term 1,2026,10500,Cheque,CHQ-73061,Moses Mburu,2026-02-15,Rebecca Wanjala
BP-2026-0494,ADM-1085,Mercy Mburu,Grade 1 C,Term 2,2026,8000,M-PESA,QWH-37083,Moses Mburu,2026-05-28,Andreah Smithh
BP-2026-0495,ADM-1085,Mercy Mburu,Grade 1 C,Term 2,2026,7000,Cash,CSH-82522,Moses Mburu,2026-06-03,Andreah Smithh
BP-2026-0496,ADM-1086,Timothy Kaelo,Grade 1 C,Term 1,2026,13900,M-PESA,QWH-75242,Wesley Kaelo,2026-01-12,Andreah Smithh
BP-2026-0497,ADM-1086,Timothy Kaelo,Grade 1 C,Term 1,2026,16100,Cash,CSH-81899,Wesley Kaelo,2026-02-12,Rebecca Wanjala
BP-2026-0498,ADM-1086,Timothy Kaelo,Grade 1 C,Term 2,2026,6200,M-PESA,QWH-32798,Wesley Kaelo,2026-05-28,Andreah Smithh
BP-2026-0499,ADM-1086,Timothy Kaelo,Grade 1 C,Term 3,2026,1100,Cash,CSH-48004,Wesley Kaelo,2026-09-17,Rebecca Wanjala
BP-2026-0500,ADM-1086,Timothy Kaelo,Grade 1 C,Term 3,2026,3000,Cheque,CHQ-58524,Wesley Kaelo,2026-10-14,Rebecca Wanjala
BP-2026-0501,ADM-1087,Dorcas Mwinyi,Grade 1 C,Term 1,2026,30000,Bank Transfer,RTN-32765,Harrison Mwinyi,2026-01-08,Rebecca Wanjala
BP-2026-0502,ADM-1087,Dorcas Mwinyi,Grade 1 C,Term 2,2026,8200,Bank Transfer,RTN-18183,Harrison Mwinyi,2026-05-11,Rebecca Wanjala
BP-2026-0503,ADM-1087,Dorcas Mwinyi,Grade 1 C,Term 2,2026,6800,Cash,CSH-30179,Harrison Mwinyi,2026-06-15,Andreah Smithh
BP-2026-0504,ADM-1087,Dorcas Mwinyi,Grade 1 C,Term 3,2026,9000,M-PESA,QWH-11473,Harrison Mwinyi,2026-09-18,Andreah Smithh
BP-2026-0505,ADM-1088,Frank Ndungu,Grade 1 C,Term 1,2026,30000,Bank Transfer,RTN-57627,Alex Ndungu,2026-01-15,Monica Wanjiru
BP-2026-0506,ADM-1088,Frank Ndungu,Grade 1 C,Term 2,2026,15000,Cash,CSH-52616,Alex Ndungu,2026-06-01,Monica Wanjiru
BP-2026-0507,ADM-1088,Frank Ndungu,Grade 1 C,Term 3,2026,6100,M-PESA,QWH-76738,Alex Ndungu,2026-09-10,Monica Wanjiru
BP-2026-0508,ADM-1089,Faith Githinji,Grade 1 C,Term 1,2026,11300,Cash,CSH-74495,Gloria Githinji,2026-01-28,Monica Wanjiru
BP-2026-0509,ADM-1089,Faith Githinji,Grade 1 C,Term 1,2026,6700,Cash,CSH-68782,Gloria Githinji,2026-01-25,Andreah Smithh
BP-2026-0510,ADM-1089,Faith Githinji,Grade 1 C,Term 1,2026,12000,M-PESA,QWH-66195,Gloria Githinji,2026-02-08,Andreah Smithh
BP-2026-0511,ADM-1089,Faith Githinji,Grade 1 C,Term 2,2026,6200,M-PESA,QWH-87365,Gloria Githinji,2026-05-20,Monica Wanjiru
BP-2026-0512,ADM-1089,Faith Githinji,Grade 1 C,Term 2,2026,2700,M-PESA,QWH-56022,Gloria Githinji,2026-06-13,Rebecca Wanjala
BP-2026-0513,ADM-1089,Faith Githinji,Grade 1 C,Term 2,2026,6100,Bank Transfer,RTN-65092,Gloria Githinji,2026-06-22,Monica Wanjiru
BP-2026-0514,ADM-1089,Faith Githinji,Grade 1 C,Term 3,2026,9000,Cheque,CHQ-52944,Gloria Githinji,2026-09-15,Andreah Smithh
BP-2026-0515,ADM-1090,Alex Akoth,Grade 1 C,Term 1,2026,9400,Bank Transfer,RTN-21387,Godfrey Akoth,2026-01-15,Rebecca Wanjala
BP-2026-0516,ADM-1090,Alex Akoth,Grade 1 C,Term 1,2026,7600,M-PESA,QWH-41589,Godfrey Akoth,2026-01-26,Monica Wanjiru
BP-2026-0517,ADM-1090,Alex Akoth,Grade 1 C,Term 1,2026,13000,Bank Transfer,RTN-34862,Godfrey Akoth,2026-02-21,Andreah Smithh
BP-2026-0518,ADM-1090,Alex Akoth,Grade 1 C,Term 2,2026,5200,Cash,CSH-64925,Godfrey Akoth,2026-05-09,Andreah Smithh
BP-2026-0519,ADM-1090,Alex Akoth,Grade 1 C,Term 2,2026,4800,M-PESA,QWH-27069,Godfrey Akoth,2026-06-13,Andreah Smithh
BP-2026-0520,ADM-1090,Alex Akoth,Grade 1 C,Term 2,2026,5000,Cheque,CHQ-37713,Godfrey Akoth,2026-06-22,Rebecca Wanjala
BP-2026-0521,ADM-1090,Alex Akoth,Grade 1 C,Term 3,2026,3300,Bank Transfer,RTN-19432,Godfrey Akoth,2026-10-05,Andreah Smithh
BP-2026-0522,ADM-1090,Alex Akoth,Grade 1 C,Term 3,2026,2200,Bank Transfer,RTN-84981,Godfrey Akoth,2026-10-04,Rebecca Wanjala
BP-2026-0523,ADM-1090,Alex Akoth,Grade 1 C,Term 3,2026,3500,Bank Transfer,RTN-61708,Godfrey Akoth,2026-10-12,Rebecca Wanjala
BP-2026-0524,ADM-1091,Nathaniel Wekesa,Grade 1 C,Term 1,2026,9300,Bank Transfer,RTN-42940,Francis Wekesa,2026-02-02,Monica Wanjiru
BP-2026-0525,ADM-1091,Nathaniel Wekesa,Grade 1 C,Term 1,2026,20700,Cheque,CHQ-19357,Francis Wekesa,2026-02-04,Andreah Smithh
BP-2026-0526,ADM-1091,Nathaniel Wekesa,Grade 1 C,Term 2,2026,4000,M-PESA,QWH-79866,Francis Wekesa,2026-05-29,Monica Wanjiru
BP-2026-0527,ADM-1091,Nathaniel Wekesa,Grade 1 C,Term 2,2026,3900,Cheque,CHQ-67459,Francis Wekesa,2026-06-14,Andreah Smithh
BP-2026-0528,ADM-1091,Nathaniel Wekesa,Grade 1 C,Term 2,2026,5200,Cash,CSH-65399,Francis Wekesa,2026-06-23,Andreah Smithh
BP-2026-0529,ADM-1091,Nathaniel Wekesa,Grade 1 C,Term 3,2026,3400,Cash,CSH-94870,Francis Wekesa,2026-10-03,Rebecca Wanjala
BP-2026-0530,ADM-1091,Nathaniel Wekesa,Grade 1 C,Term 3,2026,3000,M-PESA,QWH-55682,Francis Wekesa,2026-10-18,Rebecca Wanjala
BP-2026-0531,ADM-1091,Nathaniel Wekesa,Grade 1 C,Term 3,2026,2600,M-PESA,QWH-60519,Francis Wekesa,2026-11-02,Rebecca Wanjala
BP-2026-0532,ADM-1092,Olivia Pekeri,Grade 1 C,Term 1,2026,30000,Bank Transfer,RTN-51415,Kiplangat Pekeri,2026-01-20,Monica Wanjiru
BP-2026-0533,ADM-1092,Olivia Pekeri,Grade 1 C,Term 2,2026,5600,Cash,CSH-27121,Kiplangat Pekeri,2026-05-11,Rebecca Wanjala
BP-2026-0534,ADM-1092,Olivia Pekeri,Grade 1 C,Term 2,2026,5100,M-PESA,QWH-80441,Kiplangat Pekeri,2026-06-05,Monica Wanjiru
BP-2026-0535,ADM-1092,Olivia Pekeri,Grade 1 C,Term 2,2026,4300,Cash,CSH-49315,Kiplangat Pekeri,2026-06-28,Monica Wanjiru
BP-2026-0536,ADM-1092,Olivia Pekeri,Grade 1 C,Term 3,2026,3100,M-PESA,QWH-26839,Kiplangat Pekeri,2026-09-14,Rebecca Wanjala
BP-2026-0537,ADM-1092,Olivia Pekeri,Grade 1 C,Term 3,2026,1500,Bank Transfer,RTN-46457,Kiplangat Pekeri,2026-10-14,Monica Wanjiru
BP-2026-0538,ADM-1092,Olivia Pekeri,Grade 1 C,Term 3,2026,4400,Cash,CSH-77616,Kiplangat Pekeri,2026-10-27,Rebecca Wanjala
BP-2026-0539,ADM-1093,Winfred Muthoka,Grade 1 C,Term 1,2026,8200,Cheque,CHQ-27024,Joshua Muthoka,2026-01-24,Andreah Smithh
BP-2026-0540,ADM-1093,Winfred Muthoka,Grade 1 C,Term 1,2026,13700,M-PESA,QWH-56633,Joshua Muthoka,2026-02-04,Rebecca Wanjala
BP-2026-0541,ADM-1093,Winfred Muthoka,Grade 1 C,Term 2,2026,15000,M-PESA,QWH-28618,Joshua Muthoka,2026-05-17,Andreah Smithh
BP-2026-0542,ADM-1094,Nicholas Namukuru,Grade 1 C,Term 1,2026,15900,Cash,CSH-91720,Rebecca Namukuru,2026-01-25,Monica Wanjiru
BP-2026-0543,ADM-1094,Nicholas Namukuru,Grade 1 C,Term 2,2026,15000,Cash,CSH-72896,Rebecca Namukuru,2026-05-25,Rebecca Wanjala
BP-2026-0544,ADM-1094,Nicholas Namukuru,Grade 1 C,Term 3,2026,1600,Bank Transfer,RTN-91701,Rebecca Namukuru,2026-09-12,Rebecca Wanjala
BP-2026-0545,ADM-1094,Nicholas Namukuru,Grade 1 C,Term 3,2026,4200,Cheque,CHQ-30554,Rebecca Namukuru,2026-09-25,Monica Wanjiru
BP-2026-0546,ADM-1095,Faith Mutua,Grade 1 C,Term 1,2026,12000,Bank Transfer,RTN-48278,David Mutua,2026-01-20,Andreah Smithh
BP-2026-0547,ADM-1095,Faith Mutua,Grade 1 C,Term 1,2026,10900,M-PESA,QWH-23315,David Mutua,2026-02-10,Monica Wanjiru
BP-2026-0548,ADM-1095,Faith Mutua,Grade 1 C,Term 1,2026,9100,Bank Transfer,RTN-73134,David Mutua,2026-02-10,Rebecca Wanjala
BP-2026-0549,ADM-1095,Faith Mutua,Grade 1 C,Term 2,2026,13000,Bank Transfer,RTN-24926,David Mutua,2026-05-10,Andreah Smithh
BP-2026-0550,ADM-1095,Faith Mutua,Grade 1 C,Term 3,2026,3200,M-PESA,QWH-66472,David Mutua,2026-09-20,Andreah Smithh
BP-2026-0551,ADM-1095,Faith Mutua,Grade 1 C,Term 3,2026,5800,Cheque,CHQ-57406,David Mutua,2026-09-30,Monica Wanjiru
BP-2026-0552,ADM-1096,Nancy Nandwa,Grade 1 C,Term 1,2026,32000,Bank Transfer,RTN-49837,Felix Nandwa,2026-01-27,Andreah Smithh
BP-2026-0553,ADM-1096,Nancy Nandwa,Grade 1 C,Term 2,2026,2300,Cash,CSH-67009,Felix Nandwa,2026-05-14,Rebecca Wanjala
BP-2026-0554,ADM-1096,Nancy Nandwa,Grade 1 C,Term 2,2026,6200,Cheque,CHQ-23415,Felix Nandwa,2026-06-14,Andreah Smithh
BP-2026-0555,ADM-1097,Judith Kosgei,Grade 1 C,Term 1,2026,18900,Cheque,CHQ-58921,Joseph Kosgei,2026-01-10,Andreah Smithh
BP-2026-0556,ADM-1097,Judith Kosgei,Grade 1 C,Term 2,2026,15000,M-PESA,QWH-20796,Joseph Kosgei,2026-06-04,Monica Wanjiru
BP-2026-0557,ADM-1097,Judith Kosgei,Grade 1 C,Term 3,2026,9000,Bank Transfer,RTN-79457,Joseph Kosgei,2026-09-25,Andreah Smithh
BP-2026-0558,ADM-1098,John Metto,Grade 1 C,Term 1,2026,30000,Bank Transfer,RTN-95741,Edna Metto,2026-01-19,Andreah Smithh
BP-2026-0559,ADM-1098,John Metto,Grade 1 C,Term 2,2026,3800,Cash,CSH-48643,Edna Metto,2026-05-27,Andreah Smithh
BP-2026-0560,ADM-1098,John Metto,Grade 1 C,Term 2,2026,5900,M-PESA,QWH-95265,Edna Metto,2026-06-12,Monica Wanjiru
BP-2026-0561,ADM-1098,John Metto,Grade 1 C,Term 2,2026,5300,M-PESA,QWH-21898,Edna Metto,2026-06-24,Rebecca Wanjala
BP-2026-0562,ADM-1098,John Metto,Grade 1 C,Term 3,2026,2300,Cash,CSH-95087,Edna Metto,2026-09-10,Monica Wanjiru
BP-2026-0563,ADM-1098,John Metto,Grade 1 C,Term 3,2026,1500,Bank Transfer,RTN-81569,Edna Metto,2026-10-06,Andreah Smithh
BP-2026-0564,ADM-1098,John Metto,Grade 1 C,Term 3,2026,2900,M-PESA,QWH-26124,Edna Metto,2026-10-25,Andreah Smithh
BP-2026-0565,ADM-1099,Dorcas Karanja,Grade 1 C,Term 1,2026,13900,Bank Transfer,RTN-39967,Ian Karanja,2026-01-27,Monica Wanjiru
BP-2026-0566,ADM-1099,Dorcas Karanja,Grade 1 C,Term 1,2026,16100,M-PESA,QWH-60565,Ian Karanja,2026-01-31,Monica Wanjiru
BP-2026-0567,ADM-1099,Dorcas Karanja,Grade 1 C,Term 3,2026,2100,Cash,CSH-10774,Ian Karanja,2026-09-10,Andreah Smithh
BP-2026-0568,ADM-1099,Dorcas Karanja,Grade 1 C,Term 3,2026,1800,Bank Transfer,RTN-29640,Ian Karanja,2026-10-04,Rebecca Wanjala
BP-2026-0569,ADM-1099,Dorcas Karanja,Grade 1 C,Term 3,2026,1900,M-PESA,QWH-38630,Ian Karanja,2026-10-27,Monica Wanjiru
BP-2026-0570,ADM-1100,Faith Choge,Grade 1 C,Term 1,2026,30000,Cash,CSH-91727,Amara Choge,2026-01-29,Andreah Smithh
BP-2026-0571,ADM-1100,Faith Choge,Grade 1 C,Term 2,2026,7500,Cheque,CHQ-32582,Amara Choge,2026-05-26,Monica Wanjiru
BP-2026-0572,ADM-1100,Faith Choge,Grade 1 C,Term 2,2026,2600,M-PESA,QWH-67542,Amara Choge,2026-05-26,Rebecca Wanjala
BP-2026-0573,ADM-1100,Faith Choge,Grade 1 C,Term 2,2026,4900,Bank Transfer,RTN-28480,Amara Choge,2026-07-02,Rebecca Wanjala
BP-2026-0574,ADM-1100,Faith Choge,Grade 1 C,Term 3,2026,4000,M-PESA,QWH-22456,Amara Choge,2026-09-14,Monica Wanjiru
BP-2026-0575,ADM-1100,Faith Choge,Grade 1 C,Term 3,2026,2200,Cash,CSH-97944,Amara Choge,2026-09-28,Rebecca Wanjala
BP-2026-0576,ADM-1100,Faith Choge,Grade 1 C,Term 3,2026,2800,M-PESA,QWH-27369,Amara Choge,2026-11-01,Andreah Smithh
BP-2026-0577,ADM-1101,Eric Musyoka,Grade 2 A,Term 1,2026,6500,M-PESA,QWH-63767,Moses Musyoka,2026-01-20,Rebecca Wanjala
BP-2026-0578,ADM-1101,Eric Musyoka,Grade 2 A,Term 1,2026,14800,Cash,CSH-16622,Moses Musyoka,2026-02-04,Rebecca Wanjala
BP-2026-0579,ADM-1101,Eric Musyoka,Grade 2 A,Term 3,2026,1100,Cash,CSH-72275,Moses Musyoka,2026-09-30,Andreah Smithh
BP-2026-0580,ADM-1101,Eric Musyoka,Grade 2 A,Term 3,2026,3000,Cash,CSH-55042,Moses Musyoka,2026-10-12,Rebecca Wanjala
BP-2026-0581,ADM-1102,Elijah Natepo,Grade 2 A,Term 1,2026,30000,M-PESA,QWH-33740,Trevor Natepo,2026-01-20,Andreah Smithh
BP-2026-0582,ADM-1102,Elijah Natepo,Grade 2 A,Term 2,2026,3900,Bank Transfer,RTN-49483,Trevor Natepo,2026-05-19,Rebecca Wanjala
BP-2026-0583,ADM-1102,Elijah Natepo,Grade 2 A,Term 2,2026,5700,M-PESA,QWH-96500,Trevor Natepo,2026-05-25,Rebecca Wanjala
BP-2026-0584,ADM-1102,Elijah Natepo,Grade 2 A,Term 2,2026,5400,Bank Transfer,RTN-45775,Trevor Natepo,2026-06-30,Andreah Smithh
BP-2026-0585,ADM-1102,Elijah Natepo,Grade 2 A,Term 3,2026,4900,M-PESA,QWH-74369,Trevor Natepo,2026-09-27,Rebecca Wanjala
BP-2026-0586,ADM-1102,Elijah Natepo,Grade 2 A,Term 3,2026,4100,M-PESA,QWH-39423,Trevor Natepo,2026-10-20,Andreah Smithh
BP-2026-0587,ADM-1103,Alex Tanui,Grade 2 A,Term 1,2026,11600,Cash,CSH-48923,Purity Tanui,2026-01-27,Andreah Smithh
BP-2026-0588,ADM-1103,Alex Tanui,Grade 2 A,Term 1,2026,7900,Cash,CSH-52328,Purity Tanui,2026-02-14,Andreah Smithh
BP-2026-0589,ADM-1103,Alex Tanui,Grade 2 A,Term 1,2026,10500,M-PESA,QWH-37112,Purity Tanui,2026-03-02,Monica Wanjiru
BP-2026-0590,ADM-1103,Alex Tanui,Grade 2 A,Term 2,2026,4200,Bank Transfer,RTN-17240,Purity Tanui,2026-05-30,Andreah Smithh
BP-2026-0591,ADM-1103,Alex Tanui,Grade 2 A,Term 2,2026,4600,Bank Transfer,RTN-88760,Purity Tanui,2026-06-07,Monica Wanjiru
BP-2026-0592,ADM-1103,Alex Tanui,Grade 2 A,Term 2,2026,6200,M-PESA,QWH-43686,Purity Tanui,2026-06-23,Andreah Smithh
BP-2026-0593,ADM-1103,Alex Tanui,Grade 2 A,Term 3,2026,3000,Cheque,CHQ-57088,Purity Tanui,2026-09-19,Andreah Smithh
BP-2026-0594,ADM-1103,Alex Tanui,Grade 2 A,Term 3,2026,6000,M-PESA,QWH-48183,Purity Tanui,2026-10-01,Rebecca Wanjala
BP-2026-0595,ADM-1104,Emmanuel Ndolo,Grade 2 A,Term 1,2026,30000,Bank Transfer,RTN-22409,Julia Ndolo,2026-01-23,Monica Wanjiru
BP-2026-0596,ADM-1104,Emmanuel Ndolo,Grade 2 A,Term 2,2026,4900,Cheque,CHQ-71299,Julia Ndolo,2026-05-07,Rebecca Wanjala
BP-2026-0597,ADM-1104,Emmanuel Ndolo,Grade 2 A,Term 2,2026,7300,Cash,CSH-21491,Julia Ndolo,2026-06-12,Rebecca Wanjala
BP-2026-0598,ADM-1104,Emmanuel Ndolo,Grade 2 A,Term 3,2026,5400,Bank Transfer,RTN-68617,Julia Ndolo,2026-09-16,Rebecca Wanjala
BP-2026-0599,ADM-1105,Magdalene Mpaine,Grade 2 A,Term 1,2026,13900,Bank Transfer,RTN-51830,Maureen Mpaine,2026-01-19,Andreah Smithh
BP-2026-0600,ADM-1105,Magdalene Mpaine,Grade 2 A,Term 1,2026,16100,Cash,CSH-76524,Maureen Mpaine,2026-02-05,Andreah Smithh
BP-2026-0601,ADM-1105,Magdalene Mpaine,Grade 2 A,Term 2,2026,13500,M-PESA,QWH-15125,Maureen Mpaine,2026-05-11,Andreah Smithh
BP-2026-0602,ADM-1105,Magdalene Mpaine,Grade 2 A,Term 3,2026,2600,Cash,CSH-44262,Maureen Mpaine,2026-09-28,Rebecca Wanjala
BP-2026-0603,ADM-1105,Magdalene Mpaine,Grade 2 A,Term 3,2026,1000,Bank Transfer,RTN-53761,Maureen Mpaine,2026-09-28,Monica Wanjiru
BP-2026-0604,ADM-1105,Magdalene Mpaine,Grade 2 A,Term 3,2026,2400,M-PESA,QWH-36715,Maureen Mpaine,2026-10-31,Monica Wanjiru
BP-2026-0605,ADM-1106,Gideon Tanui,Grade 2 A,Term 1,2026,30000,Cash,CSH-57951,Joshua Tanui,2026-01-25,Andreah Smithh
BP-2026-0606,ADM-1106,Gideon Tanui,Grade 2 A,Term 2,2026,5400,Cash,CSH-21901,Joshua Tanui,2026-05-09,Rebecca Wanjala
BP-2026-0607,ADM-1106,Gideon Tanui,Grade 2 A,Term 2,2026,6900,Bank Transfer,RTN-91227,Joshua Tanui,2026-06-08,Monica Wanjiru
BP-2026-0608,ADM-1106,Gideon Tanui,Grade 2 A,Term 3,2026,1900,Cash,CSH-83333,Joshua Tanui,2026-10-03,Andreah Smithh
BP-2026-0609,ADM-1106,Gideon Tanui,Grade 2 A,Term 3,2026,1200,Cheque,CHQ-23838,Joshua Tanui,2026-10-06,Rebecca Wanjala
BP-2026-0610,ADM-1106,Gideon Tanui,Grade 2 A,Term 3,2026,1400,Cash,CSH-49736,Joshua Tanui,2026-10-31,Andreah Smithh
BP-2026-0611,ADM-1107,Rachael Kiprop,Grade 2 A,Term 1,2026,13700,M-PESA,QWH-21944,Gideon Kiprop,2026-01-19,Andreah Smithh
BP-2026-0612,ADM-1107,Rachael Kiprop,Grade 2 A,Term 1,2026,8000,Cheque,CHQ-89274,Gideon Kiprop,2026-02-16,Rebecca Wanjala
BP-2026-0613,ADM-1107,Rachael Kiprop,Grade 2 A,Term 1,2026,8300,Bank Transfer,RTN-63321,Gideon Kiprop,2026-02-26,Rebecca Wanjala
BP-2026-0614,ADM-1107,Rachael Kiprop,Grade 2 A,Term 2,2026,4700,Bank Transfer,RTN-54205,Gideon Kiprop,2026-05-20,Andreah Smithh
BP-2026-0615,ADM-1107,Rachael Kiprop,Grade 2 A,Term 2,2026,4400,Cheque,CHQ-66399,Gideon Kiprop,2026-06-01,Monica Wanjiru
BP-2026-0616,ADM-1107,Rachael Kiprop,Grade 2 A,Term 2,2026,5900,Cash,CSH-93645,Gideon Kiprop,2026-06-22,Andreah Smithh
BP-2026-0617,ADM-1107,Rachael Kiprop,Grade 2 A,Term 3,2026,2000,Cash,CSH-45736,Gideon Kiprop,2026-09-22,Rebecca Wanjala
BP-2026-0618,ADM-1107,Rachael Kiprop,Grade 2 A,Term 3,2026,4200,Bank Transfer,RTN-12140,Gideon Kiprop,2026-10-05,Andreah Smithh
BP-2026-0619,ADM-1108,Harrison Kioko,Grade 2 A,Term 1,2026,30000,M-PESA,QWH-18366,Eric Kioko,2026-01-14,Monica Wanjiru
BP-2026-0620,ADM-1108,Harrison Kioko,Grade 2 A,Term 2,2026,5700,Bank Transfer,RTN-45611,Eric Kioko,2026-05-11,Monica Wanjiru
BP-2026-0621,ADM-1108,Harrison Kioko,Grade 2 A,Term 2,2026,3400,Bank Transfer,RTN-21114,Eric Kioko,2026-06-19,Rebecca Wanjala
BP-2026-0622,ADM-1108,Harrison Kioko,Grade 2 A,Term 2,2026,5900,Cash,CSH-33988,Eric Kioko,2026-06-29,Rebecca Wanjala
BP-2026-0623,ADM-1109,Tabitha Bunoro,Grade 2 A,Term 1,2026,8700,M-PESA,QWH-93884,Frank Bunoro,2026-01-25,Andreah Smithh
BP-2026-0624,ADM-1109,Tabitha Bunoro,Grade 2 A,Term 1,2026,21300,Cheque,CHQ-82260,Frank Bunoro,2026-02-09,Andreah Smithh
BP-2026-0625,ADM-1109,Tabitha Bunoro,Grade 2 A,Term 2,2026,5300,M-PESA,QWH-57652,Frank Bunoro,2026-05-27,Rebecca Wanjala
BP-2026-0626,ADM-1109,Tabitha Bunoro,Grade 2 A,Term 2,2026,5000,M-PESA,QWH-62367,Frank Bunoro,2026-06-08,Rebecca Wanjala
BP-2026-0627,ADM-1109,Tabitha Bunoro,Grade 2 A,Term 2,2026,4700,M-PESA,QWH-20556,Frank Bunoro,2026-06-29,Andreah Smithh
BP-2026-0628,ADM-1109,Tabitha Bunoro,Grade 2 A,Term 3,2026,3200,M-PESA,QWH-87474,Frank Bunoro,2026-09-12,Rebecca Wanjala
BP-2026-0629,ADM-1110,Andrew Leshan,Grade 2 A,Term 1,2026,30000,Cheque,CHQ-82926,Maureen Leshan,2026-01-14,Monica Wanjiru
BP-2026-0630,ADM-1110,Andrew Leshan,Grade 2 A,Term 2,2026,3100,M-PESA,QWH-55162,Maureen Leshan,2026-05-24,Andreah Smithh
BP-2026-0631,ADM-1110,Andrew Leshan,Grade 2 A,Term 2,2026,6800,M-PESA,QWH-91985,Maureen Leshan,2026-06-06,Monica Wanjiru
BP-2026-0632,ADM-1110,Andrew Leshan,Grade 2 A,Term 3,2026,6500,Bank Transfer,RTN-82339,Maureen Leshan,2026-10-02,Monica Wanjiru
BP-2026-0633,ADM-1111,Samuel Nzioka,Grade 2 A,Term 1,2026,13400,M-PESA,QWH-41073,Joseph Nzioka,2026-01-25,Monica Wanjiru
BP-2026-0634,ADM-1111,Samuel Nzioka,Grade 2 A,Term 1,2026,16600,Bank Transfer,RTN-73643,Joseph Nzioka,2026-01-23,Monica Wanjiru
BP-2026-0635,ADM-1111,Samuel Nzioka,Grade 2 A,Term 2,2026,5600,M-PESA,QWH-49279,Joseph Nzioka,2026-05-28,Andreah Smithh
BP-2026-0636,ADM-1111,Samuel Nzioka,Grade 2 A,Term 2,2026,5000,M-PESA,QWH-71232,Joseph Nzioka,2026-06-11,Rebecca Wanjala
BP-2026-0637,ADM-1111,Samuel Nzioka,Grade 2 A,Term 2,2026,4400,M-PESA,QWH-92290,Joseph Nzioka,2026-06-25,Rebecca Wanjala
BP-2026-0638,ADM-1111,Samuel Nzioka,Grade 2 A,Term 3,2026,3700,M-PESA,QWH-67157,Joseph Nzioka,2026-09-15,Rebecca Wanjala
BP-2026-0639,ADM-1111,Samuel Nzioka,Grade 2 A,Term 3,2026,2200,M-PESA,QWH-44909,Joseph Nzioka,2026-10-15,Monica Wanjiru
BP-2026-0640,ADM-1111,Samuel Nzioka,Grade 2 A,Term 3,2026,3100,Bank Transfer,RTN-76995,Joseph Nzioka,2026-10-30,Andreah Smithh
BP-2026-0641,ADM-1112,Diana Njeri,Grade 2 A,Term 1,2026,12900,M-PESA,QWH-25367,Yvonne Njeri,2026-01-12,Andreah Smithh
BP-2026-0642,ADM-1112,Diana Njeri,Grade 2 A,Term 1,2026,17100,M-PESA,QWH-13713,Yvonne Njeri,2026-02-01,Rebecca Wanjala
BP-2026-0643,ADM-1112,Diana Njeri,Grade 2 A,Term 2,2026,6800,M-PESA,QWH-50680,Yvonne Njeri,2026-05-17,Andreah Smithh
BP-2026-0644,ADM-1112,Diana Njeri,Grade 2 A,Term 2,2026,8200,M-PESA,QWH-57163,Yvonne Njeri,2026-06-02,Rebecca Wanjala
BP-2026-0645,ADM-1112,Diana Njeri,Grade 2 A,Term 3,2026,2700,M-PESA,QWH-74006,Yvonne Njeri,2026-09-18,Andreah Smithh
BP-2026-0646,ADM-1112,Diana Njeri,Grade 2 A,Term 3,2026,2300,Cash,CSH-34886,Yvonne Njeri,2026-10-10,Rebecca Wanjala
BP-2026-0647,ADM-1113,Joyce Njoroge,Grade 2 A,Term 1,2026,12300,Cash,CSH-26343,Zipporah Njoroge,2026-01-27,Monica Wanjiru
BP-2026-0648,ADM-1113,Joyce Njoroge,Grade 2 A,Term 1,2026,17700,M-PESA,QWH-78806,Zipporah Njoroge,2026-01-27,Andreah Smithh
BP-2026-0649,ADM-1113,Joyce Njoroge,Grade 2 A,Term 2,2026,4500,M-PESA,QWH-38447,Zipporah Njoroge,2026-05-21,Andreah Smithh
BP-2026-0650,ADM-1113,Joyce Njoroge,Grade 2 A,Term 2,2026,10500,M-PESA,QWH-43018,Zipporah Njoroge,2026-06-07,Andreah Smithh
BP-2026-0651,ADM-1113,Joyce Njoroge,Grade 2 A,Term 3,2026,3100,M-PESA,QWH-23541,Zipporah Njoroge,2026-09-29,Monica Wanjiru
BP-2026-0652,ADM-1113,Joyce Njoroge,Grade 2 A,Term 3,2026,3700,Cash,CSH-21138,Zipporah Njoroge,2026-10-04,Monica Wanjiru
BP-2026-0653,ADM-1114,Fridah Kimeu,Grade 2 A,Term 1,2026,12300,Cash,CSH-66743,Julius Kimeu,2026-01-30,Rebecca Wanjala
BP-2026-0654,ADM-1114,Fridah Kimeu,Grade 2 A,Term 1,2026,17700,Bank Transfer,RTN-51472,Julius Kimeu,2026-01-27,Rebecca Wanjala
BP-2026-0655,ADM-1114,Fridah Kimeu,Grade 2 A,Term 2,2026,7400,Cheque,CHQ-76150,Julius Kimeu,2026-05-08,Rebecca Wanjala
BP-2026-0656,ADM-1114,Fridah Kimeu,Grade 2 A,Term 2,2026,4000,Cash,CSH-67789,Julius Kimeu,2026-06-07,Monica Wanjiru
BP-2026-0657,ADM-1114,Fridah Kimeu,Grade 2 A,Term 2,2026,3600,Cash,CSH-62106,Julius Kimeu,2026-06-09,Rebecca Wanjala
BP-2026-0658,ADM-1114,Fridah Kimeu,Grade 2 A,Term 3,2026,1700,M-PESA,QWH-18710,Julius Kimeu,2026-09-15,Andreah Smithh
BP-2026-0659,ADM-1114,Fridah Kimeu,Grade 2 A,Term 3,2026,2500,Cheque,CHQ-27161,Julius Kimeu,2026-09-28,Andreah Smithh
BP-2026-0660,ADM-1114,Fridah Kimeu,Grade 2 A,Term 3,2026,2300,M-PESA,QWH-52555,Julius Kimeu,2026-10-31,Rebecca Wanjala
BP-2026-0661,ADM-1115,Caleb Kioko,Grade 2 A,Term 1,2026,30000,M-PESA,QWH-77616,Nathaniel Kioko,2026-01-14,Andreah Smithh
BP-2026-0662,ADM-1115,Caleb Kioko,Grade 2 A,Term 2,2026,15000,M-PESA,QWH-80205,Nathaniel Kioko,2026-05-27,Monica Wanjiru
BP-2026-0663,ADM-1115,Caleb Kioko,Grade 2 A,Term 3,2026,5600,Bank Transfer,RTN-41534,Nathaniel Kioko,2026-09-15,Monica Wanjiru
BP-2026-0664,ADM-1116,Hillary Odhiambo,Grade 2 A,Term 1,2026,13800,Cash,CSH-56723,Charles Odhiambo,2026-01-08,Andreah Smithh
BP-2026-0665,ADM-1116,Hillary Odhiambo,Grade 2 A,Term 1,2026,16200,Cash,CSH-43606,Charles Odhiambo,2026-01-30,Andreah Smithh
BP-2026-0666,ADM-1116,Hillary Odhiambo,Grade 2 A,Term 2,2026,5700,M-PESA,QWH-34970,Charles Odhiambo,2026-05-18,Rebecca Wanjala
BP-2026-0667,ADM-1116,Hillary Odhiambo,Grade 2 A,Term 2,2026,4100,Cash,CSH-69787,Charles Odhiambo,2026-06-12,Rebecca Wanjala
BP-2026-0668,ADM-1116,Hillary Odhiambo,Grade 2 A,Term 2,2026,5200,M-PESA,QWH-63146,Charles Odhiambo,2026-06-25,Rebecca Wanjala
BP-2026-0669,ADM-1116,Hillary Odhiambo,Grade 2 A,Term 3,2026,4700,M-PESA,QWH-88831,Charles Odhiambo,2026-09-22,Andreah Smithh
BP-2026-0670,ADM-1117,Martin Zawadi,Grade 2 A,Term 1,2026,9500,M-PESA,QWH-82894,Charles Zawadi,2026-01-11,Rebecca Wanjala
BP-2026-0671,ADM-1117,Martin Zawadi,Grade 2 A,Term 1,2026,21500,Cash,CSH-25605,Charles Zawadi,2026-01-26,Andreah Smithh
BP-2026-0672,ADM-1117,Martin Zawadi,Grade 2 A,Term 2,2026,4500,Cheque,CHQ-45711,Charles Zawadi,2026-05-29,Monica Wanjiru
BP-2026-0673,ADM-1117,Martin Zawadi,Grade 2 A,Term 2,2026,9500,Cash,CSH-29289,Charles Zawadi,2026-06-17,Andreah Smithh
BP-2026-0674,ADM-1117,Martin Zawadi,Grade 2 A,Term 3,2026,1800,M-PESA,QWH-17225,Charles Zawadi,2026-09-21,Rebecca Wanjala
BP-2026-0675,ADM-1117,Martin Zawadi,Grade 2 A,Term 3,2026,4400,Cash,CSH-78520,Charles Zawadi,2026-10-07,Rebecca Wanjala
BP-2026-0676,ADM-1118,Alex Mwangi,Grade 2 A,Term 1,2026,9200,M-PESA,QWH-68942,Ibrahim Mwangi,2026-01-26,Monica Wanjiru
BP-2026-0677,ADM-1118,Alex Mwangi,Grade 2 A,Term 1,2026,10500,Bank Transfer,RTN-96791,Ibrahim Mwangi,2026-02-09,Andreah Smithh
BP-2026-0678,ADM-1118,Alex Mwangi,Grade 2 A,Term 1,2026,10300,Cash,CSH-89159,Ibrahim Mwangi,2026-02-18,Andreah Smithh
BP-2026-0679,ADM-1118,Alex Mwangi,Grade 2 A,Term 2,2026,7400,Cash,CSH-17041,Ibrahim Mwangi,2026-05-22,Andreah Smithh
BP-2026-0680,ADM-1118,Alex Mwangi,Grade 2 A,Term 2,2026,7600,Cheque,CHQ-62651,Ibrahim Mwangi,2026-06-14,Andreah Smithh
BP-2026-0681,ADM-1118,Alex Mwangi,Grade 2 A,Term 3,2026,4300,M-PESA,QWH-40807,Ibrahim Mwangi,2026-10-03,Monica Wanjiru
BP-2026-0682,ADM-1118,Alex Mwangi,Grade 2 A,Term 3,2026,4700,M-PESA,QWH-29805,Ibrahim Mwangi,2026-10-19,Monica Wanjiru
BP-2026-0683,ADM-1119,Sharon Githinji,Grade 2 A,Term 1,2026,30000,Cash,CSH-69432,Amos Githinji,2026-01-21,Rebecca Wanjala
BP-2026-0684,ADM-1119,Sharon Githinji,Grade 2 A,Term 2,2026,7000,Cheque,CHQ-48278,Amos Githinji,2026-05-15,Andreah Smithh
BP-2026-0685,ADM-1119,Sharon Githinji,Grade 2 A,Term 2,2026,3300,Bank Transfer,RTN-13536,Amos Githinji,2026-05-29,Monica Wanjiru
BP-2026-0686,ADM-1119,Sharon Githinji,Grade 2 A,Term 2,2026,4700,Cash,CSH-43086,Amos Githinji,2026-07-03,Monica Wanjiru
BP-2026-0687,ADM-1119,Sharon Githinji,Grade 2 A,Term 3,2026,9000,Cash,CSH-52057,Amos Githinji,2026-09-12,Monica Wanjiru
BP-2026-0688,ADM-1120,Shalom Syombua,Grade 2 A,Term 1,2026,15800,M-PESA,QWH-22152,Eric Syombua,2026-01-21,Monica Wanjiru
BP-2026-0689,ADM-1120,Shalom Syombua,Grade 2 A,Term 1,2026,14200,M-PESA,QWH-13717,Eric Syombua,2026-01-30,Rebecca Wanjala
BP-2026-0690,ADM-1120,Shalom Syombua,Grade 2 A,Term 2,2026,4700,Cheque,CHQ-63919,Eric Syombua,2026-05-14,Rebecca Wanjala
BP-2026-0691,ADM-1120,Shalom Syombua,Grade 2 A,Term 2,2026,5500,Bank Transfer,RTN-55812,Eric Syombua,2026-05-28,Monica Wanjiru
BP-2026-0692,ADM-1120,Shalom Syombua,Grade 2 A,Term 2,2026,4800,Cash,CSH-65772,Eric Syombua,2026-06-10,Andreah Smithh
BP-2026-0693,ADM-1120,Shalom Syombua,Grade 2 A,Term 3,2026,3600,Bank Transfer,RTN-31870,Eric Syombua,2026-10-04,Monica Wanjiru
BP-2026-0694,ADM-1120,Shalom Syombua,Grade 2 A,Term 3,2026,2400,Cheque,CHQ-73566,Eric Syombua,2026-10-19,Rebecca Wanjala
BP-2026-0695,ADM-1120,Shalom Syombua,Grade 2 A,Term 3,2026,3000,Cash,CSH-96224,Eric Syombua,2026-10-21,Monica Wanjiru
BP-2026-0696,ADM-1121,Faith Omar,Grade 2 A,Term 1,2026,13400,Bank Transfer,RTN-77663,Felix Omar,2026-01-11,Rebecca Wanjala
BP-2026-0697,ADM-1121,Faith Omar,Grade 2 A,Term 1,2026,16600,Bank Transfer,RTN-28201,Felix Omar,2026-02-09,Rebecca Wanjala
BP-2026-0698,ADM-1121,Faith Omar,Grade 2 A,Term 2,2026,6200,M-PESA,QWH-96731,Felix Omar,2026-05-22,Andreah Smithh
BP-2026-0699,ADM-1121,Faith Omar,Grade 2 A,Term 2,2026,4500,M-PESA,QWH-51521,Felix Omar,2026-05-23,Monica Wanjiru
BP-2026-0700,ADM-1121,Faith Omar,Grade 2 A,Term 2,2026,4300,Cash,CSH-52305,Felix Omar,2026-06-16,Rebecca Wanjala
BP-2026-0701,ADM-1121,Faith Omar,Grade 2 A,Term 3,2026,6200,Bank Transfer,RTN-73809,Felix Omar,2026-09-16,Andreah Smithh
BP-2026-0702,ADM-1122,Charles Mutoro,Grade 2 A,Term 1,2026,30000,M-PESA,QWH-92942,Edwin Mutoro,2026-01-22,Rebecca Wanjala
BP-2026-0703,ADM-1122,Charles Mutoro,Grade 2 A,Term 2,2026,7400,M-PESA,QWH-93816,Edwin Mutoro,2026-05-27,Andreah Smithh
BP-2026-0704,ADM-1122,Charles Mutoro,Grade 2 A,Term 2,2026,2700,M-PESA,QWH-43067,Edwin Mutoro,2026-06-15,Monica Wanjiru
BP-2026-0705,ADM-1122,Charles Mutoro,Grade 2 A,Term 2,2026,4900,Cash,CSH-40258,Edwin Mutoro,2026-06-27,Andreah Smithh
BP-2026-0706,ADM-1123,Joshua Gatwiri,Grade 2 A,Term 1,2026,8600,M-PESA,QWH-44612,Kevin Gatwiri,2026-01-26,Andreah Smithh
BP-2026-0707,ADM-1123,Joshua Gatwiri,Grade 2 A,Term 1,2026,21400,M-PESA,QWH-15972,Kevin Gatwiri,2026-02-08,Andreah Smithh
BP-2026-0708,ADM-1123,Joshua Gatwiri,Grade 2 A,Term 2,2026,8200,Cheque,CHQ-68400,Kevin Gatwiri,2026-05-18,Rebecca Wanjala
BP-2026-0709,ADM-1123,Joshua Gatwiri,Grade 2 A,Term 2,2026,3100,M-PESA,QWH-40897,Kevin Gatwiri,2026-06-04,Rebecca Wanjala
BP-2026-0710,ADM-1123,Joshua Gatwiri,Grade 2 A,Term 2,2026,3700,Cheque,CHQ-26942,Kevin Gatwiri,2026-06-10,Andreah Smithh
BP-2026-0711,ADM-1123,Joshua Gatwiri,Grade 2 A,Term 3,2026,3700,M-PESA,QWH-61445,Kevin Gatwiri,2026-09-29,Andreah Smithh
BP-2026-0712,ADM-1124,Peter Mutoro,Grade 2 A,Term 2,2026,15000,Bank Transfer,RTN-21914,Eunice Mutoro,2026-05-21,Andreah Smithh
BP-2026-0713,ADM-1124,Peter Mutoro,Grade 2 A,Term 3,2026,3000,Cheque,CHQ-34863,Eunice Mutoro,2026-10-03,Monica Wanjiru
BP-2026-0714,ADM-1124,Peter Mutoro,Grade 2 A,Term 3,2026,2800,M-PESA,QWH-83251,Eunice Mutoro,2026-09-29,Monica Wanjiru
BP-2026-0715,ADM-1124,Peter Mutoro,Grade 2 A,Term 3,2026,3200,Cash,CSH-95285,Eunice Mutoro,2026-10-28,Andreah Smithh
BP-2026-0716,ADM-1125,Donald Kiprop,Grade 2 A,Term 1,2026,30000,Cash,CSH-26779,William Kiprop,2026-01-22,Monica Wanjiru
BP-2026-0717,ADM-1125,Donald Kiprop,Grade 2 A,Term 2,2026,6000,M-PESA,QWH-56666,William Kiprop,2026-05-29,Rebecca Wanjala
BP-2026-0718,ADM-1125,Donald Kiprop,Grade 2 A,Term 2,2026,9000,Cash,CSH-95591,William Kiprop,2026-06-04,Andreah Smithh
BP-2026-0719,ADM-1125,Donald Kiprop,Grade 2 A,Term 3,2026,2200,Cash,CSH-55822,William Kiprop,2026-09-26,Andreah Smithh
BP-2026-0720,ADM-1125,Donald Kiprop,Grade 2 A,Term 3,2026,1200,Cash,CSH-49238,William Kiprop,2026-10-18,Andreah Smithh
BP-2026-0721,ADM-1125,Donald Kiprop,Grade 2 A,Term 3,2026,1500,Bank Transfer,RTN-70679,William Kiprop,2026-10-20,Monica Wanjiru
BP-2026-0722,ADM-1126,Rachael Mbithi,Grade 2 A,Term 1,2026,12000,Cash,CSH-40647,Teresia Mbithi,2026-01-13,Andreah Smithh
BP-2026-0723,ADM-1126,Rachael Mbithi,Grade 2 A,Term 2,2026,3900,Cheque,CHQ-26542,Teresia Mbithi,2026-05-08,Monica Wanjiru
BP-2026-0724,ADM-1126,Rachael Mbithi,Grade 2 A,Term 2,2026,11100,M-PESA,QWH-59552,Teresia Mbithi,2026-05-23,Rebecca Wanjala
BP-2026-0725,ADM-1127,James Natepo,Grade 2 A,Term 1,2026,4600,M-PESA,QWH-70280,Samuel Natepo,2026-01-18,Monica Wanjiru
BP-2026-0726,ADM-1127,James Natepo,Grade 2 A,Term 1,2026,10100,M-PESA,QWH-90003,Samuel Natepo,2026-01-26,Andreah Smithh
BP-2026-0727,ADM-1127,James Natepo,Grade 2 A,Term 2,2026,6800,M-PESA,QWH-59210,Samuel Natepo,2026-05-26,Monica Wanjiru
BP-2026-0728,ADM-1127,James Natepo,Grade 2 A,Term 2,2026,3200,M-PESA,QWH-51527,Samuel Natepo,2026-05-28,Monica Wanjiru
BP-2026-0729,ADM-1127,James Natepo,Grade 2 A,Term 2,2026,5000,Bank Transfer,RTN-93417,Samuel Natepo,2026-06-09,Rebecca Wanjala
BP-2026-0730,ADM-1127,James Natepo,Grade 2 A,Term 3,2026,3900,Bank Transfer,RTN-10327,Samuel Natepo,2026-09-13,Rebecca Wanjala
BP-2026-0731,ADM-1127,James Natepo,Grade 2 A,Term 3,2026,1600,Cheque,CHQ-91726,Samuel Natepo,2026-10-15,Monica Wanjiru
BP-2026-0732,ADM-1127,James Natepo,Grade 2 A,Term 3,2026,3500,M-PESA,QWH-45694,Samuel Natepo,2026-10-16,Monica Wanjiru
BP-2026-0733,ADM-1128,Amos Langat,Grade 2 A,Term 1,2026,30000,Cash,CSH-60060,Luke Langat,2026-01-26,Andreah Smithh
BP-2026-0734,ADM-1128,Amos Langat,Grade 2 A,Term 2,2026,4800,Bank Transfer,RTN-70631,Luke Langat,2026-05-31,Monica Wanjiru
BP-2026-0735,ADM-1128,Amos Langat,Grade 2 A,Term 2,2026,10200,Bank Transfer,RTN-65183,Luke Langat,2026-06-10,Andreah Smithh
BP-2026-0736,ADM-1129,Olivia Suleiman,Grade 2 A,Term 1,2026,8300,Cheque,CHQ-87701,Collins Suleiman,2026-02-01,Rebecca Wanjala
BP-2026-0737,ADM-1129,Olivia Suleiman,Grade 2 A,Term 1,2026,21700,Cash,CSH-46761,Collins Suleiman,2026-02-12,Andreah Smithh
BP-2026-0738,ADM-1129,Olivia Suleiman,Grade 2 A,Term 2,2026,6500,Bank Transfer,RTN-53958,Collins Suleiman,2026-05-16,Monica Wanjiru
BP-2026-0739,ADM-1129,Olivia Suleiman,Grade 2 A,Term 2,2026,2500,Bank Transfer,RTN-39890,Collins Suleiman,2026-06-18,Monica Wanjiru
BP-2026-0740,ADM-1129,Olivia Suleiman,Grade 2 A,Term 2,2026,6000,Bank Transfer,RTN-49266,Collins Suleiman,2026-06-25,Monica Wanjiru
BP-2026-0741,ADM-1129,Olivia Suleiman,Grade 2 A,Term 3,2026,2600,Cash,CSH-35683,Collins Suleiman,2026-10-04,Rebecca Wanjala
BP-2026-0742,ADM-1129,Olivia Suleiman,Grade 2 A,Term 3,2026,6400,M-PESA,QWH-81005,Collins Suleiman,2026-10-14,Andreah Smithh
BP-2026-0743,ADM-1130,Isaac Mpaine,Grade 2 A,Term 1,2026,12000,M-PESA,QWH-83185,Edna Mpaine,2026-01-13,Rebecca Wanjala
BP-2026-0744,ADM-1130,Isaac Mpaine,Grade 2 A,Term 1,2026,4000,Cheque,CHQ-14683,Edna Mpaine,2026-02-13,Monica Wanjiru
BP-2026-0745,ADM-1130,Isaac Mpaine,Grade 2 A,Term 1,2026,10700,M-PESA,QWH-20414,Edna Mpaine,2026-02-14,Monica Wanjiru
BP-2026-0746,ADM-1130,Isaac Mpaine,Grade 2 A,Term 2,2026,11600,M-PESA,QWH-45627,Edna Mpaine,2026-05-08,Andreah Smithh
BP-2026-0747,ADM-1130,Isaac Mpaine,Grade 2 A,Term 3,2026,4100,M-PESA,QWH-19006,Edna Mpaine,2026-09-24,Monica Wanjiru
BP-2026-0748,ADM-1130,Isaac Mpaine,Grade 2 A,Term 3,2026,4900,Cheque,CHQ-44112,Edna Mpaine,2026-10-19,Andreah Smithh
BP-2026-0749,ADM-1131,Joshua Sichangi,Grade 2 A,Term 1,2026,10400,Bank Transfer,RTN-66273,Mark Sichangi,2026-01-13,Monica Wanjiru
BP-2026-0750,ADM-1131,Joshua Sichangi,Grade 2 A,Term 1,2026,19600,Bank Transfer,RTN-17565,Mark Sichangi,2026-02-08,Rebecca Wanjala
BP-2026-0751,ADM-1131,Joshua Sichangi,Grade 2 A,Term 2,2026,7700,M-PESA,QWH-56670,Mark Sichangi,2026-05-15,Rebecca Wanjala
BP-2026-0752,ADM-1131,Joshua Sichangi,Grade 2 A,Term 2,2026,7300,Bank Transfer,RTN-92000,Mark Sichangi,2026-06-03,Monica Wanjiru
BP-2026-0753,ADM-1132,Ian Abdi,Grade 2 A,Term 1,2026,30000,Cash,CSH-52887,Alex Abdi,2026-01-26,Rebecca Wanjala
BP-2026-0754,ADM-1132,Ian Abdi,Grade 2 A,Term 2,2026,5300,Bank Transfer,RTN-80960,Alex Abdi,2026-05-17,Andreah Smithh
BP-2026-0755,ADM-1132,Ian Abdi,Grade 2 A,Term 2,2026,9700,M-PESA,QWH-50533,Alex Abdi,2026-06-01,Andreah Smithh
BP-2026-0756,ADM-1132,Ian Abdi,Grade 2 A,Term 3,2026,5500,M-PESA,QWH-66432,Alex Abdi,2026-09-25,Rebecca Wanjala
BP-2026-0757,ADM-1133,Timothy Maundu,Grade 2 B,Term 1,2026,15700,Bank Transfer,RTN-24289,Michael Maundu,2026-01-17,Rebecca Wanjala
BP-2026-0758,ADM-1133,Timothy Maundu,Grade 2 B,Term 1,2026,6800,M-PESA,QWH-41683,Michael Maundu,2026-02-16,Andreah Smithh
BP-2026-0759,ADM-1133,Timothy Maundu,Grade 2 B,Term 1,2026,7500,Cash,CSH-21340,Michael Maundu,2026-03-02,Monica Wanjiru
BP-2026-0760,ADM-1133,Timothy Maundu,Grade 2 B,Term 2,2026,6800,Cash,CSH-38829,Michael Maundu,2026-05-21,Rebecca Wanjala
BP-2026-0761,ADM-1134,Eric Kosgei,Grade 2 B,Term 1,2026,7900,Cash,CSH-43004,Kipchoge Kosgei,2026-01-11,Monica Wanjiru
BP-2026-0762,ADM-1134,Eric Kosgei,Grade 2 B,Term 1,2026,22100,Cash,CSH-94261,Kipchoge Kosgei,2026-02-09,Monica Wanjiru
BP-2026-0763,ADM-1134,Eric Kosgei,Grade 2 B,Term 2,2026,15000,Cheque,CHQ-78444,Kipchoge Kosgei,2026-05-10,Andreah Smithh
BP-2026-0764,ADM-1134,Eric Kosgei,Grade 2 B,Term 3,2026,1600,M-PESA,QWH-66032,Kipchoge Kosgei,2026-09-26,Andreah Smithh
BP-2026-0765,ADM-1134,Eric Kosgei,Grade 2 B,Term 3,2026,4400,Cheque,CHQ-90317,Kipchoge Kosgei,2026-10-10,Monica Wanjiru
BP-2026-0766,ADM-1135,Amara Abdalla,Grade 2 B,Term 1,2026,30000,Bank Transfer,RTN-27822,Felix Abdalla,2026-01-22,Andreah Smithh
BP-2026-0767,ADM-1135,Amara Abdalla,Grade 2 B,Term 2,2026,15000,M-PESA,QWH-43800,Felix Abdalla,2026-05-21,Rebecca Wanjala
BP-2026-0768,ADM-1135,Amara Abdalla,Grade 2 B,Term 3,2026,3600,Cash,CSH-26918,Felix Abdalla,2026-09-20,Rebecca Wanjala
BP-2026-0769,ADM-1135,Amara Abdalla,Grade 2 B,Term 3,2026,2900,M-PESA,QWH-38808,Felix Abdalla,2026-10-06,Rebecca Wanjala
BP-2026-0770,ADM-1136,Hillary Adhiambo,Grade 2 B,Term 1,2026,33000,Cash,CSH-39425,Benjamin Adhiambo,2026-01-20,Monica Wanjiru
BP-2026-0771,ADM-1136,Hillary Adhiambo,Grade 2 B,Term 2,2026,12000,M-PESA,QWH-41645,Benjamin Adhiambo,2026-05-16,Rebecca Wanjala
BP-2026-0772,ADM-1136,Hillary Adhiambo,Grade 2 B,Term 3,2026,9000,M-PESA,QWH-11247,Benjamin Adhiambo,2026-09-27,Monica Wanjiru
BP-2026-0773,ADM-1137,Patrick Hassan,Grade 2 B,Term 1,2026,8200,Cash,CSH-14262,Sophia Hassan,2026-01-16,Rebecca Wanjala
BP-2026-0774,ADM-1137,Patrick Hassan,Grade 2 B,Term 1,2026,7700,Cheque,CHQ-40638,Sophia Hassan,2026-01-29,Rebecca Wanjala
BP-2026-0775,ADM-1137,Patrick Hassan,Grade 2 B,Term 1,2026,14100,Bank Transfer,RTN-44760,Sophia Hassan,2026-02-12,Monica Wanjiru
BP-2026-0776,ADM-1137,Patrick Hassan,Grade 2 B,Term 2,2026,15000,Cheque,CHQ-48608,Sophia Hassan,2026-05-25,Andreah Smithh
BP-2026-0777,ADM-1138,Alex Juma,Grade 2 B,Term 1,2026,8700,Bank Transfer,RTN-92227,Grace Juma,2026-01-25,Rebecca Wanjala
BP-2026-0778,ADM-1138,Alex Juma,Grade 2 B,Term 1,2026,6800,Bank Transfer,RTN-85207,Grace Juma,2026-01-31,Andreah Smithh
BP-2026-0779,ADM-1138,Alex Juma,Grade 2 B,Term 1,2026,10600,Cheque,CHQ-28035,Grace Juma,2026-02-15,Monica Wanjiru
BP-2026-0780,ADM-1138,Alex Juma,Grade 2 B,Term 2,2026,4000,M-PESA,QWH-79698,Grace Juma,2026-05-24,Andreah Smithh
BP-2026-0781,ADM-1138,Alex Juma,Grade 2 B,Term 2,2026,11000,M-PESA,QWH-36821,Grace Juma,2026-06-03,Monica Wanjiru
BP-2026-0782,ADM-1138,Alex Juma,Grade 2 B,Term 3,2026,6700,M-PESA,QWH-39994,Grace Juma,2026-10-01,Monica Wanjiru
BP-2026-0783,ADM-1139,Trevor Kinyua,Grade 2 B,Term 1,2026,9500,Bank Transfer,RTN-93822,David Kinyua,2026-01-22,Rebecca Wanjala
BP-2026-0784,ADM-1139,Trevor Kinyua,Grade 2 B,Term 1,2026,6600,M-PESA,QWH-99206,David Kinyua,2026-01-30,Andreah Smithh
BP-2026-0785,ADM-1139,Trevor Kinyua,Grade 2 B,Term 1,2026,13900,Cash,CSH-23033,David Kinyua,2026-02-20,Rebecca Wanjala
BP-2026-0786,ADM-1139,Trevor Kinyua,Grade 2 B,Term 2,2026,6400,M-PESA,QWH-89992,David Kinyua,2026-05-13,Monica Wanjiru
BP-2026-0787,ADM-1139,Trevor Kinyua,Grade 2 B,Term 2,2026,8600,Bank Transfer,RTN-94726,David Kinyua,2026-06-16,Rebecca Wanjala
BP-2026-0788,ADM-1140,Judith Farah,Grade 2 B,Term 1,2026,7800,Bank Transfer,RTN-63666,Meshack Farah,2026-01-12,Monica Wanjiru
BP-2026-0789,ADM-1140,Judith Farah,Grade 2 B,Term 1,2026,2700,M-PESA,QWH-89311,Meshack Farah,2026-01-27,Monica Wanjiru
BP-2026-0790,ADM-1140,Judith Farah,Grade 2 B,Term 1,2026,6900,Cash,CSH-29242,Meshack Farah,2026-02-11,Rebecca Wanjala
BP-2026-0791,ADM-1140,Judith Farah,Grade 2 B,Term 2,2026,15000,Bank Transfer,RTN-69614,Meshack Farah,2026-05-19,Rebecca Wanjala
BP-2026-0792,ADM-1140,Judith Farah,Grade 2 B,Term 3,2026,5600,Cash,CSH-51925,Meshack Farah,2026-09-10,Andreah Smithh
BP-2026-0793,ADM-1141,Purity Maundu,Grade 2 B,Term 1,2026,30000,M-PESA,QWH-67507,Sonia Maundu,2026-01-26,Monica Wanjiru
BP-2026-0794,ADM-1141,Purity Maundu,Grade 2 B,Term 2,2026,7300,Cash,CSH-54618,Sonia Maundu,2026-06-01,Rebecca Wanjala
BP-2026-0795,ADM-1141,Purity Maundu,Grade 2 B,Term 2,2026,7700,M-PESA,QWH-33541,Sonia Maundu,2026-06-14,Andreah Smithh
BP-2026-0796,ADM-1142,Kiplangat Syombua,Grade 2 B,Term 1,2026,8700,Bank Transfer,RTN-13318,Gladys Syombua,2026-01-17,Rebecca Wanjala
BP-2026-0797,ADM-1142,Kiplangat Syombua,Grade 2 B,Term 1,2026,9800,M-PESA,QWH-24712,Gladys Syombua,2026-02-07,Monica Wanjiru
BP-2026-0798,ADM-1142,Kiplangat Syombua,Grade 2 B,Term 1,2026,11500,Cheque,CHQ-75607,Gladys Syombua,2026-02-10,Monica Wanjiru
BP-2026-0799,ADM-1142,Kiplangat Syombua,Grade 2 B,Term 2,2026,8000,M-PESA,QWH-69727,Gladys Syombua,2026-05-13,Rebecca Wanjala
BP-2026-0800,ADM-1142,Kiplangat Syombua,Grade 2 B,Term 2,2026,2300,Cash,CSH-61705,Gladys Syombua,2026-05-27,Monica Wanjiru
BP-2026-0801,ADM-1142,Kiplangat Syombua,Grade 2 B,Term 2,2026,4700,Bank Transfer,RTN-58976,Gladys Syombua,2026-06-13,Monica Wanjiru
BP-2026-0802,ADM-1142,Kiplangat Syombua,Grade 2 B,Term 3,2026,4300,M-PESA,QWH-51666,Gladys Syombua,2026-09-24,Monica Wanjiru
BP-2026-0803,ADM-1142,Kiplangat Syombua,Grade 2 B,Term 3,2026,4700,M-PESA,QWH-56091,Gladys Syombua,2026-10-06,Rebecca Wanjala
BP-2026-0804,ADM-1143,Esther Sironka,Grade 2 B,Term 1,2026,30000,Cash,CSH-22151,Vincent Sironka,2026-01-18,Rebecca Wanjala
BP-2026-0805,ADM-1143,Esther Sironka,Grade 2 B,Term 2,2026,4800,Bank Transfer,RTN-37082,Vincent Sironka,2026-05-25,Monica Wanjiru
BP-2026-0806,ADM-1143,Esther Sironka,Grade 2 B,Term 2,2026,10200,Bank Transfer,RTN-49599,Vincent Sironka,2026-06-12,Monica Wanjiru
BP-2026-0807,ADM-1143,Esther Sironka,Grade 2 B,Term 3,2026,9000,Cheque,CHQ-18873,Vincent Sironka,2026-09-27,Andreah Smithh
BP-2026-0808,ADM-1144,Harrison Njoroge,Grade 2 B,Term 1,2026,23600,Cash,CSH-92802,Stephen Njoroge,2026-01-19,Andreah Smithh
BP-2026-0809,ADM-1144,Harrison Njoroge,Grade 2 B,Term 1,2026,21400,Cash,CSH-69739,Stephen Njoroge,2026-01-30,Andreah Smithh
BP-2026-0810,ADM-1144,Harrison Njoroge,Grade 2 B,Term 2,2026,30000,M-PESA,QWH-35576,Stephen Njoroge,2026-05-25,Rebecca Wanjala
BP-2026-0811,ADM-1144,Harrison Njoroge,Grade 2 B,Term 3,2026,4600,M-PESA,QWH-10448,Stephen Njoroge,2026-09-12,Rebecca Wanjala
BP-2026-0812,ADM-1144,Harrison Njoroge,Grade 2 B,Term 3,2026,2000,M-PESA,QWH-99988,Stephen Njoroge,2026-09-29,Monica Wanjiru
BP-2026-0813,ADM-1144,Harrison Njoroge,Grade 2 B,Term 3,2026,2500,M-PESA,QWH-11604,Stephen Njoroge,2026-10-10,Monica Wanjiru
BP-2026-0814,ADM-1145,Wesley Mwende,Grade 2 B,Term 1,2026,8100,M-PESA,QWH-25494,Joshua Mwende,2026-01-20,Andreah Smithh
BP-2026-0815,ADM-1145,Wesley Mwende,Grade 2 B,Term 1,2026,9900,Cheque,CHQ-46200,Joshua Mwende,2026-02-03,Andreah Smithh
BP-2026-0816,ADM-1145,Wesley Mwende,Grade 2 B,Term 1,2026,12000,M-PESA,QWH-47346,Joshua Mwende,2026-02-15,Monica Wanjiru
BP-2026-0817,ADM-1145,Wesley Mwende,Grade 2 B,Term 2,2026,4100,M-PESA,QWH-73683,Joshua Mwende,2026-05-11,Monica Wanjiru
BP-2026-0818,ADM-1145,Wesley Mwende,Grade 2 B,Term 2,2026,10900,M-PESA,QWH-19954,Joshua Mwende,2026-06-14,Monica Wanjiru
BP-2026-0819,ADM-1145,Wesley Mwende,Grade 2 B,Term 3,2026,5600,Cheque,CHQ-66663,Joshua Mwende,2026-09-14,Monica Wanjiru
BP-2026-0820,ADM-1146,Gloria Khisa,Grade 2 B,Term 1,2026,9800,M-PESA,QWH-94619,Donald Khisa,2026-01-18,Andreah Smithh
BP-2026-0821,ADM-1146,Gloria Khisa,Grade 2 B,Term 1,2026,20200,Cash,CSH-57501,Donald Khisa,2026-02-08,Rebecca Wanjala
BP-2026-0822,ADM-1146,Gloria Khisa,Grade 2 B,Term 2,2026,15000,M-PESA,QWH-47056,Donald Khisa,2026-06-01,Monica Wanjiru
BP-2026-0823,ADM-1146,Gloria Khisa,Grade 2 B,Term 3,2026,4800,Bank Transfer,RTN-57147,Donald Khisa,2026-09-24,Andreah Smithh
BP-2026-0824,ADM-1146,Gloria Khisa,Grade 2 B,Term 3,2026,4200,Cash,CSH-56459,Donald Khisa,2026-09-28,Monica Wanjiru
BP-2026-0825,ADM-1147,Francis Khamis,Grade 2 B,Term 1,2026,30000,Cash,CSH-81500,Timothy Khamis,2026-01-23,Andreah Smithh
BP-2026-0826,ADM-1147,Francis Khamis,Grade 2 B,Term 2,2026,15000,Bank Transfer,RTN-95711,Timothy Khamis,2026-05-26,Rebecca Wanjala
BP-2026-0827,ADM-1148,Moses Omondi,Grade 2 B,Term 1,2026,15400,M-PESA,QWH-14904,Mark Omondi,2026-01-22,Monica Wanjiru
BP-2026-0828,ADM-1148,Moses Omondi,Grade 2 B,Term 1,2026,13000,Cash,CSH-43661,Mark Omondi,2026-01-31,Andreah Smithh
BP-2026-0829,ADM-1148,Moses Omondi,Grade 2 B,Term 1,2026,12600,M-PESA,QWH-65399,Mark Omondi,2026-02-21,Monica Wanjiru
BP-2026-0830,ADM-1148,Moses Omondi,Grade 2 B,Term 2,2026,10100,Cash,CSH-31729,Mark Omondi,2026-05-08,Andreah Smithh
BP-2026-0831,ADM-1148,Moses Omondi,Grade 2 B,Term 2,2026,8400,Bank Transfer,RTN-99357,Mark Omondi,2026-06-02,Monica Wanjiru
BP-2026-0832,ADM-1148,Moses Omondi,Grade 2 B,Term 2,2026,7500,M-PESA,QWH-51389,Mark Omondi,2026-06-11,Monica Wanjiru
BP-2026-0833,ADM-1148,Moses Omondi,Grade 2 B,Term 3,2026,3700,Cheque,CHQ-13298,Mark Omondi,2026-09-12,Andreah Smithh
BP-2026-0834,ADM-1148,Moses Omondi,Grade 2 B,Term 3,2026,4700,M-PESA,QWH-78636,Mark Omondi,2026-09-26,Rebecca Wanjala
BP-2026-0835,ADM-1149,Anthony Igweta,Grade 2 B,Term 1,2026,11200,Bank Transfer,RTN-79179,Dennis Igweta,2026-01-18,Andreah Smithh
BP-2026-0836,ADM-1149,Anthony Igweta,Grade 2 B,Term 1,2026,18800,Bank Transfer,RTN-61742,Dennis Igweta,2026-02-14,Andreah Smithh
BP-2026-0837,ADM-1149,Anthony Igweta,Grade 2 B,Term 2,2026,15000,Cheque,CHQ-79846,Dennis Igweta,2026-06-02,Andreah Smithh
BP-2026-0838,ADM-1149,Anthony Igweta,Grade 2 B,Term 3,2026,3700,Cash,CSH-75888,Dennis Igweta,2026-09-23,Andreah Smithh
BP-2026-0839,ADM-1149,Anthony Igweta,Grade 2 B,Term 3,2026,5300,Cheque,CHQ-58074,Dennis Igweta,2026-10-07,Andreah Smithh
BP-2026-0840,ADM-1150,Michael Mwangi,Grade 2 B,Term 1,2026,10700,Cash,CSH-47568,Anthony Mwangi,2026-01-11,Monica Wanjiru
BP-2026-0841,ADM-1150,Michael Mwangi,Grade 2 B,Term 1,2026,19300,M-PESA,QWH-85004,Anthony Mwangi,2026-01-27,Rebecca Wanjala
BP-2026-0842,ADM-1150,Michael Mwangi,Grade 2 B,Term 2,2026,2800,Cheque,CHQ-31730,Anthony Mwangi,2026-05-09,Monica Wanjiru
BP-2026-0843,ADM-1150,Michael Mwangi,Grade 2 B,Term 2,2026,4000,Cash,CSH-20379,Anthony Mwangi,2026-06-15,Monica Wanjiru
BP-2026-0844,ADM-1151,Grace Juma,Grade 2 B,Term 1,2026,30000,Cash,CSH-92335,Ian Juma,2026-02-01,Andreah Smithh
BP-2026-0845,ADM-1152,Dorcas Khisa,Grade 2 B,Term 1,2026,12900,Cash,CSH-28594,James Khisa,2026-01-09,Rebecca Wanjala
BP-2026-0846,ADM-1152,Dorcas Khisa,Grade 2 B,Term 2,2026,4400,M-PESA,QWH-18595,James Khisa,2026-05-09,Monica Wanjiru
BP-2026-0847,ADM-1152,Dorcas Khisa,Grade 2 B,Term 2,2026,10600,Bank Transfer,RTN-63738,James Khisa,2026-06-18,Andreah Smithh
BP-2026-0848,ADM-1153,Hellen Langat,Grade 2 B,Term 1,2026,9000,M-PESA,QWH-31298,William Langat,2026-02-02,Monica Wanjiru
BP-2026-0849,ADM-1153,Hellen Langat,Grade 2 B,Term 1,2026,8900,Bank Transfer,RTN-55869,William Langat,2026-01-26,Andreah Smithh
BP-2026-0850,ADM-1153,Hellen Langat,Grade 2 B,Term 1,2026,12100,Cash,CSH-44654,William Langat,2026-03-02,Andreah Smithh
BP-2026-0851,ADM-1153,Hellen Langat,Grade 2 B,Term 2,2026,15000,M-PESA,QWH-74773,William Langat,2026-05-29,Rebecca Wanjala
BP-2026-0852,ADM-1154,Naomi Kiptum,Grade 2 B,Term 1,2026,30000,M-PESA,QWH-70880,Elijah Kiptum,2026-01-21,Rebecca Wanjala
BP-2026-0853,ADM-1154,Naomi Kiptum,Grade 2 B,Term 2,2026,3400,Cash,CSH-85027,Elijah Kiptum,2026-05-28,Monica Wanjiru
BP-2026-0854,ADM-1154,Naomi Kiptum,Grade 2 B,Term 2,2026,4300,M-PESA,QWH-92957,Elijah Kiptum,2026-05-25,Andreah Smithh
BP-2026-0855,ADM-1154,Naomi Kiptum,Grade 2 B,Term 3,2026,4700,Bank Transfer,RTN-52567,Elijah Kiptum,2026-09-15,Andreah Smithh
BP-2026-0856,ADM-1155,Wesley Njoroge,Grade 2 B,Term 1,2026,30000,M-PESA,QWH-87097,Luke Njoroge,2026-01-24,Rebecca Wanjala
BP-2026-0857,ADM-1155,Wesley Njoroge,Grade 2 B,Term 2,2026,8000,Cash,CSH-76352,Luke Njoroge,2026-05-20,Rebecca Wanjala
BP-2026-0858,ADM-1155,Wesley Njoroge,Grade 2 B,Term 2,2026,7000,Bank Transfer,RTN-29342,Luke Njoroge,2026-06-15,Rebecca Wanjala
BP-2026-0859,ADM-1155,Wesley Njoroge,Grade 2 B,Term 3,2026,2600,Bank Transfer,RTN-11517,Luke Njoroge,2026-09-09,Monica Wanjiru
BP-2026-0860,ADM-1155,Wesley Njoroge,Grade 2 B,Term 3,2026,2100,Cheque,CHQ-87979,Luke Njoroge,2026-10-05,Andreah Smithh
BP-2026-0861,ADM-1156,Susan Nthiga,Grade 2 B,Term 1,2026,23100,Bank Transfer,RTN-50110,Hillary Nthiga,2026-01-17,Andreah Smithh
BP-2026-0862,ADM-1156,Susan Nthiga,Grade 2 B,Term 2,2026,6500,Bank Transfer,RTN-55411,Hillary Nthiga,2026-05-13,Andreah Smithh
BP-2026-0863,ADM-1156,Susan Nthiga,Grade 2 B,Term 2,2026,8500,M-PESA,QWH-28758,Hillary Nthiga,2026-06-08,Monica Wanjiru
BP-2026-0864,ADM-1157,Alex Hassan,Grade 2 B,Term 1,2026,14100,Cash,CSH-92914,Charity Hassan,2026-01-21,Rebecca Wanjala
BP-2026-0865,ADM-1157,Alex Hassan,Grade 2 B,Term 1,2026,4400,M-PESA,QWH-22730,Charity Hassan,2026-02-01,Monica Wanjiru
BP-2026-0866,ADM-1157,Alex Hassan,Grade 2 B,Term 1,2026,11500,Bank Transfer,RTN-36413,Charity Hassan,2026-02-28,Monica Wanjiru
BP-2026-0867,ADM-1157,Alex Hassan,Grade 2 B,Term 2,2026,6000,M-PESA,QWH-46807,Charity Hassan,2026-05-08,Rebecca Wanjala
BP-2026-0868,ADM-1157,Alex Hassan,Grade 2 B,Term 2,2026,4100,M-PESA,QWH-86012,Charity Hassan,2026-06-05,Rebecca Wanjala
BP-2026-0869,ADM-1157,Alex Hassan,Grade 2 B,Term 2,2026,4900,Cash,CSH-99113,Charity Hassan,2026-06-27,Rebecca Wanjala
BP-2026-0870,ADM-1157,Alex Hassan,Grade 2 B,Term 3,2026,3300,Cash,CSH-73271,Charity Hassan,2026-09-13,Andreah Smithh
BP-2026-0871,ADM-1157,Alex Hassan,Grade 2 B,Term 3,2026,5700,Bank Transfer,RTN-38548,Charity Hassan,2026-10-04,Andreah Smithh
BP-2026-0872,ADM-1158,David Kimeu,Grade 2 B,Term 1,2026,13700,M-PESA,QWH-81289,Gideon Kimeu,2026-01-20,Rebecca Wanjala
BP-2026-0873,ADM-1158,David Kimeu,Grade 2 B,Term 1,2026,16300,M-PESA,QWH-88686,Gideon Kimeu,2026-02-05,Rebecca Wanjala
BP-2026-0874,ADM-1158,David Kimeu,Grade 2 B,Term 2,2026,6300,M-PESA,QWH-97490,Gideon Kimeu,2026-06-02,Andreah Smithh
BP-2026-0875,ADM-1158,David Kimeu,Grade 2 B,Term 2,2026,6800,M-PESA,QWH-47538,Gideon Kimeu,2026-06-01,Andreah Smithh
BP-2026-0876,ADM-1158,David Kimeu,Grade 2 B,Term 2,2026,5900,Bank Transfer,RTN-17428,Gideon Kimeu,2026-06-18,Andreah Smithh
BP-2026-0877,ADM-1158,David Kimeu,Grade 2 B,Term 3,2026,5000,Bank Transfer,RTN-80139,Gideon Kimeu,2026-09-14,Rebecca Wanjala
BP-2026-0878,ADM-1159,Francis Wamalwa,Grade 2 B,Term 1,2026,30000,Cheque,CHQ-33605,Winnie Wamalwa,2026-01-18,Andreah Smithh
BP-2026-0879,ADM-1159,Francis Wamalwa,Grade 2 B,Term 2,2026,7800,M-PESA,QWH-95470,Winnie Wamalwa,2026-05-29,Rebecca Wanjala
BP-2026-0880,ADM-1159,Francis Wamalwa,Grade 2 B,Term 2,2026,2100,Bank Transfer,RTN-24839,Winnie Wamalwa,2026-05-29,Monica Wanjiru
BP-2026-0881,ADM-1159,Francis Wamalwa,Grade 2 B,Term 2,2026,5100,Cash,CSH-74319,Winnie Wamalwa,2026-06-24,Rebecca Wanjala
BP-2026-0882,ADM-1159,Francis Wamalwa,Grade 2 B,Term 3,2026,2700,Cash,CSH-20501,Winnie Wamalwa,2026-09-17,Andreah Smithh
BP-2026-0883,ADM-1159,Francis Wamalwa,Grade 2 B,Term 3,2026,1000,Bank Transfer,RTN-80851,Winnie Wamalwa,2026-09-30,Monica Wanjiru
BP-2026-0884,ADM-1159,Francis Wamalwa,Grade 2 B,Term 3,2026,1900,M-PESA,QWH-36427,Winnie Wamalwa,2026-10-13,Monica Wanjiru
BP-2026-0885,ADM-1160,Sonia Chemtai,Grade 2 B,Term 1,2026,10900,Cash,CSH-40263,Patrick Chemtai,2026-01-26,Andreah Smithh
BP-2026-0886,ADM-1160,Sonia Chemtai,Grade 2 B,Term 1,2026,9600,M-PESA,QWH-97160,Patrick Chemtai,2026-02-08,Monica Wanjiru
BP-2026-0887,ADM-1160,Sonia Chemtai,Grade 2 B,Term 1,2026,9500,Bank Transfer,RTN-34241,Patrick Chemtai,2026-02-14,Rebecca Wanjala
BP-2026-0888,ADM-1160,Sonia Chemtai,Grade 2 B,Term 2,2026,2800,M-PESA,QWH-19704,Patrick Chemtai,2026-05-15,Andreah Smithh
BP-2026-0889,ADM-1160,Sonia Chemtai,Grade 2 B,Term 2,2026,3500,M-PESA,QWH-43098,Patrick Chemtai,2026-06-06,Monica Wanjiru
BP-2026-0890,ADM-1160,Sonia Chemtai,Grade 2 B,Term 2,2026,3300,Bank Transfer,RTN-98130,Patrick Chemtai,2026-06-27,Andreah Smithh
BP-2026-0891,ADM-1160,Sonia Chemtai,Grade 2 B,Term 3,2026,3000,Bank Transfer,RTN-64811,Patrick Chemtai,2026-09-25,Andreah Smithh
BP-2026-0892,ADM-1160,Sonia Chemtai,Grade 2 B,Term 3,2026,6000,Cash,CSH-57190,Patrick Chemtai,2026-10-17,Andreah Smithh
BP-2026-0893,ADM-1161,Gladys Onyango,Grade 2 B,Term 1,2026,38000,Bank Transfer,RTN-43120,Meshack Onyango,2026-01-18,Rebecca Wanjala
BP-2026-0894,ADM-1161,Gladys Onyango,Grade 2 B,Term 2,2026,23000,Cheque,CHQ-43210,Meshack Onyango,2026-05-07,Rebecca Wanjala
BP-2026-0895,ADM-1161,Gladys Onyango,Grade 2 B,Term 3,2026,5600,Bank Transfer,RTN-14275,Meshack Onyango,2026-09-26,Rebecca Wanjala
BP-2026-0896,ADM-1161,Gladys Onyango,Grade 2 B,Term 3,2026,5800,Cheque,CHQ-60482,Meshack Onyango,2026-09-28,Andreah Smithh
BP-2026-0897,ADM-1161,Gladys Onyango,Grade 2 B,Term 3,2026,5600,Bank Transfer,RTN-67128,Meshack Onyango,2026-10-21,Monica Wanjiru
BP-2026-0898,ADM-1162,Monica Njenga,Grade 2 B,Term 1,2026,30000,M-PESA,QWH-64299,Trevor Njenga,2026-01-13,Andreah Smithh
BP-2026-0899,ADM-1162,Monica Njenga,Grade 2 B,Term 2,2026,4200,M-PESA,QWH-36070,Trevor Njenga,2026-05-15,Rebecca Wanjala
BP-2026-0900,ADM-1162,Monica Njenga,Grade 2 B,Term 2,2026,10800,Cheque,CHQ-57186,Trevor Njenga,2026-06-19,Rebecca Wanjala
BP-2026-0901,ADM-1162,Monica Njenga,Grade 2 B,Term 3,2026,1500,Cheque,CHQ-33161,Trevor Njenga,2026-09-17,Monica Wanjiru
BP-2026-0902,ADM-1162,Monica Njenga,Grade 2 B,Term 3,2026,1700,Cheque,CHQ-48349,Trevor Njenga,2026-10-14,Andreah Smithh
BP-2026-0903,ADM-1162,Monica Njenga,Grade 2 B,Term 3,2026,2300,Cash,CSH-30405,Trevor Njenga,2026-10-08,Monica Wanjiru
BP-2026-0904,ADM-1163,Harrison Muthoka,Grade 2 B,Term 1,2026,11900,Cash,CSH-25359,Godfrey Muthoka,2026-01-16,Andreah Smithh
BP-2026-0905,ADM-1163,Harrison Muthoka,Grade 2 B,Term 1,2026,4700,Bank Transfer,RTN-35545,Godfrey Muthoka,2026-01-31,Rebecca Wanjala
BP-2026-0906,ADM-1163,Harrison Muthoka,Grade 2 B,Term 1,2026,13400,Cheque,CHQ-61930,Godfrey Muthoka,2026-02-27,Rebecca Wanjala
BP-2026-0907,ADM-1163,Harrison Muthoka,Grade 2 B,Term 2,2026,8200,M-PESA,QWH-73887,Godfrey Muthoka,2026-05-15,Monica Wanjiru
BP-2026-0908,ADM-1163,Harrison Muthoka,Grade 2 B,Term 2,2026,3000,Cash,CSH-11510,Godfrey Muthoka,2026-06-03,Andreah Smithh
BP-2026-0909,ADM-1163,Harrison Muthoka,Grade 2 B,Term 2,2026,3800,Cheque,CHQ-32737,Godfrey Muthoka,2026-06-18,Monica Wanjiru
BP-2026-0910,ADM-1163,Harrison Muthoka,Grade 2 B,Term 3,2026,1800,Bank Transfer,RTN-54041,Godfrey Muthoka,2026-09-24,Monica Wanjiru
BP-2026-0911,ADM-1163,Harrison Muthoka,Grade 2 B,Term 3,2026,1000,M-PESA,QWH-43981,Godfrey Muthoka,2026-09-28,Andreah Smithh
BP-2026-0912,ADM-1163,Harrison Muthoka,Grade 2 B,Term 3,2026,1300,Cash,CSH-19282,Godfrey Muthoka,2026-10-11,Andreah Smithh
BP-2026-0913,ADM-1164,Janet Maina,Grade 2 B,Term 1,2026,13600,Cash,CSH-45528,Andrew Maina,2026-01-13,Andreah Smithh
BP-2026-0914,ADM-1164,Janet Maina,Grade 2 B,Term 1,2026,4600,M-PESA,QWH-48729,Andrew Maina,2026-02-06,Monica Wanjiru
BP-2026-0915,ADM-1164,Janet Maina,Grade 2 B,Term 1,2026,11800,M-PESA,QWH-30019,Andrew Maina,2026-02-15,Monica Wanjiru
BP-2026-0916,ADM-1164,Janet Maina,Grade 2 B,Term 2,2026,4700,M-PESA,QWH-18379,Andrew Maina,2026-05-09,Monica Wanjiru
BP-2026-0917,ADM-1164,Janet Maina,Grade 2 B,Term 2,2026,10300,Cash,CSH-90359,Andrew Maina,2026-06-10,Rebecca Wanjala
BP-2026-0918,ADM-1165,Vincent Chemtai,Grade 3 A,Term 1,2026,12400,Bank Transfer,RTN-75505,Samuel Chemtai,2026-01-25,Monica Wanjiru
BP-2026-0919,ADM-1165,Vincent Chemtai,Grade 3 A,Term 1,2026,17600,M-PESA,QWH-82640,Samuel Chemtai,2026-01-23,Andreah Smithh
BP-2026-0920,ADM-1165,Vincent Chemtai,Grade 3 A,Term 2,2026,15000,Cash,CSH-97807,Samuel Chemtai,2026-05-14,Rebecca Wanjala
BP-2026-0921,ADM-1165,Vincent Chemtai,Grade 3 A,Term 3,2026,3900,Cheque,CHQ-57356,Samuel Chemtai,2026-09-28,Andreah Smithh
BP-2026-0922,ADM-1165,Vincent Chemtai,Grade 3 A,Term 3,2026,5100,Bank Transfer,RTN-20023,Samuel Chemtai,2026-10-17,Rebecca Wanjala
BP-2026-0923,ADM-1166,Kennedy Leshan,Grade 3 A,Term 1,2026,30000,Bank Transfer,RTN-63761,Peter Leshan,2026-01-10,Rebecca Wanjala
BP-2026-0924,ADM-1166,Kennedy Leshan,Grade 3 A,Term 2,2026,7500,Cheque,CHQ-75839,Peter Leshan,2026-05-12,Andreah Smithh
BP-2026-0925,ADM-1166,Kennedy Leshan,Grade 3 A,Term 2,2026,7500,M-PESA,QWH-87311,Peter Leshan,2026-06-03,Monica Wanjiru
BP-2026-0926,ADM-1166,Kennedy Leshan,Grade 3 A,Term 3,2026,2400,Bank Transfer,RTN-29572,Peter Leshan,2026-09-22,Monica Wanjiru
BP-2026-0927,ADM-1166,Kennedy Leshan,Grade 3 A,Term 3,2026,2400,M-PESA,QWH-89316,Peter Leshan,2026-10-09,Rebecca Wanjala
BP-2026-0928,ADM-1167,Dennis Mganga,Grade 3 A,Term 1,2026,10500,M-PESA,QWH-94080,Patrick Mganga,2026-01-30,Rebecca Wanjala
BP-2026-0929,ADM-1167,Dennis Mganga,Grade 3 A,Term 1,2026,19500,M-PESA,QWH-80814,Patrick Mganga,2026-01-25,Rebecca Wanjala
BP-2026-0930,ADM-1167,Dennis Mganga,Grade 3 A,Term 2,2026,3700,M-PESA,QWH-41842,Patrick Mganga,2026-05-27,Rebecca Wanjala
BP-2026-0931,ADM-1167,Dennis Mganga,Grade 3 A,Term 2,2026,1200,M-PESA,QWH-71369,Patrick Mganga,2026-06-07,Monica Wanjiru
BP-2026-0932,ADM-1167,Dennis Mganga,Grade 3 A,Term 2,2026,3500,M-PESA,QWH-84798,Patrick Mganga,2026-07-02,Rebecca Wanjala
BP-2026-0933,ADM-1168,Wesley Baariu,Grade 3 A,Term 1,2026,14700,M-PESA,QWH-53660,Michael Baariu,2026-01-21,Rebecca Wanjala
BP-2026-0934,ADM-1168,Wesley Baariu,Grade 3 A,Term 2,2026,6900,Bank Transfer,RTN-53579,Michael Baariu,2026-06-01,Andreah Smithh
BP-2026-0935,ADM-1168,Wesley Baariu,Grade 3 A,Term 2,2026,8100,Cash,CSH-97859,Michael Baariu,2026-06-08,Rebecca Wanjala
BP-2026-0936,ADM-1168,Wesley Baariu,Grade 3 A,Term 3,2026,2500,M-PESA,QWH-97493,Michael Baariu,2026-09-30,Rebecca Wanjala
BP-2026-0937,ADM-1168,Wesley Baariu,Grade 3 A,Term 3,2026,1500,M-PESA,QWH-20765,Michael Baariu,2026-10-03,Andreah Smithh
BP-2026-0938,ADM-1168,Wesley Baariu,Grade 3 A,Term 3,2026,2700,Cash,CSH-91455,Michael Baariu,2026-10-10,Monica Wanjiru
BP-2026-0939,ADM-1169,Edna Igweta,Grade 3 A,Term 1,2026,34000,Cash,CSH-53300,William Igweta,2026-01-16,Monica Wanjiru
BP-2026-0940,ADM-1169,Edna Igweta,Grade 3 A,Term 2,2026,5600,Cheque,CHQ-57971,William Igweta,2026-05-31,Monica Wanjiru
BP-2026-0941,ADM-1169,Edna Igweta,Grade 3 A,Term 2,2026,13400,M-PESA,QWH-66280,William Igweta,2026-06-06,Rebecca Wanjala
BP-2026-0942,ADM-1169,Edna Igweta,Grade 3 A,Term 3,2026,9800,Bank Transfer,RTN-29613,William Igweta,2026-09-10,Rebecca Wanjala
BP-2026-0943,ADM-1170,Thomas Oduor,Grade 3 A,Term 1,2026,30000,Cash,CSH-14025,Francis Oduor,2026-01-28,Monica Wanjiru
BP-2026-0944,ADM-1170,Thomas Oduor,Grade 3 A,Term 2,2026,15000,Bank Transfer,RTN-54667,Francis Oduor,2026-06-02,Monica Wanjiru
BP-2026-0945,ADM-1171,Julia Mwangi,Grade 3 A,Term 1,2026,12600,M-PESA,QWH-78310,Trevor Mwangi,2026-01-28,Monica Wanjiru
BP-2026-0946,ADM-1171,Julia Mwangi,Grade 3 A,Term 1,2026,17400,M-PESA,QWH-28320,Trevor Mwangi,2026-01-30,Andreah Smithh
BP-2026-0947,ADM-1171,Julia Mwangi,Grade 3 A,Term 2,2026,15000,Bank Transfer,RTN-55853,Trevor Mwangi,2026-05-31,Monica Wanjiru
BP-2026-0948,ADM-1171,Julia Mwangi,Grade 3 A,Term 3,2026,1700,Cash,CSH-84904,Trevor Mwangi,2026-09-25,Monica Wanjiru
BP-2026-0949,ADM-1171,Julia Mwangi,Grade 3 A,Term 3,2026,1800,M-PESA,QWH-88245,Trevor Mwangi,2026-10-14,Monica Wanjiru
BP-2026-0950,ADM-1171,Julia Mwangi,Grade 3 A,Term 3,2026,2500,M-PESA,QWH-14586,Trevor Mwangi,2026-10-26,Andreah Smithh
BP-2026-0951,ADM-1172,Judith Khamis,Grade 3 A,Term 1,2026,15400,M-PESA,QWH-79026,George Khamis,2026-01-22,Monica Wanjiru
BP-2026-0952,ADM-1172,Judith Khamis,Grade 3 A,Term 1,2026,5000,Bank Transfer,RTN-77116,George Khamis,2026-02-10,Andreah Smithh
BP-2026-0953,ADM-1172,Judith Khamis,Grade 3 A,Term 1,2026,9600,Cash,CSH-80616,George Khamis,2026-02-10,Monica Wanjiru
BP-2026-0954,ADM-1172,Judith Khamis,Grade 3 A,Term 2,2026,5100,Bank Transfer,RTN-77999,George Khamis,2026-05-14,Monica Wanjiru
BP-2026-0955,ADM-1172,Judith Khamis,Grade 3 A,Term 2,2026,5400,Cheque,CHQ-97894,George Khamis,2026-06-08,Andreah Smithh
BP-2026-0956,ADM-1172,Judith Khamis,Grade 3 A,Term 2,2026,4500,M-PESA,QWH-40329,George Khamis,2026-06-18,Andreah Smithh
BP-2026-0957,ADM-1172,Judith Khamis,Grade 3 A,Term 3,2026,3200,Bank Transfer,RTN-15649,George Khamis,2026-09-21,Monica Wanjiru
BP-2026-0958,ADM-1173,Fridah Mutua,Grade 3 A,Term 1,2026,30000,Cash,CSH-30019,Alice Mutua,2026-01-24,Andreah Smithh
BP-2026-0959,ADM-1173,Fridah Mutua,Grade 3 A,Term 2,2026,6800,M-PESA,QWH-27931,Alice Mutua,2026-05-29,Andreah Smithh
BP-2026-0960,ADM-1173,Fridah Mutua,Grade 3 A,Term 2,2026,8200,M-PESA,QWH-24193,Alice Mutua,2026-06-07,Rebecca Wanjala
BP-2026-0961,ADM-1174,Frank Kinyua,Grade 3 A,Term 1,2026,7100,Cheque,CHQ-65765,Joshua Kinyua,2026-01-14,Rebecca Wanjala
BP-2026-0962,ADM-1174,Frank Kinyua,Grade 3 A,Term 1,2026,6100,Cheque,CHQ-44194,Joshua Kinyua,2026-01-28,Rebecca Wanjala
BP-2026-0963,ADM-1174,Frank Kinyua,Grade 3 A,Term 2,2026,5300,Bank Transfer,RTN-17610,Joshua Kinyua,2026-05-23,Rebecca Wanjala
BP-2026-0964,ADM-1174,Frank Kinyua,Grade 3 A,Term 2,2026,4700,M-PESA,QWH-29444,Joshua Kinyua,2026-05-25,Monica Wanjiru
BP-2026-0965,ADM-1174,Frank Kinyua,Grade 3 A,Term 2,2026,5000,M-PESA,QWH-38901,Joshua Kinyua,2026-06-20,Andreah Smithh
BP-2026-0966,ADM-1174,Frank Kinyua,Grade 3 A,Term 3,2026,9000,Bank Transfer,RTN-62289,Joshua Kinyua,2026-09-28,Andreah Smithh
BP-2026-0967,ADM-1175,George Auma,Grade 3 A,Term 1,2026,17400,Bank Transfer,RTN-55966,Amos Auma,2026-01-09,Andreah Smithh
BP-2026-0968,ADM-1175,George Auma,Grade 3 A,Term 2,2026,15000,M-PESA,QWH-65294,Amos Auma,2026-05-13,Rebecca Wanjala
BP-2026-0969,ADM-1175,George Auma,Grade 3 A,Term 3,2026,3400,M-PESA,QWH-97827,Amos Auma,2026-09-29,Monica Wanjiru
BP-2026-0970,ADM-1175,George Auma,Grade 3 A,Term 3,2026,1600,Bank Transfer,RTN-25387,Amos Auma,2026-10-06,Andreah Smithh
BP-2026-0971,ADM-1175,George Auma,Grade 3 A,Term 3,2026,4000,Bank Transfer,RTN-67704,Amos Auma,2026-10-13,Monica Wanjiru
BP-2026-0972,ADM-1176,Anthony Wekesa,Grade 3 A,Term 1,2026,30000,M-PESA,QWH-27357,William Wekesa,2026-01-10,Monica Wanjiru
BP-2026-0973,ADM-1176,Anthony Wekesa,Grade 3 A,Term 2,2026,6100,M-PESA,QWH-67779,William Wekesa,2026-05-24,Rebecca Wanjala
BP-2026-0974,ADM-1176,Anthony Wekesa,Grade 3 A,Term 2,2026,8900,M-PESA,QWH-74718,William Wekesa,2026-05-26,Andreah Smithh
BP-2026-0975,ADM-1176,Anthony Wekesa,Grade 3 A,Term 3,2026,4300,M-PESA,QWH-90467,William Wekesa,2026-09-29,Rebecca Wanjala
BP-2026-0976,ADM-1176,Anthony Wekesa,Grade 3 A,Term 3,2026,2000,Cheque,CHQ-55161,William Wekesa,2026-10-10,Rebecca Wanjala
BP-2026-0977,ADM-1176,Anthony Wekesa,Grade 3 A,Term 3,2026,2700,M-PESA,QWH-33292,William Wekesa,2026-10-11,Rebecca Wanjala
BP-2026-0978,ADM-1177,Emmanuel Anyango,Grade 3 A,Term 1,2026,30000,Bank Transfer,RTN-39663,Kipchoge Anyango,2026-01-28,Andreah Smithh
BP-2026-0979,ADM-1177,Emmanuel Anyango,Grade 3 A,Term 2,2026,6800,Cash,CSH-79775,Kipchoge Anyango,2026-05-29,Andreah Smithh
BP-2026-0980,ADM-1177,Emmanuel Anyango,Grade 3 A,Term 2,2026,8200,M-PESA,QWH-23161,Kipchoge Anyango,2026-06-02,Monica Wanjiru
BP-2026-0981,ADM-1177,Emmanuel Anyango,Grade 3 A,Term 3,2026,4100,Bank Transfer,RTN-13138,Kipchoge Anyango,2026-09-13,Rebecca Wanjala
BP-2026-0982,ADM-1178,Abigail Wanjala,Grade 3 A,Term 1,2026,12500,Cheque,CHQ-50565,Trevor Wanjala,2026-02-01,Rebecca Wanjala
BP-2026-0983,ADM-1178,Abigail Wanjala,Grade 3 A,Term 1,2026,17500,Bank Transfer,RTN-58131,Trevor Wanjala,2026-02-08,Andreah Smithh
BP-2026-0984,ADM-1178,Abigail Wanjala,Grade 3 A,Term 2,2026,7800,Bank Transfer,RTN-37638,Trevor Wanjala,2026-06-02,Andreah Smithh
BP-2026-0985,ADM-1178,Abigail Wanjala,Grade 3 A,Term 2,2026,7200,M-PESA,QWH-68307,Trevor Wanjala,2026-06-17,Andreah Smithh
BP-2026-0986,ADM-1178,Abigail Wanjala,Grade 3 A,Term 3,2026,4200,Bank Transfer,RTN-16643,Trevor Wanjala,2026-09-21,Monica Wanjiru
BP-2026-0987,ADM-1178,Abigail Wanjala,Grade 3 A,Term 3,2026,4800,Bank Transfer,RTN-88131,Trevor Wanjala,2026-09-28,Andreah Smithh
BP-2026-0988,ADM-1179,Patrick Ruto,Grade 3 A,Term 1,2026,13800,M-PESA,QWH-13955,Faith Ruto,2026-01-20,Andreah Smithh
BP-2026-0989,ADM-1179,Patrick Ruto,Grade 3 A,Term 1,2026,16200,M-PESA,QWH-55546,Faith Ruto,2026-01-29,Rebecca Wanjala
BP-2026-0990,ADM-1179,Patrick Ruto,Grade 3 A,Term 2,2026,15000,M-PESA,QWH-47370,Faith Ruto,2026-05-22,Andreah Smithh
BP-2026-0991,ADM-1179,Patrick Ruto,Grade 3 A,Term 3,2026,2300,M-PESA,QWH-24230,Faith Ruto,2026-09-12,Rebecca Wanjala
BP-2026-0992,ADM-1179,Patrick Ruto,Grade 3 A,Term 3,2026,2200,Bank Transfer,RTN-27107,Faith Ruto,2026-10-18,Monica Wanjiru
BP-2026-0993,ADM-1179,Patrick Ruto,Grade 3 A,Term 3,2026,4500,M-PESA,QWH-41524,Faith Ruto,2026-10-25,Monica Wanjiru
BP-2026-0994,ADM-1180,Beatrice Mpaine,Grade 3 A,Term 1,2026,30000,Cash,CSH-28448,Ibrahim Mpaine,2026-01-16,Andreah Smithh
BP-2026-0995,ADM-1180,Beatrice Mpaine,Grade 3 A,Term 2,2026,5600,M-PESA,QWH-56979,Ibrahim Mpaine,2026-05-28,Monica Wanjiru
BP-2026-0996,ADM-1180,Beatrice Mpaine,Grade 3 A,Term 2,2026,9400,Bank Transfer,RTN-39194,Ibrahim Mpaine,2026-06-03,Monica Wanjiru
BP-2026-0997,ADM-1180,Beatrice Mpaine,Grade 3 A,Term 3,2026,5700,M-PESA,QWH-66968,Ibrahim Mpaine,2026-09-27,Rebecca Wanjala
BP-2026-0998,ADM-1181,Meshack Hassan,Grade 3 A,Term 1,2026,10200,Cheque,CHQ-74092,Veronica Hassan,2026-01-20,Rebecca Wanjala
BP-2026-0999,ADM-1181,Meshack Hassan,Grade 3 A,Term 1,2026,9300,Bank Transfer,RTN-75787,Veronica Hassan,2026-02-01,Andreah Smithh
BP-2026-1000,ADM-1181,Meshack Hassan,Grade 3 A,Term 2,2026,11400,Cash,CSH-14672,Veronica Hassan,2026-05-10,Rebecca Wanjala
BP-2026-1001,ADM-1181,Meshack Hassan,Grade 3 A,Term 3,2026,1400,M-PESA,QWH-98051,Veronica Hassan,2026-09-30,Andreah Smithh
BP-2026-1002,ADM-1181,Meshack Hassan,Grade 3 A,Term 3,2026,1100,Cash,CSH-50506,Veronica Hassan,2026-10-01,Rebecca Wanjala
BP-2026-1003,ADM-1181,Meshack Hassan,Grade 3 A,Term 3,2026,2500,Bank Transfer,RTN-14398,Veronica Hassan,2026-10-12,Rebecca Wanjala
BP-2026-1004,ADM-1182,Dennis Barasa,Grade 3 A,Term 1,2026,12700,Bank Transfer,RTN-77662,Benjamin Barasa,2026-01-14,Rebecca Wanjala
BP-2026-1005,ADM-1182,Dennis Barasa,Grade 3 A,Term 1,2026,17300,M-PESA,QWH-86234,Benjamin Barasa,2026-02-16,Monica Wanjiru
BP-2026-1006,ADM-1183,Martha Oluoch,Grade 3 A,Term 1,2026,8400,Cash,CSH-55175,Kennedy Oluoch,2026-01-28,Rebecca Wanjala
BP-2026-1007,ADM-1183,Martha Oluoch,Grade 3 A,Term 1,2026,21600,Cash,CSH-99074,Kennedy Oluoch,2026-02-06,Monica Wanjiru
BP-2026-1008,ADM-1183,Martha Oluoch,Grade 3 A,Term 2,2026,3800,M-PESA,QWH-85679,Kennedy Oluoch,2026-05-16,Monica Wanjiru
BP-2026-1009,ADM-1183,Martha Oluoch,Grade 3 A,Term 2,2026,4800,Bank Transfer,RTN-36405,Kennedy Oluoch,2026-06-15,Monica Wanjiru
BP-2026-1010,ADM-1184,Kennedy Oluoch,Grade 3 A,Term 1,2026,30000,Cash,CSH-53729,Emmanuel Oluoch,2026-01-17,Rebecca Wanjala
BP-2026-1011,ADM-1184,Kennedy Oluoch,Grade 3 A,Term 2,2026,17000,Bank Transfer,RTN-38750,Emmanuel Oluoch,2026-05-21,Rebecca Wanjala
BP-2026-1012,ADM-1185,Priscilla Mwangi,Grade 3 A,Term 1,2026,13300,M-PESA,QWH-57094,Brian Mwangi,2026-01-17,Andreah Smithh
BP-2026-1013,ADM-1185,Priscilla Mwangi,Grade 3 A,Term 1,2026,16700,Bank Transfer,RTN-20130,Brian Mwangi,2026-01-25,Monica Wanjiru
BP-2026-1014,ADM-1185,Priscilla Mwangi,Grade 3 A,Term 2,2026,15000,M-PESA,QWH-62697,Brian Mwangi,2026-05-31,Monica Wanjiru
BP-2026-1015,ADM-1185,Priscilla Mwangi,Grade 3 A,Term 3,2026,9000,M-PESA,QWH-53422,Brian Mwangi,2026-09-24,Monica Wanjiru
BP-2026-1016,ADM-1186,Julia Wanjala,Grade 3 A,Term 1,2026,9600,Cheque,CHQ-49120,Shalom Wanjala,2026-01-10,Andreah Smithh
BP-2026-1017,ADM-1186,Julia Wanjala,Grade 3 A,Term 1,2026,6200,Bank Transfer,RTN-57461,Shalom Wanjala,2026-02-06,Andreah Smithh
BP-2026-1018,ADM-1186,Julia Wanjala,Grade 3 A,Term 1,2026,7000,M-PESA,QWH-18269,Shalom Wanjala,2026-02-11,Andreah Smithh
BP-2026-1019,ADM-1186,Julia Wanjala,Grade 3 A,Term 2,2026,4700,M-PESA,QWH-48522,Shalom Wanjala,2026-06-01,Monica Wanjiru
BP-2026-1020,ADM-1186,Julia Wanjala,Grade 3 A,Term 2,2026,4700,Cash,CSH-86397,Shalom Wanjala,2026-06-08,Andreah Smithh
BP-2026-1021,ADM-1186,Julia Wanjala,Grade 3 A,Term 2,2026,5600,Cheque,CHQ-32664,Shalom Wanjala,2026-06-18,Monica Wanjiru
BP-2026-1022,ADM-1186,Julia Wanjala,Grade 3 A,Term 3,2026,9000,Cash,CSH-32258,Shalom Wanjala,2026-09-27,Monica Wanjiru
BP-2026-1023,ADM-1187,Donald Mutoro,Grade 3 A,Term 1,2026,11300,M-PESA,QWH-17289,Benjamin Mutoro,2026-01-27,Monica Wanjiru
BP-2026-1024,ADM-1187,Donald Mutoro,Grade 3 A,Term 1,2026,18700,M-PESA,QWH-40240,Benjamin Mutoro,2026-01-31,Rebecca Wanjala
BP-2026-1025,ADM-1187,Donald Mutoro,Grade 3 A,Term 2,2026,15000,Bank Transfer,RTN-15863,Benjamin Mutoro,2026-05-25,Monica Wanjiru
BP-2026-1026,ADM-1187,Donald Mutoro,Grade 3 A,Term 3,2026,3800,Cash,CSH-60154,Benjamin Mutoro,2026-09-12,Monica Wanjiru
BP-2026-1027,ADM-1187,Donald Mutoro,Grade 3 A,Term 3,2026,1600,Cheque,CHQ-39616,Benjamin Mutoro,2026-10-12,Andreah Smithh
BP-2026-1028,ADM-1187,Donald Mutoro,Grade 3 A,Term 3,2026,3600,Cheque,CHQ-52459,Benjamin Mutoro,2026-10-27,Monica Wanjiru
BP-2026-1029,ADM-1188,Eric Nandwa,Grade 3 A,Term 1,2026,30000,Bank Transfer,RTN-10617,David Nandwa,2026-01-27,Andreah Smithh
BP-2026-1030,ADM-1188,Eric Nandwa,Grade 3 A,Term 2,2026,1900,Bank Transfer,RTN-97108,David Nandwa,2026-05-20,Andreah Smithh
BP-2026-1031,ADM-1188,Eric Nandwa,Grade 3 A,Term 2,2026,1700,M-PESA,QWH-27930,David Nandwa,2026-06-10,Rebecca Wanjala
BP-2026-1032,ADM-1188,Eric Nandwa,Grade 3 A,Term 2,2026,2400,Bank Transfer,RTN-87387,David Nandwa,2026-06-23,Monica Wanjiru
BP-2026-1033,ADM-1188,Eric Nandwa,Grade 3 A,Term 3,2026,4100,M-PESA,QWH-69542,David Nandwa,2026-10-03,Rebecca Wanjala
BP-2026-1034,ADM-1188,Eric Nandwa,Grade 3 A,Term 3,2026,2000,Cheque,CHQ-38535,David Nandwa,2026-10-07,Monica Wanjiru
BP-2026-1035,ADM-1188,Eric Nandwa,Grade 3 A,Term 3,2026,2900,M-PESA,QWH-32944,David Nandwa,2026-11-01,Rebecca Wanjala
BP-2026-1036,ADM-1189,Faith Adan,Grade 3 A,Term 1,2026,17500,M-PESA,QWH-46617,Peninah Adan,2026-01-10,Rebecca Wanjala
BP-2026-1037,ADM-1189,Faith Adan,Grade 3 A,Term 1,2026,4900,M-PESA,QWH-19090,Peninah Adan,2026-02-14,Andreah Smithh
BP-2026-1038,ADM-1189,Faith Adan,Grade 3 A,Term 1,2026,3200,M-PESA,QWH-22602,Peninah Adan,2026-02-18,Rebecca Wanjala
BP-2026-1039,ADM-1189,Faith Adan,Grade 3 A,Term 1,2026,7400,Bank Transfer,RTN-74428,Peninah Adan,2026-02-28,Rebecca Wanjala
BP-2026-1040,ADM-1189,Faith Adan,Grade 3 A,Term 2,2026,12000,Bank Transfer,RTN-42265,Peninah Adan,2026-05-23,Rebecca Wanjala
BP-2026-1041,ADM-1190,Karen Okoth,Grade 3 A,Term 1,2026,3400,M-PESA,QWH-77131,Eric Okoth,2026-01-13,Monica Wanjiru
BP-2026-1042,ADM-1190,Karen Okoth,Grade 3 A,Term 1,2026,9500,M-PESA,QWH-85128,Eric Okoth,2026-02-13,Rebecca Wanjala
BP-2026-1043,ADM-1190,Karen Okoth,Grade 3 A,Term 2,2026,7300,Bank Transfer,RTN-28399,Eric Okoth,2026-05-31,Andreah Smithh
BP-2026-1044,ADM-1190,Karen Okoth,Grade 3 A,Term 2,2026,7700,Cash,CSH-44947,Eric Okoth,2026-06-06,Rebecca Wanjala
BP-2026-1045,ADM-1190,Karen Okoth,Grade 3 A,Term 3,2026,2400,Bank Transfer,RTN-97173,Eric Okoth,2026-09-14,Rebecca Wanjala
BP-2026-1046,ADM-1190,Karen Okoth,Grade 3 A,Term 3,2026,6600,Cheque,CHQ-83098,Eric Okoth,2026-10-03,Monica Wanjiru
BP-2026-1047,ADM-1191,Winfred Mwirigi,Grade 3 A,Term 1,2026,9400,Cheque,CHQ-49229,Elijah Mwirigi,2026-01-20,Monica Wanjiru
BP-2026-1048,ADM-1191,Winfred Mwirigi,Grade 3 A,Term 1,2026,20600,Bank Transfer,RTN-72432,Elijah Mwirigi,2026-02-01,Monica Wanjiru
BP-2026-1049,ADM-1191,Winfred Mwirigi,Grade 3 A,Term 2,2026,6700,M-PESA,QWH-63331,Elijah Mwirigi,2026-05-13,Monica Wanjiru
BP-2026-1050,ADM-1191,Winfred Mwirigi,Grade 3 A,Term 2,2026,2900,Bank Transfer,RTN-15466,Elijah Mwirigi,2026-06-13,Rebecca Wanjala
BP-2026-1051,ADM-1191,Winfred Mwirigi,Grade 3 A,Term 2,2026,5400,M-PESA,QWH-34227,Elijah Mwirigi,2026-07-02,Andreah Smithh
BP-2026-1052,ADM-1191,Winfred Mwirigi,Grade 3 A,Term 3,2026,3700,Cash,CSH-62844,Elijah Mwirigi,2026-10-03,Andreah Smithh
BP-2026-1053,ADM-1191,Winfred Mwirigi,Grade 3 A,Term 3,2026,5300,M-PESA,QWH-81634,Elijah Mwirigi,2026-09-28,Rebecca Wanjala
BP-2026-1054,ADM-1192,James Akoth,Grade 3 A,Term 1,2026,14500,M-PESA,QWH-10965,Vincent Akoth,2026-01-15,Andreah Smithh
BP-2026-1055,ADM-1192,James Akoth,Grade 3 A,Term 1,2026,15500,Bank Transfer,RTN-91514,Vincent Akoth,2026-01-29,Rebecca Wanjala
BP-2026-1056,ADM-1192,James Akoth,Grade 3 A,Term 2,2026,6000,Bank Transfer,RTN-85568,Vincent Akoth,2026-05-16,Rebecca Wanjala
BP-2026-1057,ADM-1192,James Akoth,Grade 3 A,Term 2,2026,4900,Cash,CSH-79121,Vincent Akoth,2026-06-06,Rebecca Wanjala
BP-2026-1058,ADM-1192,James Akoth,Grade 3 A,Term 2,2026,4100,Bank Transfer,RTN-62316,Vincent Akoth,2026-06-29,Monica Wanjiru
BP-2026-1059,ADM-1193,George Kiprop,Grade 3 A,Term 1,2026,15300,Bank Transfer,RTN-87490,Luke Kiprop,2026-01-22,Monica Wanjiru
BP-2026-1060,ADM-1193,George Kiprop,Grade 3 A,Term 1,2026,14700,M-PESA,QWH-91893,Luke Kiprop,2026-02-14,Monica Wanjiru
BP-2026-1061,ADM-1193,George Kiprop,Grade 3 A,Term 2,2026,6300,Bank Transfer,RTN-82008,Luke Kiprop,2026-05-21,Rebecca Wanjala
BP-2026-1062,ADM-1193,George Kiprop,Grade 3 A,Term 2,2026,4600,M-PESA,QWH-83254,Luke Kiprop,2026-06-01,Rebecca Wanjala
BP-2026-1063,ADM-1193,George Kiprop,Grade 3 A,Term 2,2026,4100,Cash,CSH-95509,Luke Kiprop,2026-06-21,Andreah Smithh
BP-2026-1064,ADM-1193,George Kiprop,Grade 3 A,Term 3,2026,1700,Cash,CSH-69981,Luke Kiprop,2026-09-19,Rebecca Wanjala
BP-2026-1065,ADM-1193,George Kiprop,Grade 3 A,Term 3,2026,1800,Cash,CSH-37028,Luke Kiprop,2026-10-03,Rebecca Wanjala
BP-2026-1066,ADM-1193,George Kiprop,Grade 3 A,Term 3,2026,1400,M-PESA,QWH-13392,Luke Kiprop,2026-10-31,Rebecca Wanjala
BP-2026-1067,ADM-1194,Winnie Kinyua,Grade 3 A,Term 1,2026,30000,Bank Transfer,RTN-52472,Timothy Kinyua,2026-01-15,Monica Wanjiru
BP-2026-1068,ADM-1194,Winnie Kinyua,Grade 3 A,Term 2,2026,15000,M-PESA,QWH-84697,Timothy Kinyua,2026-05-19,Andreah Smithh
BP-2026-1069,ADM-1195,Esther Choge,Grade 3 A,Term 1,2026,19800,Bank Transfer,RTN-48283,Samuel Choge,2026-01-23,Rebecca Wanjala
BP-2026-1070,ADM-1195,Esther Choge,Grade 3 A,Term 1,2026,24200,Cheque,CHQ-38773,Samuel Choge,2026-01-29,Monica Wanjiru
BP-2026-1071,ADM-1195,Esther Choge,Grade 3 A,Term 2,2026,7700,Bank Transfer,RTN-18603,Samuel Choge,2026-05-12,Rebecca Wanjala
BP-2026-1072,ADM-1195,Esther Choge,Grade 3 A,Term 2,2026,9800,M-PESA,QWH-45537,Samuel Choge,2026-05-25,Rebecca Wanjala
BP-2026-1073,ADM-1195,Esther Choge,Grade 3 A,Term 2,2026,11500,M-PESA,QWH-87693,Samuel Choge,2026-06-10,Monica Wanjiru
BP-2026-1074,ADM-1196,Grace Nassor,Grade 3 A,Term 1,2026,9100,M-PESA,QWH-70897,Elijah Nassor,2026-01-27,Rebecca Wanjala
BP-2026-1075,ADM-1196,Grace Nassor,Grade 3 A,Term 1,2026,20900,Bank Transfer,RTN-98806,Elijah Nassor,2026-02-06,Rebecca Wanjala
BP-2026-1076,ADM-1196,Grace Nassor,Grade 3 A,Term 2,2026,15000,M-PESA,QWH-77263,Elijah Nassor,2026-05-19,Monica Wanjiru
BP-2026-1077,ADM-1196,Grace Nassor,Grade 3 A,Term 3,2026,2500,M-PESA,QWH-53332,Elijah Nassor,2026-09-23,Andreah Smithh
BP-2026-1078,ADM-1196,Grace Nassor,Grade 3 A,Term 3,2026,2000,M-PESA,QWH-77477,Elijah Nassor,2026-09-27,Andreah Smithh
BP-2026-1079,ADM-1196,Grace Nassor,Grade 3 A,Term 3,2026,2000,Cash,CSH-96571,Elijah Nassor,2026-10-12,Monica Wanjiru
BP-2026-1080,ADM-1197,Trevor Njuguna,Grade 3 B,Term 1,2026,16000,M-PESA,QWH-77204,Daniel Njuguna,2026-01-27,Rebecca Wanjala
BP-2026-1081,ADM-1197,Trevor Njuguna,Grade 3 B,Term 1,2026,14000,Bank Transfer,RTN-47048,Daniel Njuguna,2026-02-07,Rebecca Wanjala
BP-2026-1082,ADM-1197,Trevor Njuguna,Grade 3 B,Term 2,2026,7500,Cash,CSH-54346,Daniel Njuguna,2026-05-10,Rebecca Wanjala
BP-2026-1083,ADM-1197,Trevor Njuguna,Grade 3 B,Term 2,2026,2300,M-PESA,QWH-38007,Daniel Njuguna,2026-05-30,Monica Wanjiru
BP-2026-1084,ADM-1197,Trevor Njuguna,Grade 3 B,Term 2,2026,5200,M-PESA,QWH-17158,Daniel Njuguna,2026-07-02,Monica Wanjiru
BP-2026-1085,ADM-1197,Trevor Njuguna,Grade 3 B,Term 3,2026,4100,Bank Transfer,RTN-27222,Daniel Njuguna,2026-09-17,Andreah Smithh
BP-2026-1086,ADM-1197,Trevor Njuguna,Grade 3 B,Term 3,2026,1600,M-PESA,QWH-55999,Daniel Njuguna,2026-10-02,Andreah Smithh
BP-2026-1087,ADM-1197,Trevor Njuguna,Grade 3 B,Term 3,2026,3300,Cash,CSH-74684,Daniel Njuguna,2026-11-02,Rebecca Wanjala
BP-2026-1088,ADM-1198,James Mutuku,Grade 3 B,Term 1,2026,15300,Bank Transfer,RTN-58698,Olivia Mutuku,2026-01-31,Andreah Smithh
BP-2026-1089,ADM-1198,James Mutuku,Grade 3 B,Term 1,2026,3700,Bank Transfer,RTN-44994,Olivia Mutuku,2026-02-12,Andreah Smithh
BP-2026-1090,ADM-1198,James Mutuku,Grade 3 B,Term 1,2026,11000,Cash,CSH-47638,Olivia Mutuku,2026-02-10,Andreah Smithh
BP-2026-1091,ADM-1198,James Mutuku,Grade 3 B,Term 2,2026,5500,M-PESA,QWH-62515,Olivia Mutuku,2026-05-15,Andreah Smithh
BP-2026-1092,ADM-1198,James Mutuku,Grade 3 B,Term 2,2026,9500,Cheque,CHQ-71824,Olivia Mutuku,2026-06-09,Rebecca Wanjala
BP-2026-1093,ADM-1198,James Mutuku,Grade 3 B,Term 3,2026,2600,Cheque,CHQ-29391,Olivia Mutuku,2026-09-23,Andreah Smithh
BP-2026-1094,ADM-1198,James Mutuku,Grade 3 B,Term 3,2026,3300,Cash,CSH-77836,Olivia Mutuku,2026-10-03,Monica Wanjiru
BP-2026-1095,ADM-1199,Peninah Achieng,Grade 3 B,Term 1,2026,10900,M-PESA,QWH-88857,Martin Achieng,2026-01-11,Andreah Smithh
BP-2026-1096,ADM-1199,Peninah Achieng,Grade 3 B,Term 1,2026,8500,Cheque,CHQ-49005,Martin Achieng,2026-01-25,Rebecca Wanjala
BP-2026-1097,ADM-1199,Peninah Achieng,Grade 3 B,Term 1,2026,10600,M-PESA,QWH-33568,Martin Achieng,2026-03-01,Monica Wanjiru
BP-2026-1098,ADM-1199,Peninah Achieng,Grade 3 B,Term 2,2026,7200,Bank Transfer,RTN-60768,Martin Achieng,2026-05-27,Monica Wanjiru
BP-2026-1099,ADM-1199,Peninah Achieng,Grade 3 B,Term 2,2026,2400,M-PESA,QWH-18554,Martin Achieng,2026-06-09,Andreah Smithh
BP-2026-1100,ADM-1199,Peninah Achieng,Grade 3 B,Term 2,2026,5400,Bank Transfer,RTN-80845,Martin Achieng,2026-06-25,Rebecca Wanjala
BP-2026-1101,ADM-1199,Peninah Achieng,Grade 3 B,Term 3,2026,2600,M-PESA,QWH-17534,Martin Achieng,2026-09-30,Monica Wanjiru
BP-2026-1102,ADM-1199,Peninah Achieng,Grade 3 B,Term 3,2026,2100,Cheque,CHQ-42094,Martin Achieng,2026-10-14,Rebecca Wanjala
BP-2026-1103,ADM-1199,Peninah Achieng,Grade 3 B,Term 3,2026,4300,Bank Transfer,RTN-61461,Martin Achieng,2026-10-19,Monica Wanjiru
BP-2026-1104,ADM-1200,Karen Maina,Grade 3 B,Term 1,2026,13300,M-PESA,QWH-84337,Kiplangat Maina,2026-02-02,Andreah Smithh
BP-2026-1105,ADM-1200,Karen Maina,Grade 3 B,Term 1,2026,16700,M-PESA,QWH-54138,Kiplangat Maina,2026-02-03,Rebecca Wanjala
BP-2026-1106,ADM-1200,Karen Maina,Grade 3 B,Term 3,2026,2500,Cheque,CHQ-30040,Kiplangat Maina,2026-09-14,Andreah Smithh
BP-2026-1107,ADM-1200,Karen Maina,Grade 3 B,Term 3,2026,3500,M-PESA,QWH-17586,Kiplangat Maina,2026-10-07,Rebecca Wanjala
BP-2026-1108,ADM-1201,Brenda Wambui,Grade 3 B,Term 1,2026,9200,M-PESA,QWH-69816,Martin Wambui,2026-01-18,Andreah Smithh
BP-2026-1109,ADM-1201,Brenda Wambui,Grade 3 B,Term 1,2026,20800,M-PESA,QWH-65768,Martin Wambui,2026-02-01,Andreah Smithh
BP-2026-1110,ADM-1201,Brenda Wambui,Grade 3 B,Term 3,2026,1700,Cheque,CHQ-51843,Martin Wambui,2026-09-28,Rebecca Wanjala
BP-2026-1111,ADM-1201,Brenda Wambui,Grade 3 B,Term 3,2026,1500,Cash,CSH-60429,Martin Wambui,2026-10-01,Andreah Smithh
BP-2026-1112,ADM-1202,Doreen Njeri,Grade 3 B,Term 1,2026,14100,Cash,CSH-83539,Joshua Njeri,2026-01-23,Monica Wanjiru
BP-2026-1113,ADM-1202,Doreen Njeri,Grade 3 B,Term 1,2026,15900,Cash,CSH-12731,Joshua Njeri,2026-02-08,Andreah Smithh
BP-2026-1114,ADM-1202,Doreen Njeri,Grade 3 B,Term 2,2026,6000,Cash,CSH-49627,Joshua Njeri,2026-06-03,Monica Wanjiru
BP-2026-1115,ADM-1202,Doreen Njeri,Grade 3 B,Term 2,2026,2600,M-PESA,QWH-74456,Joshua Njeri,2026-06-12,Andreah Smithh
BP-2026-1116,ADM-1202,Doreen Njeri,Grade 3 B,Term 2,2026,6400,Bank Transfer,RTN-76880,Joshua Njeri,2026-06-14,Rebecca Wanjala
BP-2026-1117,ADM-1202,Doreen Njeri,Grade 3 B,Term 3,2026,9000,Cash,CSH-15812,Joshua Njeri,2026-09-12,Monica Wanjiru
BP-2026-1118,ADM-1203,Julius Onyango,Grade 3 B,Term 1,2026,11700,M-PESA,QWH-27313,Emmanuel Onyango,2026-01-15,Monica Wanjiru
BP-2026-1119,ADM-1203,Julius Onyango,Grade 3 B,Term 1,2026,8100,Cheque,CHQ-93696,Emmanuel Onyango,2026-02-12,Andreah Smithh
BP-2026-1120,ADM-1203,Julius Onyango,Grade 3 B,Term 1,2026,10200,M-PESA,QWH-27191,Emmanuel Onyango,2026-02-07,Monica Wanjiru
BP-2026-1121,ADM-1203,Julius Onyango,Grade 3 B,Term 2,2026,17000,Bank Transfer,RTN-17464,Emmanuel Onyango,2026-05-31,Andreah Smithh
BP-2026-1122,ADM-1204,Irene Pashua,Grade 3 B,Term 1,2026,14900,M-PESA,QWH-11176,Charles Pashua,2026-01-29,Monica Wanjiru
BP-2026-1123,ADM-1204,Irene Pashua,Grade 3 B,Term 1,2026,7600,Bank Transfer,RTN-38369,Charles Pashua,2026-01-27,Rebecca Wanjala
BP-2026-1124,ADM-1204,Irene Pashua,Grade 3 B,Term 1,2026,7500,M-PESA,QWH-90105,Charles Pashua,2026-02-10,Rebecca Wanjala
BP-2026-1125,ADM-1204,Irene Pashua,Grade 3 B,Term 2,2026,11700,M-PESA,QWH-72385,Charles Pashua,2026-05-07,Rebecca Wanjala
BP-2026-1126,ADM-1204,Irene Pashua,Grade 3 B,Term 3,2026,1600,Cash,CSH-83053,Charles Pashua,2026-09-27,Monica Wanjiru
BP-2026-1127,ADM-1204,Irene Pashua,Grade 3 B,Term 3,2026,2700,M-PESA,QWH-70383,Charles Pashua,2026-10-16,Rebecca Wanjala
BP-2026-1128,ADM-1205,Kennedy Kitonga,Grade 3 B,Term 1,2026,10300,Bank Transfer,RTN-50641,Luke Kitonga,2026-01-25,Rebecca Wanjala
BP-2026-1129,ADM-1205,Kennedy Kitonga,Grade 3 B,Term 1,2026,19700,Cash,CSH-53315,Luke Kitonga,2026-02-02,Andreah Smithh
BP-2026-1130,ADM-1205,Kennedy Kitonga,Grade 3 B,Term 2,2026,6100,M-PESA,QWH-31153,Luke Kitonga,2026-05-22,Monica Wanjiru
BP-2026-1131,ADM-1205,Kennedy Kitonga,Grade 3 B,Term 2,2026,11900,Bank Transfer,RTN-29265,Luke Kitonga,2026-06-15,Monica Wanjiru
BP-2026-1132,ADM-1205,Kennedy Kitonga,Grade 3 B,Term 3,2026,1300,Cash,CSH-86940,Luke Kitonga,2026-09-28,Rebecca Wanjala
BP-2026-1133,ADM-1205,Kennedy Kitonga,Grade 3 B,Term 3,2026,800,Bank Transfer,RTN-91124,Luke Kitonga,2026-09-28,Andreah Smithh
BP-2026-1134,ADM-1205,Kennedy Kitonga,Grade 3 B,Term 3,2026,1700,Bank Transfer,RTN-67470,Luke Kitonga,2026-10-22,Monica Wanjiru
BP-2026-1135,ADM-1206,Faith Kathambi,Grade 3 B,Term 1,2026,12500,Cheque,CHQ-31763,Samuel Kathambi,2026-01-16,Monica Wanjiru
BP-2026-1136,ADM-1206,Faith Kathambi,Grade 3 B,Term 1,2026,6200,Bank Transfer,RTN-28621,Samuel Kathambi,2026-01-24,Andreah Smithh
BP-2026-1137,ADM-1206,Faith Kathambi,Grade 3 B,Term 1,2026,11300,Cheque,CHQ-89895,Samuel Kathambi,2026-02-13,Rebecca Wanjala
BP-2026-1138,ADM-1206,Faith Kathambi,Grade 3 B,Term 2,2026,15000,Cheque,CHQ-56918,Samuel Kathambi,2026-05-13,Rebecca Wanjala
BP-2026-1139,ADM-1207,Teresia Baariu,Grade 3 B,Term 1,2026,16500,M-PESA,QWH-74133,Veronica Baariu,2026-01-17,Andreah Smithh
BP-2026-1140,ADM-1207,Teresia Baariu,Grade 3 B,Term 1,2026,3500,M-PESA,QWH-54349,Veronica Baariu,2026-02-05,Monica Wanjiru
BP-2026-1141,ADM-1207,Teresia Baariu,Grade 3 B,Term 1,2026,10000,Cash,CSH-84747,Veronica Baariu,2026-02-26,Rebecca Wanjala
BP-2026-1142,ADM-1207,Teresia Baariu,Grade 3 B,Term 2,2026,15000,Bank Transfer,RTN-82844,Veronica Baariu,2026-05-14,Andreah Smithh
BP-2026-1143,ADM-1208,Edwin Abdalla,Grade 3 B,Term 1,2026,30000,Cash,CSH-55383,Daniel Abdalla,2026-01-29,Andreah Smithh
BP-2026-1144,ADM-1208,Edwin Abdalla,Grade 3 B,Term 2,2026,13500,Cash,CSH-18220,Daniel Abdalla,2026-05-10,Rebecca Wanjala
BP-2026-1145,ADM-1209,Meshack Wafula,Grade 3 B,Term 1,2026,16200,Bank Transfer,RTN-47931,David Wafula,2026-01-15,Monica Wanjiru
BP-2026-1146,ADM-1209,Meshack Wafula,Grade 3 B,Term 1,2026,7500,Cash,CSH-88181,David Wafula,2026-02-16,Rebecca Wanjala
BP-2026-1147,ADM-1209,Meshack Wafula,Grade 3 B,Term 1,2026,6300,Cash,CSH-76827,David Wafula,2026-02-24,Monica Wanjiru
BP-2026-1148,ADM-1209,Meshack Wafula,Grade 3 B,Term 2,2026,7100,Bank Transfer,RTN-21006,David Wafula,2026-05-06,Monica Wanjiru
BP-2026-1149,ADM-1209,Meshack Wafula,Grade 3 B,Term 2,2026,5100,M-PESA,QWH-52016,David Wafula,2026-06-07,Monica Wanjiru
BP-2026-1150,ADM-1209,Meshack Wafula,Grade 3 B,Term 2,2026,5800,Cash,CSH-29519,David Wafula,2026-07-03,Andreah Smithh
BP-2026-1151,ADM-1210,Kipchoge Mwinyi,Grade 3 B,Term 1,2026,6700,M-PESA,QWH-96463,Eunice Mwinyi,2026-01-20,Monica Wanjiru
BP-2026-1152,ADM-1210,Kipchoge Mwinyi,Grade 3 B,Term 1,2026,17600,M-PESA,QWH-97664,Eunice Mwinyi,2026-02-14,Monica Wanjiru
BP-2026-1153,ADM-1210,Kipchoge Mwinyi,Grade 3 B,Term 2,2026,17000,M-PESA,QWH-27052,Eunice Mwinyi,2026-05-10,Rebecca Wanjala
BP-2026-1154,ADM-1210,Kipchoge Mwinyi,Grade 3 B,Term 3,2026,2900,Bank Transfer,RTN-64517,Eunice Mwinyi,2026-09-12,Monica Wanjiru
BP-2026-1155,ADM-1211,Mark Pashua,Grade 3 B,Term 1,2026,12900,Cash,CSH-30366,Charity Pashua,2026-01-07,Rebecca Wanjala
BP-2026-1156,ADM-1211,Mark Pashua,Grade 3 B,Term 1,2026,7000,Cheque,CHQ-10331,Charity Pashua,2026-01-24,Rebecca Wanjala
BP-2026-1157,ADM-1211,Mark Pashua,Grade 3 B,Term 1,2026,5000,Bank Transfer,RTN-42749,Charity Pashua,2026-02-21,Andreah Smithh
BP-2026-1158,ADM-1211,Mark Pashua,Grade 3 B,Term 1,2026,7100,M-PESA,QWH-18705,Charity Pashua,2026-02-28,Monica Wanjiru
BP-2026-1159,ADM-1211,Mark Pashua,Grade 3 B,Term 2,2026,13000,M-PESA,QWH-89501,Charity Pashua,2026-05-30,Monica Wanjiru
BP-2026-1160,ADM-1211,Mark Pashua,Grade 3 B,Term 3,2026,3200,Cash,CSH-82022,Charity Pashua,2026-09-30,Rebecca Wanjala
BP-2026-1161,ADM-1212,Grace Langat,Grade 3 B,Term 1,2026,30000,M-PESA,QWH-41224,Joyce Langat,2026-01-22,Monica Wanjiru
BP-2026-1162,ADM-1212,Grace Langat,Grade 3 B,Term 2,2026,8100,M-PESA,QWH-57248,Joyce Langat,2026-05-13,Rebecca Wanjala
BP-2026-1163,ADM-1212,Grace Langat,Grade 3 B,Term 2,2026,2100,Cash,CSH-48881,Joyce Langat,2026-05-30,Andreah Smithh
BP-2026-1164,ADM-1212,Grace Langat,Grade 3 B,Term 2,2026,4800,Cheque,CHQ-33715,Joyce Langat,2026-06-13,Andreah Smithh
BP-2026-1165,ADM-1213,Julia Njuguna,Grade 3 B,Term 1,2026,17800,M-PESA,QWH-71595,James Njuguna,2026-01-10,Monica Wanjiru
BP-2026-1166,ADM-1213,Julia Njuguna,Grade 3 B,Term 1,2026,8200,Cash,CSH-50600,James Njuguna,2026-02-17,Andreah Smithh
BP-2026-1167,ADM-1213,Julia Njuguna,Grade 3 B,Term 1,2026,4600,M-PESA,QWH-67912,James Njuguna,2026-02-28,Andreah Smithh
BP-2026-1168,ADM-1213,Julia Njuguna,Grade 3 B,Term 1,2026,7400,Bank Transfer,RTN-72873,James Njuguna,2026-03-07,Monica Wanjiru
BP-2026-1169,ADM-1213,Julia Njuguna,Grade 3 B,Term 2,2026,9400,M-PESA,QWH-19301,James Njuguna,2026-05-15,Rebecca Wanjala
BP-2026-1170,ADM-1213,Julia Njuguna,Grade 3 B,Term 2,2026,7300,M-PESA,QWH-21328,James Njuguna,2026-05-25,Monica Wanjiru
BP-2026-1171,ADM-1213,Julia Njuguna,Grade 3 B,Term 2,2026,6300,Bank Transfer,RTN-15753,James Njuguna,2026-06-19,Andreah Smithh
BP-2026-1172,ADM-1214,Thomas Mwende,Grade 3 B,Term 1,2026,7900,M-PESA,QWH-24925,Joseph Mwende,2026-01-22,Andreah Smithh
BP-2026-1173,ADM-1214,Thomas Mwende,Grade 3 B,Term 1,2026,22100,Cash,CSH-49234,Joseph Mwende,2026-01-26,Andreah Smithh
BP-2026-1174,ADM-1214,Thomas Mwende,Grade 3 B,Term 2,2026,15000,Bank Transfer,RTN-49805,Joseph Mwende,2026-05-11,Monica Wanjiru
BP-2026-1175,ADM-1214,Thomas Mwende,Grade 3 B,Term 3,2026,800,Cash,CSH-38863,Joseph Mwende,2026-09-30,Andreah Smithh
BP-2026-1176,ADM-1214,Thomas Mwende,Grade 3 B,Term 3,2026,1100,Cash,CSH-93775,Joseph Mwende,2026-10-08,Andreah Smithh
BP-2026-1177,ADM-1214,Thomas Mwende,Grade 3 B,Term 3,2026,1400,M-PESA,QWH-85740,Joseph Mwende,2026-10-09,Andreah Smithh
BP-2026-1178,ADM-1215,Edwin Namukuru,Grade 3 B,Term 1,2026,30000,Cash,CSH-56343,Damaris Namukuru,2026-01-12,Monica Wanjiru
BP-2026-1179,ADM-1215,Edwin Namukuru,Grade 3 B,Term 2,2026,15000,Cash,CSH-83783,Damaris Namukuru,2026-05-14,Rebecca Wanjala
BP-2026-1180,ADM-1215,Edwin Namukuru,Grade 3 B,Term 3,2026,1300,Cash,CSH-39264,Damaris Namukuru,2026-09-25,Andreah Smithh
BP-2026-1181,ADM-1215,Edwin Namukuru,Grade 3 B,Term 3,2026,2300,M-PESA,QWH-26496,Damaris Namukuru,2026-09-27,Monica Wanjiru
BP-2026-1182,ADM-1216,Joseph Kirimi,Grade 3 B,Term 1,2026,14800,Cash,CSH-29788,Samuel Kirimi,2026-01-13,Monica Wanjiru
BP-2026-1183,ADM-1216,Joseph Kirimi,Grade 3 B,Term 1,2026,5400,Cheque,CHQ-29018,Samuel Kirimi,2026-02-06,Monica Wanjiru
BP-2026-1184,ADM-1216,Joseph Kirimi,Grade 3 B,Term 1,2026,9800,M-PESA,QWH-60195,Samuel Kirimi,2026-02-23,Rebecca Wanjala
BP-2026-1185,ADM-1216,Joseph Kirimi,Grade 3 B,Term 2,2026,15000,Cheque,CHQ-37364,Samuel Kirimi,2026-05-21,Rebecca Wanjala
BP-2026-1186,ADM-1216,Joseph Kirimi,Grade 3 B,Term 3,2026,2700,Bank Transfer,RTN-73999,Samuel Kirimi,2026-09-24,Rebecca Wanjala
BP-2026-1187,ADM-1216,Joseph Kirimi,Grade 3 B,Term 3,2026,6300,Cash,CSH-83440,Samuel Kirimi,2026-10-06,Rebecca Wanjala
BP-2026-1188,ADM-1217,Elijah Odera,Grade 3 B,Term 1,2026,10000,Bank Transfer,RTN-87239,Gideon Odera,2026-01-26,Andreah Smithh
BP-2026-1189,ADM-1217,Elijah Odera,Grade 3 B,Term 1,2026,20000,M-PESA,QWH-97324,Gideon Odera,2026-02-08,Rebecca Wanjala
BP-2026-1190,ADM-1217,Elijah Odera,Grade 3 B,Term 2,2026,15000,M-PESA,QWH-12427,Gideon Odera,2026-05-12,Monica Wanjiru
BP-2026-1191,ADM-1218,Gideon Kitonga,Grade 3 B,Term 1,2026,11800,M-PESA,QWH-19957,Andrew Kitonga,2026-01-15,Rebecca Wanjala
BP-2026-1192,ADM-1218,Gideon Kitonga,Grade 3 B,Term 1,2026,7000,Bank Transfer,RTN-40108,Andrew Kitonga,2026-01-25,Andreah Smithh
BP-2026-1193,ADM-1218,Gideon Kitonga,Grade 3 B,Term 1,2026,11200,Bank Transfer,RTN-49465,Andrew Kitonga,2026-02-17,Monica Wanjiru
BP-2026-1194,ADM-1219,Francis Okoth,Grade 3 B,Term 1,2026,9500,Bank Transfer,RTN-85044,Charity Okoth,2026-01-18,Andreah Smithh
BP-2026-1195,ADM-1219,Francis Okoth,Grade 3 B,Term 1,2026,14200,M-PESA,QWH-20249,Charity Okoth,2026-01-31,Andreah Smithh
BP-2026-1196,ADM-1219,Francis Okoth,Grade 3 B,Term 2,2026,5800,Cheque,CHQ-61232,Charity Okoth,2026-05-30,Andreah Smithh
BP-2026-1197,ADM-1219,Francis Okoth,Grade 3 B,Term 2,2026,9200,M-PESA,QWH-82504,Charity Okoth,2026-05-29,Monica Wanjiru
BP-2026-1198,ADM-1219,Francis Okoth,Grade 3 B,Term 3,2026,9000,Cheque,CHQ-54982,Charity Okoth,2026-09-15,Rebecca Wanjala
BP-2026-1199,ADM-1220,Gloria Odhiambo,Grade 3 B,Term 1,2026,11000,Bank Transfer,RTN-58006,Edwin Odhiambo,2026-01-29,Rebecca Wanjala
BP-2026-1200,ADM-1220,Gloria Odhiambo,Grade 3 B,Term 1,2026,19000,Cash,CSH-63729,Edwin Odhiambo,2026-02-11,Rebecca Wanjala
BP-2026-1201,ADM-1220,Gloria Odhiambo,Grade 3 B,Term 2,2026,10700,Bank Transfer,RTN-89478,Edwin Odhiambo,2026-05-31,Rebecca Wanjala
BP-2026-1202,ADM-1220,Gloria Odhiambo,Grade 3 B,Term 3,2026,4100,M-PESA,QWH-33774,Edwin Odhiambo,2026-10-06,Monica Wanjiru
BP-2026-1203,ADM-1220,Gloria Odhiambo,Grade 3 B,Term 3,2026,1400,Cash,CSH-47882,Edwin Odhiambo,2026-10-01,Rebecca Wanjala
BP-2026-1204,ADM-1220,Gloria Odhiambo,Grade 3 B,Term 3,2026,3500,Cash,CSH-39593,Edwin Odhiambo,2026-10-25,Rebecca Wanjala
BP-2026-1205,ADM-1221,Monica Kombo,Grade 3 B,Term 1,2026,11400,M-PESA,QWH-78703,Esther Kombo,2026-01-26,Rebecca Wanjala
BP-2026-1206,ADM-1221,Monica Kombo,Grade 3 B,Term 1,2026,18600,Cash,CSH-28732,Esther Kombo,2026-02-05,Monica Wanjiru
BP-2026-1207,ADM-1221,Monica Kombo,Grade 3 B,Term 2,2026,4700,M-PESA,QWH-55863,Esther Kombo,2026-05-31,Monica Wanjiru
BP-2026-1208,ADM-1221,Monica Kombo,Grade 3 B,Term 2,2026,10300,Bank Transfer,RTN-34181,Esther Kombo,2026-05-26,Monica Wanjiru
BP-2026-1209,ADM-1221,Monica Kombo,Grade 3 B,Term 3,2026,4000,Cash,CSH-97964,Esther Kombo,2026-10-03,Andreah Smithh
BP-2026-1210,ADM-1221,Monica Kombo,Grade 3 B,Term 3,2026,5000,Bank Transfer,RTN-86666,Esther Kombo,2026-10-06,Monica Wanjiru
BP-2026-1211,ADM-1222,Abigail Khisa,Grade 3 B,Term 1,2026,10300,M-PESA,QWH-65057,Ibrahim Khisa,2026-01-26,Rebecca Wanjala
BP-2026-1212,ADM-1222,Abigail Khisa,Grade 3 B,Term 1,2026,12000,Bank Transfer,RTN-78025,Ibrahim Khisa,2026-02-01,Andreah Smithh
BP-2026-1213,ADM-1222,Abigail Khisa,Grade 3 B,Term 1,2026,3300,Cash,CSH-26156,Ibrahim Khisa,2026-02-28,Rebecca Wanjala
BP-2026-1214,ADM-1222,Abigail Khisa,Grade 3 B,Term 1,2026,8400,Cheque,CHQ-93988,Ibrahim Khisa,2026-03-06,Monica Wanjiru
BP-2026-1215,ADM-1222,Abigail Khisa,Grade 3 B,Term 2,2026,5900,Cash,CSH-15598,Ibrahim Khisa,2026-05-21,Rebecca Wanjala
BP-2026-1216,ADM-1222,Abigail Khisa,Grade 3 B,Term 2,2026,2000,Bank Transfer,RTN-50437,Ibrahim Khisa,2026-06-04,Rebecca Wanjala
BP-2026-1217,ADM-1222,Abigail Khisa,Grade 3 B,Term 2,2026,3100,M-PESA,QWH-72836,Ibrahim Khisa,2026-07-01,Andreah Smithh
BP-2026-1218,ADM-1222,Abigail Khisa,Grade 3 B,Term 3,2026,4400,Bank Transfer,RTN-61947,Ibrahim Khisa,2026-09-12,Rebecca Wanjala
BP-2026-1219,ADM-1223,Simon Gitau,Grade 3 B,Term 1,2026,35000,Cheque,CHQ-77346,Felix Gitau,2026-01-21,Andreah Smithh
BP-2026-1220,ADM-1223,Simon Gitau,Grade 3 B,Term 2,2026,5700,Bank Transfer,RTN-86228,Felix Gitau,2026-05-13,Rebecca Wanjala
BP-2026-1221,ADM-1223,Simon Gitau,Grade 3 B,Term 2,2026,14300,M-PESA,QWH-88206,Felix Gitau,2026-05-31,Rebecca Wanjala
BP-2026-1222,ADM-1224,Frank Abdalla,Grade 3 B,Term 1,2026,16400,Bank Transfer,RTN-94658,Patrick Abdalla,2026-01-19,Rebecca Wanjala
BP-2026-1223,ADM-1224,Frank Abdalla,Grade 3 B,Term 1,2026,5600,M-PESA,QWH-64147,Patrick Abdalla,2026-01-26,Andreah Smithh
BP-2026-1224,ADM-1224,Frank Abdalla,Grade 3 B,Term 1,2026,8000,Cheque,CHQ-96932,Patrick Abdalla,2026-02-10,Andreah Smithh
BP-2026-1225,ADM-1224,Frank Abdalla,Grade 3 B,Term 2,2026,6800,M-PESA,QWH-57127,Patrick Abdalla,2026-05-30,Rebecca Wanjala
BP-2026-1226,ADM-1224,Frank Abdalla,Grade 3 B,Term 2,2026,8200,Bank Transfer,RTN-39393,Patrick Abdalla,2026-06-13,Rebecca Wanjala
BP-2026-1227,ADM-1224,Frank Abdalla,Grade 3 B,Term 3,2026,5900,M-PESA,QWH-22543,Patrick Abdalla,2026-09-26,Rebecca Wanjala
BP-2026-1228,ADM-1225,Zachary Oluoch,Grade 3 B,Term 1,2026,30000,Bank Transfer,RTN-62791,Fridah Oluoch,2026-01-29,Rebecca Wanjala
BP-2026-1229,ADM-1225,Zachary Oluoch,Grade 3 B,Term 2,2026,6700,Bank Transfer,RTN-96152,Fridah Oluoch,2026-05-08,Andreah Smithh
BP-2026-1230,ADM-1225,Zachary Oluoch,Grade 3 B,Term 2,2026,8300,Cash,CSH-25070,Fridah Oluoch,2026-06-16,Monica Wanjiru
BP-2026-1231,ADM-1226,Vincent Ciawi,Grade 3 B,Term 1,2026,14600,M-PESA,QWH-85155,Samuel Ciawi,2026-01-20,Rebecca Wanjala
BP-2026-1232,ADM-1226,Vincent Ciawi,Grade 3 B,Term 1,2026,15400,Bank Transfer,RTN-50040,Samuel Ciawi,2026-02-04,Monica Wanjiru
BP-2026-1233,ADM-1226,Vincent Ciawi,Grade 3 B,Term 2,2026,3900,M-PESA,QWH-68579,Samuel Ciawi,2026-05-14,Andreah Smithh
BP-2026-1234,ADM-1226,Vincent Ciawi,Grade 3 B,Term 2,2026,4700,Cheque,CHQ-15933,Samuel Ciawi,2026-06-10,Andreah Smithh
BP-2026-1235,ADM-1226,Vincent Ciawi,Grade 3 B,Term 2,2026,6400,M-PESA,QWH-17894,Samuel Ciawi,2026-06-09,Monica Wanjiru
BP-2026-1236,ADM-1226,Vincent Ciawi,Grade 3 B,Term 3,2026,4900,M-PESA,QWH-13946,Samuel Ciawi,2026-09-18,Monica Wanjiru
BP-2026-1237,ADM-1226,Vincent Ciawi,Grade 3 B,Term 3,2026,1600,M-PESA,QWH-63282,Samuel Ciawi,2026-10-10,Monica Wanjiru
BP-2026-1238,ADM-1226,Vincent Ciawi,Grade 3 B,Term 3,2026,2500,M-PESA,QWH-20550,Samuel Ciawi,2026-10-13,Monica Wanjiru
BP-2026-1239,ADM-1227,Susan Wamalwa,Grade 3 B,Term 1,2026,13500,Cash,CSH-39998,Amos Wamalwa,2026-01-22,Andreah Smithh
BP-2026-1240,ADM-1227,Susan Wamalwa,Grade 3 B,Term 1,2026,16500,M-PESA,QWH-29064,Amos Wamalwa,2026-01-26,Rebecca Wanjala
BP-2026-1241,ADM-1227,Susan Wamalwa,Grade 3 B,Term 2,2026,5000,Bank Transfer,RTN-45019,Amos Wamalwa,2026-05-17,Monica Wanjiru
BP-2026-1242,ADM-1227,Susan Wamalwa,Grade 3 B,Term 2,2026,4100,Cash,CSH-53424,Amos Wamalwa,2026-05-27,Andreah Smithh
BP-2026-1243,ADM-1227,Susan Wamalwa,Grade 3 B,Term 2,2026,5900,M-PESA,QWH-53866,Amos Wamalwa,2026-06-27,Andreah Smithh
BP-2026-1244,ADM-1227,Susan Wamalwa,Grade 3 B,Term 3,2026,4400,Cash,CSH-47436,Amos Wamalwa,2026-09-22,Rebecca Wanjala
BP-2026-1245,ADM-1227,Susan Wamalwa,Grade 3 B,Term 3,2026,1900,M-PESA,QWH-83944,Amos Wamalwa,2026-10-17,Rebecca Wanjala
BP-2026-1246,ADM-1227,Susan Wamalwa,Grade 3 B,Term 3,2026,2700,Cheque,CHQ-84200,Amos Wamalwa,2026-10-24,Andreah Smithh
BP-2026-1247,ADM-1228,Michael Wambua,Grade 3 B,Term 1,2026,30000,Cash,CSH-68848,Meshack Wambua,2026-01-14,Andreah Smithh
BP-2026-1248,ADM-1228,Michael Wambua,Grade 3 B,Term 2,2026,7200,Cash,CSH-11253,Meshack Wambua,2026-05-30,Monica Wanjiru
BP-2026-1249,ADM-1228,Michael Wambua,Grade 3 B,Term 2,2026,7800,Cash,CSH-80076,Meshack Wambua,2026-06-03,Andreah Smithh
BP-2026-1250,ADM-1228,Michael Wambua,Grade 3 B,Term 3,2026,1600,Bank Transfer,RTN-91793,Meshack Wambua,2026-09-16,Monica Wanjiru
BP-2026-1251,ADM-1228,Michael Wambua,Grade 3 B,Term 3,2026,4000,M-PESA,QWH-41774,Meshack Wambua,2026-10-09,Rebecca Wanjala
BP-2026-1252,ADM-1229,Wesley Noor,Grade 4 A,Term 1,2026,30000,Bank Transfer,RTN-27371,Trevor Noor,2026-01-18,Andreah Smithh
BP-2026-1253,ADM-1229,Wesley Noor,Grade 4 A,Term 2,2026,5700,Cheque,CHQ-66164,Trevor Noor,2026-05-13,Rebecca Wanjala
BP-2026-1254,ADM-1229,Wesley Noor,Grade 4 A,Term 2,2026,9300,Bank Transfer,RTN-73626,Trevor Noor,2026-06-05,Rebecca Wanjala
BP-2026-1255,ADM-1229,Wesley Noor,Grade 4 A,Term 3,2026,4900,M-PESA,QWH-51107,Trevor Noor,2026-09-24,Andreah Smithh
BP-2026-1256,ADM-1229,Wesley Noor,Grade 4 A,Term 3,2026,4100,Cash,CSH-63702,Trevor Noor,2026-10-12,Andreah Smithh
BP-2026-1257,ADM-1230,Felix Masinde,Grade 4 A,Term 1,2026,15000,M-PESA,QWH-33520,David Masinde,2026-01-27,Andreah Smithh
BP-2026-1258,ADM-1230,Felix Masinde,Grade 4 A,Term 1,2026,6100,M-PESA,QWH-94071,David Masinde,2026-01-27,Andreah Smithh
BP-2026-1259,ADM-1230,Felix Masinde,Grade 4 A,Term 1,2026,8900,M-PESA,QWH-16655,David Masinde,2026-02-13,Andreah Smithh
BP-2026-1260,ADM-1230,Felix Masinde,Grade 4 A,Term 2,2026,15000,Cash,CSH-78633,David Masinde,2026-05-16,Andreah Smithh
BP-2026-1261,ADM-1230,Felix Masinde,Grade 4 A,Term 3,2026,2500,Cash,CSH-24688,David Masinde,2026-09-19,Monica Wanjiru
BP-2026-1262,ADM-1230,Felix Masinde,Grade 4 A,Term 3,2026,1800,Cheque,CHQ-39698,David Masinde,2026-10-02,Monica Wanjiru
BP-2026-1263,ADM-1230,Felix Masinde,Grade 4 A,Term 3,2026,1500,Bank Transfer,RTN-23453,David Masinde,2026-10-24,Andreah Smithh
BP-2026-1264,ADM-1231,Caleb Maundu,Grade 4 A,Term 1,2026,23000,Bank Transfer,RTN-32743,Isaac Maundu,2026-01-12,Andreah Smithh
BP-2026-1265,ADM-1231,Caleb Maundu,Grade 4 A,Term 1,2026,7900,M-PESA,QWH-18430,Isaac Maundu,2026-02-13,Andreah Smithh
BP-2026-1266,ADM-1231,Caleb Maundu,Grade 4 A,Term 1,2026,4600,M-PESA,QWH-27360,Isaac Maundu,2026-02-15,Rebecca Wanjala
BP-2026-1267,ADM-1231,Caleb Maundu,Grade 4 A,Term 1,2026,6500,Bank Transfer,RTN-37135,Isaac Maundu,2026-02-28,Monica Wanjiru
BP-2026-1268,ADM-1231,Caleb Maundu,Grade 4 A,Term 2,2026,27000,Bank Transfer,RTN-23465,Isaac Maundu,2026-05-09,Monica Wanjiru
BP-2026-1269,ADM-1231,Caleb Maundu,Grade 4 A,Term 3,2026,3600,M-PESA,QWH-69866,Isaac Maundu,2026-09-13,Monica Wanjiru
BP-2026-1270,ADM-1231,Caleb Maundu,Grade 4 A,Term 3,2026,6900,Cash,CSH-44030,Isaac Maundu,2026-10-05,Monica Wanjiru
BP-2026-1271,ADM-1232,Naomi Wambua,Grade 4 A,Term 1,2026,30000,Bank Transfer,RTN-75912,Faith Wambua,2026-01-21,Andreah Smithh
BP-2026-1272,ADM-1232,Naomi Wambua,Grade 4 A,Term 2,2026,15000,Cash,CSH-50795,Faith Wambua,2026-05-11,Monica Wanjiru
BP-2026-1273,ADM-1232,Naomi Wambua,Grade 4 A,Term 3,2026,2100,M-PESA,QWH-98332,Faith Wambua,2026-09-30,Rebecca Wanjala
BP-2026-1274,ADM-1232,Naomi Wambua,Grade 4 A,Term 3,2026,2400,M-PESA,QWH-12215,Faith Wambua,2026-10-10,Monica Wanjiru
BP-2026-1275,ADM-1233,Michael Syombua,Grade 4 A,Term 2,2026,5400,M-PESA,QWH-67731,Caleb Syombua,2026-05-29,Rebecca Wanjala
BP-2026-1276,ADM-1233,Michael Syombua,Grade 4 A,Term 2,2026,9600,Bank Transfer,RTN-13078,Caleb Syombua,2026-06-05,Monica Wanjiru
BP-2026-1277,ADM-1233,Michael Syombua,Grade 4 A,Term 3,2026,3800,Cash,CSH-58768,Caleb Syombua,2026-09-21,Monica Wanjiru
BP-2026-1278,ADM-1233,Michael Syombua,Grade 4 A,Term 3,2026,1500,Cheque,CHQ-51153,Caleb Syombua,2026-09-26,Andreah Smithh
BP-2026-1279,ADM-1233,Michael Syombua,Grade 4 A,Term 3,2026,3700,Bank Transfer,RTN-74171,Caleb Syombua,2026-10-29,Monica Wanjiru
BP-2026-1280,ADM-1234,William Omollo,Grade 4 A,Term 1,2026,15600,Bank Transfer,RTN-81922,Julius Omollo,2026-01-22,Andreah Smithh
BP-2026-1281,ADM-1234,William Omollo,Grade 4 A,Term 1,2026,7700,Bank Transfer,RTN-44421,Julius Omollo,2026-02-07,Rebecca Wanjala
BP-2026-1282,ADM-1234,William Omollo,Grade 4 A,Term 1,2026,7700,Cheque,CHQ-33425,Julius Omollo,2026-02-07,Rebecca Wanjala
BP-2026-1283,ADM-1234,William Omollo,Grade 4 A,Term 2,2026,1500,Cheque,CHQ-40274,Julius Omollo,2026-05-30,Monica Wanjiru
BP-2026-1284,ADM-1234,William Omollo,Grade 4 A,Term 2,2026,1300,M-PESA,QWH-95756,Julius Omollo,2026-05-30,Monica Wanjiru
BP-2026-1285,ADM-1234,William Omollo,Grade 4 A,Term 2,2026,2800,M-PESA,QWH-76087,Julius Omollo,2026-06-14,Rebecca Wanjala
BP-2026-1286,ADM-1234,William Omollo,Grade 4 A,Term 3,2026,6800,Bank Transfer,RTN-69018,Julius Omollo,2026-09-17,Monica Wanjiru
BP-2026-1287,ADM-1235,Kennedy Chemtai,Grade 4 A,Term 1,2026,9600,M-PESA,QWH-61255,Brian Chemtai,2026-01-12,Rebecca Wanjala
BP-2026-1288,ADM-1235,Kennedy Chemtai,Grade 4 A,Term 1,2026,5300,Bank Transfer,RTN-20106,Brian Chemtai,2026-01-27,Andreah Smithh
BP-2026-1289,ADM-1235,Kennedy Chemtai,Grade 4 A,Term 1,2026,15100,Cash,CSH-67844,Brian Chemtai,2026-02-17,Monica Wanjiru
BP-2026-1290,ADM-1235,Kennedy Chemtai,Grade 4 A,Term 2,2026,5300,Bank Transfer,RTN-91008,Brian Chemtai,2026-05-22,Rebecca Wanjala
BP-2026-1291,ADM-1235,Kennedy Chemtai,Grade 4 A,Term 2,2026,9700,Bank Transfer,RTN-71902,Brian Chemtai,2026-06-02,Monica Wanjiru
BP-2026-1292,ADM-1235,Kennedy Chemtai,Grade 4 A,Term 3,2026,9000,M-PESA,QWH-25587,Brian Chemtai,2026-10-04,Rebecca Wanjala
BP-2026-1293,ADM-1236,Harrison Kitonga,Grade 4 A,Term 1,2026,30000,Bank Transfer,RTN-98555,Mark Kitonga,2026-01-28,Rebecca Wanjala
BP-2026-1294,ADM-1236,Harrison Kitonga,Grade 4 A,Term 2,2026,8000,Cheque,CHQ-80150,Mark Kitonga,2026-06-01,Andreah Smithh
BP-2026-1295,ADM-1236,Harrison Kitonga,Grade 4 A,Term 2,2026,7000,M-PESA,QWH-16145,Mark Kitonga,2026-06-01,Andreah Smithh
BP-2026-1296,ADM-1236,Harrison Kitonga,Grade 4 A,Term 3,2026,3200,Cheque,CHQ-72153,Mark Kitonga,2026-09-29,Rebecca Wanjala
BP-2026-1297,ADM-1237,Teresia Kinyua,Grade 4 A,Term 1,2026,8500,Cash,CSH-46539,George Kinyua,2026-01-27,Rebecca Wanjala
BP-2026-1298,ADM-1237,Teresia Kinyua,Grade 4 A,Term 1,2026,8300,Cash,CSH-33881,George Kinyua,2026-02-13,Andreah Smithh
BP-2026-1299,ADM-1237,Teresia Kinyua,Grade 4 A,Term 2,2026,15000,Cheque,CHQ-62003,George Kinyua,2026-05-25,Monica Wanjiru
BP-2026-1300,ADM-1237,Teresia Kinyua,Grade 4 A,Term 3,2026,4700,M-PESA,QWH-43334,George Kinyua,2026-09-16,Monica Wanjiru
BP-2026-1301,ADM-1237,Teresia Kinyua,Grade 4 A,Term 3,2026,2200,Bank Transfer,RTN-37746,George Kinyua,2026-09-30,Rebecca Wanjala
BP-2026-1302,ADM-1237,Teresia Kinyua,Grade 4 A,Term 3,2026,2100,Cash,CSH-47270,George Kinyua,2026-10-31,Andreah Smithh
BP-2026-1303,ADM-1238,Kiplangat Sichangi,Grade 4 A,Term 1,2026,19800,Cash,CSH-10904,Edwin Sichangi,2026-01-16,Monica Wanjiru
BP-2026-1304,ADM-1238,Kiplangat Sichangi,Grade 4 A,Term 2,2026,7800,Cash,CSH-99480,Edwin Sichangi,2026-05-24,Monica Wanjiru
BP-2026-1305,ADM-1238,Kiplangat Sichangi,Grade 4 A,Term 2,2026,10200,M-PESA,QWH-63494,Edwin Sichangi,2026-06-01,Monica Wanjiru
BP-2026-1306,ADM-1239,Kiplangat Pekeri,Grade 4 A,Term 1,2026,10600,Bank Transfer,RTN-49513,Julius Pekeri,2026-01-30,Andreah Smithh
BP-2026-1307,ADM-1239,Kiplangat Pekeri,Grade 4 A,Term 1,2026,6400,M-PESA,QWH-67502,Julius Pekeri,2026-01-25,Monica Wanjiru
BP-2026-1308,ADM-1239,Kiplangat Pekeri,Grade 4 A,Term 1,2026,13000,M-PESA,QWH-81504,Julius Pekeri,2026-02-09,Rebecca Wanjala
BP-2026-1309,ADM-1239,Kiplangat Pekeri,Grade 4 A,Term 2,2026,5300,M-PESA,QWH-61413,Julius Pekeri,2026-05-09,Rebecca Wanjala
BP-2026-1310,ADM-1239,Kiplangat Pekeri,Grade 4 A,Term 2,2026,4300,M-PESA,QWH-54704,Julius Pekeri,2026-05-24,Monica Wanjiru
BP-2026-1311,ADM-1239,Kiplangat Pekeri,Grade 4 A,Term 2,2026,5400,Cash,CSH-66885,Julius Pekeri,2026-07-01,Rebecca Wanjala
BP-2026-1312,ADM-1239,Kiplangat Pekeri,Grade 4 A,Term 3,2026,2300,Cheque,CHQ-55100,Julius Pekeri,2026-09-26,Rebecca Wanjala
BP-2026-1313,ADM-1239,Kiplangat Pekeri,Grade 4 A,Term 3,2026,3000,Cash,CSH-84389,Julius Pekeri,2026-09-26,Andreah Smithh
BP-2026-1314,ADM-1239,Kiplangat Pekeri,Grade 4 A,Term 3,2026,3700,M-PESA,QWH-81494,Julius Pekeri,2026-10-15,Monica Wanjiru
BP-2026-1315,ADM-1240,Joshua Ciawi,Grade 4 A,Term 1,2026,30000,Bank Transfer,RTN-81432,Lawrence Ciawi,2026-01-10,Rebecca Wanjala
BP-2026-1316,ADM-1240,Joshua Ciawi,Grade 4 A,Term 2,2026,7500,M-PESA,QWH-67600,Lawrence Ciawi,2026-05-28,Monica Wanjiru
BP-2026-1317,ADM-1240,Joshua Ciawi,Grade 4 A,Term 2,2026,7500,Cash,CSH-23472,Lawrence Ciawi,2026-05-26,Monica Wanjiru
BP-2026-1318,ADM-1240,Joshua Ciawi,Grade 4 A,Term 3,2026,1200,Bank Transfer,RTN-65475,Lawrence Ciawi,2026-09-24,Andreah Smithh
BP-2026-1319,ADM-1240,Joshua Ciawi,Grade 4 A,Term 3,2026,2000,Cash,CSH-98979,Lawrence Ciawi,2026-09-26,Andreah Smithh
BP-2026-1320,ADM-1241,Trevor Igweta,Grade 4 A,Term 1,2026,37000,Cash,CSH-73906,Thomas Igweta,2026-02-01,Rebecca Wanjala
BP-2026-1321,ADM-1241,Trevor Igweta,Grade 4 A,Term 2,2026,5300,Cash,CSH-36094,Thomas Igweta,2026-05-25,Rebecca Wanjala
BP-2026-1322,ADM-1241,Trevor Igweta,Grade 4 A,Term 2,2026,2900,Cash,CSH-23150,Thomas Igweta,2026-05-23,Monica Wanjiru
BP-2026-1323,ADM-1241,Trevor Igweta,Grade 4 A,Term 2,2026,2800,M-PESA,QWH-16169,Thomas Igweta,2026-06-19,Monica Wanjiru
BP-2026-1324,ADM-1241,Trevor Igweta,Grade 4 A,Term 3,2026,7200,Bank Transfer,RTN-12522,Thomas Igweta,2026-09-12,Rebecca Wanjala
BP-2026-1325,ADM-1241,Trevor Igweta,Grade 4 A,Term 3,2026,8800,Bank Transfer,RTN-55157,Thomas Igweta,2026-10-07,Monica Wanjiru
BP-2026-1326,ADM-1242,Emily Gatwiri,Grade 4 A,Term 1,2026,10400,M-PESA,QWH-29664,Moses Gatwiri,2026-01-29,Andreah Smithh
BP-2026-1327,ADM-1242,Emily Gatwiri,Grade 4 A,Term 1,2026,8400,M-PESA,QWH-40297,Moses Gatwiri,2026-02-04,Rebecca Wanjala
BP-2026-1328,ADM-1242,Emily Gatwiri,Grade 4 A,Term 1,2026,11200,Cash,CSH-62862,Moses Gatwiri,2026-02-10,Rebecca Wanjala
BP-2026-1329,ADM-1242,Emily Gatwiri,Grade 4 A,Term 2,2026,5800,Cash,CSH-75740,Moses Gatwiri,2026-05-29,Rebecca Wanjala
BP-2026-1330,ADM-1242,Emily Gatwiri,Grade 4 A,Term 2,2026,9200,Cheque,CHQ-58495,Moses Gatwiri,2026-06-07,Rebecca Wanjala
BP-2026-1331,ADM-1242,Emily Gatwiri,Grade 4 A,Term 3,2026,9000,M-PESA,QWH-34020,Moses Gatwiri,2026-09-20,Monica Wanjiru
BP-2026-1332,ADM-1243,Anthony Muthoka,Grade 4 A,Term 1,2026,14300,Bank Transfer,RTN-53817,Luke Muthoka,2026-01-20,Monica Wanjiru
BP-2026-1333,ADM-1243,Anthony Muthoka,Grade 4 A,Term 1,2026,15700,Bank Transfer,RTN-24151,Luke Muthoka,2026-01-22,Andreah Smithh
BP-2026-1334,ADM-1243,Anthony Muthoka,Grade 4 A,Term 2,2026,6200,M-PESA,QWH-35102,Luke Muthoka,2026-05-31,Andreah Smithh
BP-2026-1335,ADM-1243,Anthony Muthoka,Grade 4 A,Term 2,2026,2200,Cash,CSH-81217,Luke Muthoka,2026-06-06,Rebecca Wanjala
BP-2026-1336,ADM-1243,Anthony Muthoka,Grade 4 A,Term 2,2026,6600,M-PESA,QWH-53022,Luke Muthoka,2026-06-30,Monica Wanjiru
BP-2026-1337,ADM-1243,Anthony Muthoka,Grade 4 A,Term 3,2026,4600,Cash,CSH-24650,Luke Muthoka,2026-09-22,Andreah Smithh
BP-2026-1338,ADM-1243,Anthony Muthoka,Grade 4 A,Term 3,2026,4400,Bank Transfer,RTN-19446,Luke Muthoka,2026-10-12,Monica Wanjiru
BP-2026-1339,ADM-1244,Magdalene Nzomo,Grade 4 A,Term 1,2026,38700,Bank Transfer,RTN-99845,Ian Nzomo,2026-01-27,Monica Wanjiru
BP-2026-1340,ADM-1244,Magdalene Nzomo,Grade 4 A,Term 2,2026,10800,Cheque,CHQ-57472,Ian Nzomo,2026-06-02,Monica Wanjiru
BP-2026-1341,ADM-1244,Magdalene Nzomo,Grade 4 A,Term 2,2026,4600,Cheque,CHQ-92630,Ian Nzomo,2026-06-16,Rebecca Wanjala
BP-2026-1342,ADM-1244,Magdalene Nzomo,Grade 4 A,Term 2,2026,12600,M-PESA,QWH-90060,Ian Nzomo,2026-06-23,Rebecca Wanjala
BP-2026-1343,ADM-1244,Magdalene Nzomo,Grade 4 A,Term 3,2026,7400,Bank Transfer,RTN-25325,Ian Nzomo,2026-09-24,Rebecca Wanjala
BP-2026-1344,ADM-1244,Magdalene Nzomo,Grade 4 A,Term 3,2026,8900,M-PESA,QWH-35279,Ian Nzomo,2026-09-28,Rebecca Wanjala
BP-2026-1345,ADM-1245,Michael Wamalwa,Grade 4 A,Term 1,2026,11300,M-PESA,QWH-55116,Andrew Wamalwa,2026-01-23,Rebecca Wanjala
BP-2026-1346,ADM-1245,Michael Wamalwa,Grade 4 A,Term 1,2026,18700,M-PESA,QWH-14335,Andrew Wamalwa,2026-02-09,Rebecca Wanjala
BP-2026-1347,ADM-1245,Michael Wamalwa,Grade 4 A,Term 2,2026,4300,Bank Transfer,RTN-84288,Andrew Wamalwa,2026-05-12,Monica Wanjiru
BP-2026-1348,ADM-1245,Michael Wamalwa,Grade 4 A,Term 2,2026,3900,M-PESA,QWH-75856,Andrew Wamalwa,2026-06-06,Andreah Smithh
BP-2026-1349,ADM-1245,Michael Wamalwa,Grade 4 A,Term 2,2026,6800,Bank Transfer,RTN-75168,Andrew Wamalwa,2026-07-01,Andreah Smithh
BP-2026-1350,ADM-1245,Michael Wamalwa,Grade 4 A,Term 3,2026,4900,M-PESA,QWH-61539,Andrew Wamalwa,2026-09-22,Rebecca Wanjala
BP-2026-1351,ADM-1245,Michael Wamalwa,Grade 4 A,Term 3,2026,4100,Cash,CSH-15533,Andrew Wamalwa,2026-10-12,Monica Wanjiru
BP-2026-1352,ADM-1246,Brian Anyango,Grade 4 A,Term 1,2026,30000,Cash,CSH-70844,Yvonne Anyango,2026-01-31,Andreah Smithh
BP-2026-1353,ADM-1246,Brian Anyango,Grade 4 A,Term 2,2026,4200,Bank Transfer,RTN-44783,Yvonne Anyango,2026-05-12,Andreah Smithh
BP-2026-1354,ADM-1246,Brian Anyango,Grade 4 A,Term 2,2026,5100,Cash,CSH-94439,Yvonne Anyango,2026-05-25,Monica Wanjiru
BP-2026-1355,ADM-1246,Brian Anyango,Grade 4 A,Term 2,2026,5700,Cheque,CHQ-55603,Yvonne Anyango,2026-06-25,Andreah Smithh
BP-2026-1356,ADM-1246,Brian Anyango,Grade 4 A,Term 3,2026,1600,Bank Transfer,RTN-12302,Yvonne Anyango,2026-09-26,Monica Wanjiru
BP-2026-1357,ADM-1246,Brian Anyango,Grade 4 A,Term 3,2026,1300,Cash,CSH-96607,Yvonne Anyango,2026-10-03,Monica Wanjiru
BP-2026-1358,ADM-1246,Brian Anyango,Grade 4 A,Term 3,2026,2500,Cash,CSH-91729,Yvonne Anyango,2026-10-22,Rebecca Wanjala
BP-2026-1359,ADM-1247,Florence Farah,Grade 4 A,Term 1,2026,16300,M-PESA,QWH-80957,Frank Farah,2026-01-31,Rebecca Wanjala
BP-2026-1360,ADM-1247,Florence Farah,Grade 4 A,Term 1,2026,13700,M-PESA,QWH-58793,Frank Farah,2026-01-23,Rebecca Wanjala
BP-2026-1361,ADM-1247,Florence Farah,Grade 4 A,Term 2,2026,7900,M-PESA,QWH-63378,Frank Farah,2026-05-16,Andreah Smithh
BP-2026-1362,ADM-1247,Florence Farah,Grade 4 A,Term 2,2026,3900,Cheque,CHQ-64841,Frank Farah,2026-06-16,Monica Wanjiru
BP-2026-1363,ADM-1247,Florence Farah,Grade 4 A,Term 2,2026,3200,Cheque,CHQ-41987,Frank Farah,2026-06-14,Andreah Smithh
BP-2026-1364,ADM-1248,Kevin Mutoro,Grade 4 A,Term 1,2026,30000,Cash,CSH-87883,Collins Mutoro,2026-01-12,Andreah Smithh
BP-2026-1365,ADM-1248,Kevin Mutoro,Grade 4 A,Term 2,2026,5600,M-PESA,QWH-41021,Collins Mutoro,2026-05-14,Rebecca Wanjala
BP-2026-1366,ADM-1248,Kevin Mutoro,Grade 4 A,Term 2,2026,9400,M-PESA,QWH-29945,Collins Mutoro,2026-06-12,Monica Wanjiru
BP-2026-1367,ADM-1248,Kevin Mutoro,Grade 4 A,Term 3,2026,2700,Cheque,CHQ-62012,Collins Mutoro,2026-09-17,Rebecca Wanjala
BP-2026-1368,ADM-1248,Kevin Mutoro,Grade 4 A,Term 3,2026,3200,M-PESA,QWH-96147,Collins Mutoro,2026-10-16,Rebecca Wanjala
BP-2026-1369,ADM-1249,Teresia Kimeu,Grade 4 A,Term 1,2026,13200,Cash,CSH-60272,Judith Kimeu,2026-01-25,Rebecca Wanjala
BP-2026-1370,ADM-1249,Teresia Kimeu,Grade 4 A,Term 1,2026,7600,M-PESA,QWH-91833,Judith Kimeu,2026-02-03,Andreah Smithh
BP-2026-1371,ADM-1249,Teresia Kimeu,Grade 4 A,Term 1,2026,9200,M-PESA,QWH-97040,Judith Kimeu,2026-02-10,Rebecca Wanjala
BP-2026-1372,ADM-1249,Teresia Kimeu,Grade 4 A,Term 2,2026,6000,M-PESA,QWH-30657,Judith Kimeu,2026-06-01,Rebecca Wanjala
BP-2026-1373,ADM-1249,Teresia Kimeu,Grade 4 A,Term 2,2026,2500,Cash,CSH-21981,Judith Kimeu,2026-06-17,Rebecca Wanjala
BP-2026-1374,ADM-1249,Teresia Kimeu,Grade 4 A,Term 2,2026,6500,Bank Transfer,RTN-84439,Judith Kimeu,2026-06-24,Rebecca Wanjala
BP-2026-1375,ADM-1250,Anthony Khisa,Grade 4 A,Term 1,2026,30000,M-PESA,QWH-49009,Simon Khisa,2026-01-12,Andreah Smithh
BP-2026-1376,ADM-1250,Anthony Khisa,Grade 4 A,Term 2,2026,4700,Cash,CSH-69728,Simon Khisa,2026-06-01,Andreah Smithh
BP-2026-1377,ADM-1250,Anthony Khisa,Grade 4 A,Term 2,2026,7000,Cash,CSH-51103,Simon Khisa,2026-06-11,Monica Wanjiru
BP-2026-1378,ADM-1250,Anthony Khisa,Grade 4 A,Term 3,2026,1700,Bank Transfer,RTN-22690,Simon Khisa,2026-09-21,Rebecca Wanjala
BP-2026-1379,ADM-1250,Anthony Khisa,Grade 4 A,Term 3,2026,2600,Cash,CSH-99804,Simon Khisa,2026-10-10,Monica Wanjiru
BP-2026-1380,ADM-1251,Hellen Omondi,Grade 4 A,Term 1,2026,13700,Bank Transfer,RTN-79353,Purity Omondi,2026-01-19,Andreah Smithh
BP-2026-1381,ADM-1251,Hellen Omondi,Grade 4 A,Term 1,2026,8900,Cheque,CHQ-37220,Purity Omondi,2026-01-29,Rebecca Wanjala
BP-2026-1382,ADM-1251,Hellen Omondi,Grade 4 A,Term 1,2026,7400,Cash,CSH-86941,Purity Omondi,2026-02-10,Andreah Smithh
BP-2026-1383,ADM-1251,Hellen Omondi,Grade 4 A,Term 2,2026,4200,M-PESA,QWH-65804,Purity Omondi,2026-05-15,Monica Wanjiru
BP-2026-1384,ADM-1251,Hellen Omondi,Grade 4 A,Term 2,2026,10800,M-PESA,QWH-98586,Purity Omondi,2026-05-26,Rebecca Wanjala
BP-2026-1385,ADM-1252,Lilian Suleiman,Grade 4 A,Term 1,2026,11900,M-PESA,QWH-83654,Simon Suleiman,2026-02-03,Andreah Smithh
BP-2026-1386,ADM-1252,Lilian Suleiman,Grade 4 A,Term 1,2026,18100,Cheque,CHQ-30563,Simon Suleiman,2026-02-11,Andreah Smithh
BP-2026-1387,ADM-1252,Lilian Suleiman,Grade 4 A,Term 2,2026,18000,Bank Transfer,RTN-18284,Simon Suleiman,2026-05-08,Andreah Smithh
BP-2026-1388,ADM-1253,Martha Kimutai,Grade 4 A,Term 1,2026,30000,Cash,CSH-98335,Martin Kimutai,2026-01-11,Andreah Smithh
BP-2026-1389,ADM-1253,Martha Kimutai,Grade 4 A,Term 2,2026,6100,Cash,CSH-80986,Martin Kimutai,2026-05-23,Andreah Smithh
BP-2026-1390,ADM-1253,Martha Kimutai,Grade 4 A,Term 2,2026,8900,Bank Transfer,RTN-97276,Martin Kimutai,2026-06-11,Andreah Smithh
BP-2026-1391,ADM-1253,Martha Kimutai,Grade 4 A,Term 3,2026,2000,M-PESA,QWH-35664,Martin Kimutai,2026-09-21,Rebecca Wanjala
BP-2026-1392,ADM-1253,Martha Kimutai,Grade 4 A,Term 3,2026,1900,Cash,CSH-88704,Martin Kimutai,2026-09-30,Andreah Smithh
BP-2026-1393,ADM-1254,Kipchoge Kinyua,Grade 4 A,Term 1,2026,9100,M-PESA,QWH-93967,Benjamin Kinyua,2026-01-16,Andreah Smithh
BP-2026-1394,ADM-1254,Kipchoge Kinyua,Grade 4 A,Term 1,2026,9400,Cheque,CHQ-98673,Benjamin Kinyua,2026-02-12,Monica Wanjiru
BP-2026-1395,ADM-1254,Kipchoge Kinyua,Grade 4 A,Term 1,2026,11500,M-PESA,QWH-90446,Benjamin Kinyua,2026-02-15,Monica Wanjiru
BP-2026-1396,ADM-1254,Kipchoge Kinyua,Grade 4 A,Term 2,2026,5700,Cash,CSH-49381,Benjamin Kinyua,2026-06-01,Andreah Smithh
BP-2026-1397,ADM-1254,Kipchoge Kinyua,Grade 4 A,Term 2,2026,3400,Bank Transfer,RTN-68258,Benjamin Kinyua,2026-06-04,Rebecca Wanjala
BP-2026-1398,ADM-1254,Kipchoge Kinyua,Grade 4 A,Term 2,2026,5900,Cash,CSH-58596,Benjamin Kinyua,2026-06-19,Andreah Smithh
BP-2026-1399,ADM-1254,Kipchoge Kinyua,Grade 4 A,Term 3,2026,2800,Bank Transfer,RTN-46135,Benjamin Kinyua,2026-09-11,Rebecca Wanjala
BP-2026-1400,ADM-1254,Kipchoge Kinyua,Grade 4 A,Term 3,2026,3500,M-PESA,QWH-11357,Benjamin Kinyua,2026-10-07,Rebecca Wanjala
BP-2026-1401,ADM-1255,Sophia Kithinji,Grade 4 A,Term 1,2026,10000,Cash,CSH-10018,Dorcas Kithinji,2026-01-23,Rebecca Wanjala
BP-2026-1402,ADM-1255,Sophia Kithinji,Grade 4 A,Term 1,2026,20000,M-PESA,QWH-39261,Dorcas Kithinji,2026-01-28,Monica Wanjiru
BP-2026-1403,ADM-1255,Sophia Kithinji,Grade 4 A,Term 2,2026,4700,Bank Transfer,RTN-45593,Dorcas Kithinji,2026-05-13,Rebecca Wanjala
BP-2026-1404,ADM-1255,Sophia Kithinji,Grade 4 A,Term 2,2026,10300,M-PESA,QWH-49350,Dorcas Kithinji,2026-06-12,Monica Wanjiru
BP-2026-1405,ADM-1255,Sophia Kithinji,Grade 4 A,Term 3,2026,1300,Cash,CSH-53788,Dorcas Kithinji,2026-09-25,Monica Wanjiru
BP-2026-1406,ADM-1255,Sophia Kithinji,Grade 4 A,Term 3,2026,1700,Cash,CSH-26221,Dorcas Kithinji,2026-09-29,Rebecca Wanjala
BP-2026-1407,ADM-1255,Sophia Kithinji,Grade 4 A,Term 3,2026,1900,Bank Transfer,RTN-60039,Dorcas Kithinji,2026-10-25,Monica Wanjiru
BP-2026-1408,ADM-1256,Lilian Ambani,Grade 4 A,Term 1,2026,14600,M-PESA,QWH-61092,Collins Ambani,2026-01-23,Rebecca Wanjala
BP-2026-1409,ADM-1256,Lilian Ambani,Grade 4 A,Term 1,2026,4200,M-PESA,QWH-49326,Collins Ambani,2026-02-03,Monica Wanjiru
BP-2026-1410,ADM-1256,Lilian Ambani,Grade 4 A,Term 1,2026,11200,Bank Transfer,RTN-35058,Collins Ambani,2026-02-07,Rebecca Wanjala
BP-2026-1411,ADM-1256,Lilian Ambani,Grade 4 A,Term 2,2026,12300,Cheque,CHQ-96961,Collins Ambani,2026-05-20,Andreah Smithh
BP-2026-1412,ADM-1256,Lilian Ambani,Grade 4 A,Term 3,2026,3100,M-PESA,QWH-81621,Collins Ambani,2026-09-15,Andreah Smithh
BP-2026-1413,ADM-1256,Lilian Ambani,Grade 4 A,Term 3,2026,2900,Bank Transfer,RTN-78368,Collins Ambani,2026-10-04,Rebecca Wanjala
BP-2026-1414,ADM-1257,Thomas Adan,Grade 4 A,Term 1,2026,30000,Cash,CSH-85585,James Adan,2026-01-19,Rebecca Wanjala
BP-2026-1415,ADM-1257,Thomas Adan,Grade 4 A,Term 2,2026,4500,M-PESA,QWH-89702,James Adan,2026-05-07,Andreah Smithh
BP-2026-1416,ADM-1257,Thomas Adan,Grade 4 A,Term 2,2026,2300,Cash,CSH-76612,James Adan,2026-06-16,Andreah Smithh
BP-2026-1417,ADM-1257,Thomas Adan,Grade 4 A,Term 2,2026,4300,Cash,CSH-54144,James Adan,2026-07-02,Andreah Smithh
BP-2026-1418,ADM-1257,Thomas Adan,Grade 4 A,Term 3,2026,1500,Cash,CSH-90538,James Adan,2026-10-03,Rebecca Wanjala
BP-2026-1419,ADM-1257,Thomas Adan,Grade 4 A,Term 3,2026,800,Cash,CSH-78393,James Adan,2026-10-04,Monica Wanjiru
BP-2026-1420,ADM-1257,Thomas Adan,Grade 4 A,Term 3,2026,1800,Cheque,CHQ-74195,James Adan,2026-10-20,Rebecca Wanjala
BP-2026-1421,ADM-1258,Samuel Mugambi,Grade 4 A,Term 1,2026,30000,Bank Transfer,RTN-94888,David Mugambi,2026-01-08,Andreah Smithh
BP-2026-1422,ADM-1258,Samuel Mugambi,Grade 4 A,Term 2,2026,6700,Bank Transfer,RTN-83519,David Mugambi,2026-05-18,Monica Wanjiru
BP-2026-1423,ADM-1258,Samuel Mugambi,Grade 4 A,Term 2,2026,2900,M-PESA,QWH-58423,David Mugambi,2026-06-03,Andreah Smithh
BP-2026-1424,ADM-1258,Samuel Mugambi,Grade 4 A,Term 2,2026,5400,Cash,CSH-70572,David Mugambi,2026-07-04,Andreah Smithh
BP-2026-1425,ADM-1259,Lawrence Tianai,Grade 4 A,Term 1,2026,30000,Bank Transfer,RTN-37137,Harrison Tianai,2026-01-30,Andreah Smithh
BP-2026-1426,ADM-1259,Lawrence Tianai,Grade 4 A,Term 2,2026,6200,Cash,CSH-75656,Harrison Tianai,2026-05-20,Andreah Smithh
BP-2026-1427,ADM-1259,Lawrence Tianai,Grade 4 A,Term 2,2026,2300,Cash,CSH-54500,Harrison Tianai,2026-06-04,Andreah Smithh
BP-2026-1428,ADM-1259,Lawrence Tianai,Grade 4 A,Term 2,2026,6500,Bank Transfer,RTN-71529,Harrison Tianai,2026-06-18,Rebecca Wanjala
BP-2026-1429,ADM-1259,Lawrence Tianai,Grade 4 A,Term 3,2026,4700,Cash,CSH-45512,Harrison Tianai,2026-10-03,Andreah Smithh
BP-2026-1430,ADM-1259,Lawrence Tianai,Grade 4 A,Term 3,2026,2300,Cheque,CHQ-26933,Harrison Tianai,2026-10-04,Monica Wanjiru
BP-2026-1431,ADM-1259,Lawrence Tianai,Grade 4 A,Term 3,2026,2000,M-PESA,QWH-62595,Harrison Tianai,2026-10-12,Rebecca Wanjala
BP-2026-1432,ADM-1260,Gloria Omollo,Grade 4 A,Term 1,2026,8000,M-PESA,QWH-67474,Godfrey Omollo,2026-01-17,Monica Wanjiru
BP-2026-1433,ADM-1260,Gloria Omollo,Grade 4 A,Term 1,2026,7900,M-PESA,QWH-81447,Godfrey Omollo,2026-02-11,Rebecca Wanjala
BP-2026-1434,ADM-1260,Gloria Omollo,Grade 4 A,Term 1,2026,14100,Cash,CSH-75028,Godfrey Omollo,2026-02-11,Monica Wanjiru
BP-2026-1435,ADM-1260,Gloria Omollo,Grade 4 A,Term 2,2026,15000,Bank Transfer,RTN-31184,Godfrey Omollo,2026-05-13,Monica Wanjiru
BP-2026-1436,ADM-1260,Gloria Omollo,Grade 4 A,Term 3,2026,3500,M-PESA,QWH-31605,Godfrey Omollo,2026-09-18,Monica Wanjiru
BP-2026-1437,ADM-1260,Gloria Omollo,Grade 4 A,Term 3,2026,1500,Cheque,CHQ-90795,Godfrey Omollo,2026-09-28,Monica Wanjiru
BP-2026-1438,ADM-1260,Gloria Omollo,Grade 4 A,Term 3,2026,4000,M-PESA,QWH-88663,Godfrey Omollo,2026-10-28,Rebecca Wanjala
BP-2026-1439,ADM-1261,Vincent Suleiman,Grade 4 B,Term 1,2026,30000,M-PESA,QWH-98516,Timothy Suleiman,2026-01-10,Monica Wanjiru
BP-2026-1440,ADM-1261,Vincent Suleiman,Grade 4 B,Term 2,2026,5900,M-PESA,QWH-78576,Timothy Suleiman,2026-05-18,Rebecca Wanjala
BP-2026-1441,ADM-1261,Vincent Suleiman,Grade 4 B,Term 2,2026,4600,Cash,CSH-39084,Timothy Suleiman,2026-06-16,Monica Wanjiru
BP-2026-1442,ADM-1261,Vincent Suleiman,Grade 4 B,Term 2,2026,4500,Bank Transfer,RTN-24999,Timothy Suleiman,2026-06-25,Rebecca Wanjala
BP-2026-1443,ADM-1261,Vincent Suleiman,Grade 4 B,Term 3,2026,3200,M-PESA,QWH-78272,Timothy Suleiman,2026-09-22,Rebecca Wanjala
BP-2026-1444,ADM-1261,Vincent Suleiman,Grade 4 B,Term 3,2026,1800,M-PESA,QWH-38730,Timothy Suleiman,2026-10-17,Monica Wanjiru
BP-2026-1445,ADM-1261,Vincent Suleiman,Grade 4 B,Term 3,2026,1700,M-PESA,QWH-45733,Timothy Suleiman,2026-10-15,Rebecca Wanjala
BP-2026-1446,ADM-1262,Cynthia Kithinji,Grade 4 B,Term 1,2026,30000,Cash,CSH-14295,Judith Kithinji,2026-01-10,Monica Wanjiru
BP-2026-1447,ADM-1262,Cynthia Kithinji,Grade 4 B,Term 2,2026,15000,Cheque,CHQ-24629,Judith Kithinji,2026-05-25,Rebecca Wanjala
BP-2026-1448,ADM-1262,Cynthia Kithinji,Grade 4 B,Term 3,2026,2100,Bank Transfer,RTN-41492,Judith Kithinji,2026-09-15,Monica Wanjiru
BP-2026-1449,ADM-1262,Cynthia Kithinji,Grade 4 B,Term 3,2026,3300,Cash,CSH-49764,Judith Kithinji,2026-10-04,Monica Wanjiru
BP-2026-1450,ADM-1263,Sharon Kariuki,Grade 4 B,Term 1,2026,19900,Bank Transfer,RTN-30537,Joseph Kariuki,2026-02-02,Rebecca Wanjala
BP-2026-1451,ADM-1263,Sharon Kariuki,Grade 4 B,Term 1,2026,19100,M-PESA,QWH-96287,Joseph Kariuki,2026-02-16,Monica Wanjiru
BP-2026-1452,ADM-1263,Sharon Kariuki,Grade 4 B,Term 2,2026,6800,Cash,CSH-10321,Joseph Kariuki,2026-05-21,Andreah Smithh
BP-2026-1453,ADM-1263,Sharon Kariuki,Grade 4 B,Term 2,2026,17200,Cash,CSH-91040,Joseph Kariuki,2026-05-28,Rebecca Wanjala
BP-2026-1454,ADM-1263,Sharon Kariuki,Grade 4 B,Term 3,2026,4900,M-PESA,QWH-97901,Joseph Kariuki,2026-09-14,Andreah Smithh
BP-2026-1455,ADM-1263,Sharon Kariuki,Grade 4 B,Term 3,2026,5900,Cash,CSH-47532,Joseph Kariuki,2026-09-26,Monica Wanjiru
BP-2026-1456,ADM-1263,Sharon Kariuki,Grade 4 B,Term 3,2026,7200,Cash,CSH-17144,Joseph Kariuki,2026-10-24,Monica Wanjiru
BP-2026-1457,ADM-1264,Peninah Kimeu,Grade 4 B,Term 1,2026,14900,Bank Transfer,RTN-83657,Amos Kimeu,2026-01-09,Monica Wanjiru
BP-2026-1458,ADM-1264,Peninah Kimeu,Grade 4 B,Term 1,2026,15100,Cheque,CHQ-28930,Amos Kimeu,2026-02-07,Rebecca Wanjala
BP-2026-1459,ADM-1264,Peninah Kimeu,Grade 4 B,Term 2,2026,6900,Bank Transfer,RTN-45322,Amos Kimeu,2026-05-15,Andreah Smithh
BP-2026-1460,ADM-1264,Peninah Kimeu,Grade 4 B,Term 2,2026,8100,Bank Transfer,RTN-59976,Amos Kimeu,2026-06-07,Andreah Smithh
BP-2026-1461,ADM-1264,Peninah Kimeu,Grade 4 B,Term 3,2026,1100,M-PESA,QWH-74293,Amos Kimeu,2026-09-10,Andreah Smithh
BP-2026-1462,ADM-1264,Peninah Kimeu,Grade 4 B,Term 3,2026,900,Bank Transfer,RTN-89375,Amos Kimeu,2026-10-04,Andreah Smithh
BP-2026-1463,ADM-1264,Peninah Kimeu,Grade 4 B,Term 3,2026,1200,M-PESA,QWH-79636,Amos Kimeu,2026-10-14,Monica Wanjiru
BP-2026-1464,ADM-1265,Magdalene Kaelo,Grade 4 B,Term 1,2026,10000,Cash,CSH-56688,Joseph Kaelo,2026-01-12,Rebecca Wanjala
BP-2026-1465,ADM-1265,Magdalene Kaelo,Grade 4 B,Term 1,2026,7000,Cash,CSH-38138,Joseph Kaelo,2026-01-29,Monica Wanjiru
BP-2026-1466,ADM-1265,Magdalene Kaelo,Grade 4 B,Term 1,2026,13000,M-PESA,QWH-49350,Joseph Kaelo,2026-02-18,Andreah Smithh
BP-2026-1467,ADM-1265,Magdalene Kaelo,Grade 4 B,Term 2,2026,4300,M-PESA,QWH-15897,Joseph Kaelo,2026-05-19,Rebecca Wanjala
BP-2026-1468,ADM-1265,Magdalene Kaelo,Grade 4 B,Term 2,2026,4900,Cash,CSH-18295,Joseph Kaelo,2026-06-10,Andreah Smithh
BP-2026-1469,ADM-1265,Magdalene Kaelo,Grade 4 B,Term 2,2026,5800,Cheque,CHQ-99537,Joseph Kaelo,2026-07-04,Rebecca Wanjala
BP-2026-1470,ADM-1265,Magdalene Kaelo,Grade 4 B,Term 3,2026,4000,Bank Transfer,RTN-75022,Joseph Kaelo,2026-09-14,Monica Wanjiru
BP-2026-1471,ADM-1266,Kipchoge Wamalwa,Grade 4 B,Term 1,2026,14700,Bank Transfer,RTN-83947,Brian Wamalwa,2026-01-24,Rebecca Wanjala
BP-2026-1472,ADM-1266,Kipchoge Wamalwa,Grade 4 B,Term 1,2026,7700,Cash,CSH-81555,Brian Wamalwa,2026-02-09,Rebecca Wanjala
BP-2026-1473,ADM-1266,Kipchoge Wamalwa,Grade 4 B,Term 1,2026,7600,Cheque,CHQ-42488,Brian Wamalwa,2026-02-24,Andreah Smithh
BP-2026-1474,ADM-1266,Kipchoge Wamalwa,Grade 4 B,Term 2,2026,5200,Bank Transfer,RTN-87063,Brian Wamalwa,2026-05-10,Rebecca Wanjala
BP-2026-1475,ADM-1266,Kipchoge Wamalwa,Grade 4 B,Term 2,2026,9800,Cash,CSH-64404,Brian Wamalwa,2026-06-13,Andreah Smithh
BP-2026-1476,ADM-1267,Charles Hassan,Grade 4 B,Term 2,2026,15000,M-PESA,QWH-92474,David Hassan,2026-05-19,Andreah Smithh
BP-2026-1477,ADM-1267,Charles Hassan,Grade 4 B,Term 3,2026,2700,Cheque,CHQ-73932,David Hassan,2026-09-16,Rebecca Wanjala
BP-2026-1478,ADM-1267,Charles Hassan,Grade 4 B,Term 3,2026,2800,M-PESA,QWH-34896,David Hassan,2026-10-01,Andreah Smithh
BP-2026-1479,ADM-1268,Sarah Maina,Grade 4 B,Term 1,2026,16200,M-PESA,QWH-38939,Caroline Maina,2026-01-24,Monica Wanjiru
BP-2026-1480,ADM-1268,Sarah Maina,Grade 4 B,Term 1,2026,13800,M-PESA,QWH-89583,Caroline Maina,2026-02-03,Monica Wanjiru
BP-2026-1481,ADM-1268,Sarah Maina,Grade 4 B,Term 2,2026,5400,M-PESA,QWH-94448,Caroline Maina,2026-05-17,Monica Wanjiru
BP-2026-1482,ADM-1268,Sarah Maina,Grade 4 B,Term 2,2026,3500,Cash,CSH-33362,Caroline Maina,2026-06-01,Andreah Smithh
BP-2026-1483,ADM-1268,Sarah Maina,Grade 4 B,Term 2,2026,6100,M-PESA,QWH-63899,Caroline Maina,2026-06-27,Andreah Smithh
BP-2026-1484,ADM-1268,Sarah Maina,Grade 4 B,Term 3,2026,3900,Cash,CSH-46174,Caroline Maina,2026-09-16,Andreah Smithh
BP-2026-1485,ADM-1268,Sarah Maina,Grade 4 B,Term 3,2026,5100,Bank Transfer,RTN-85777,Caroline Maina,2026-10-13,Andreah Smithh
BP-2026-1486,ADM-1269,Doreen Kariuki,Grade 4 B,Term 2,2026,15000,M-PESA,QWH-96764,Frank Kariuki,2026-06-01,Rebecca Wanjala
BP-2026-1487,ADM-1269,Doreen Kariuki,Grade 4 B,Term 3,2026,3100,Cash,CSH-99233,Frank Kariuki,2026-09-12,Monica Wanjiru
BP-2026-1488,ADM-1269,Doreen Kariuki,Grade 4 B,Term 3,2026,2700,M-PESA,QWH-12361,Frank Kariuki,2026-10-12,Monica Wanjiru
BP-2026-1489,ADM-1269,Doreen Kariuki,Grade 4 B,Term 3,2026,3200,M-PESA,QWH-55522,Frank Kariuki,2026-10-12,Andreah Smithh
BP-2026-1490,ADM-1270,Moses Kimutai,Grade 4 B,Term 1,2026,7300,Bank Transfer,RTN-87801,Isaac Kimutai,2026-01-27,Andreah Smithh
BP-2026-1491,ADM-1270,Moses Kimutai,Grade 4 B,Term 1,2026,4100,Bank Transfer,RTN-82961,Isaac Kimutai,2026-02-02,Rebecca Wanjala
BP-2026-1492,ADM-1270,Moses Kimutai,Grade 4 B,Term 1,2026,6300,Cheque,CHQ-25727,Isaac Kimutai,2026-02-21,Andreah Smithh
BP-2026-1493,ADM-1270,Moses Kimutai,Grade 4 B,Term 2,2026,4500,Bank Transfer,RTN-51213,Isaac Kimutai,2026-05-21,Monica Wanjiru
BP-2026-1494,ADM-1270,Moses Kimutai,Grade 4 B,Term 2,2026,3900,Bank Transfer,RTN-26602,Isaac Kimutai,2026-06-02,Andreah Smithh
BP-2026-1495,ADM-1270,Moses Kimutai,Grade 4 B,Term 2,2026,6600,M-PESA,QWH-45795,Isaac Kimutai,2026-06-13,Rebecca Wanjala
BP-2026-1496,ADM-1271,Charity Chepkirui,Grade 4 B,Term 1,2026,13200,Cash,CSH-62629,Edwin Chepkirui,2026-02-01,Monica Wanjiru
BP-2026-1497,ADM-1271,Charity Chepkirui,Grade 4 B,Term 1,2026,4200,Cash,CSH-45491,Edwin Chepkirui,2026-02-12,Monica Wanjiru
BP-2026-1498,ADM-1271,Charity Chepkirui,Grade 4 B,Term 1,2026,12600,Cash,CSH-77147,Edwin Chepkirui,2026-02-27,Monica Wanjiru
BP-2026-1499,ADM-1271,Charity Chepkirui,Grade 4 B,Term 2,2026,15000,M-PESA,QWH-75903,Edwin Chepkirui,2026-05-22,Rebecca Wanjala
BP-2026-1500,ADM-1271,Charity Chepkirui,Grade 4 B,Term 3,2026,2900,Bank Transfer,RTN-87460,Edwin Chepkirui,2026-09-19,Monica Wanjiru
BP-2026-1501,ADM-1271,Charity Chepkirui,Grade 4 B,Term 3,2026,1700,Cash,CSH-25718,Edwin Chepkirui,2026-10-01,Andreah Smithh
BP-2026-1502,ADM-1271,Charity Chepkirui,Grade 4 B,Term 3,2026,1800,Cash,CSH-73773,Edwin Chepkirui,2026-10-10,Andreah Smithh
BP-2026-1503,ADM-1272,Catherine Mbithi,Grade 4 B,Term 1,2026,6000,M-PESA,QWH-36359,Susan Mbithi,2026-01-11,Andreah Smithh
BP-2026-1504,ADM-1272,Catherine Mbithi,Grade 4 B,Term 1,2026,2100,Cash,CSH-38650,Susan Mbithi,2026-02-09,Andreah Smithh
BP-2026-1505,ADM-1272,Catherine Mbithi,Grade 4 B,Term 1,2026,4800,Cash,CSH-61372,Susan Mbithi,2026-02-26,Rebecca Wanjala
BP-2026-1506,ADM-1272,Catherine Mbithi,Grade 4 B,Term 2,2026,4100,M-PESA,QWH-15939,Susan Mbithi,2026-05-19,Rebecca Wanjala
BP-2026-1507,ADM-1272,Catherine Mbithi,Grade 4 B,Term 2,2026,3000,Cash,CSH-88429,Susan Mbithi,2026-05-26,Rebecca Wanjala
BP-2026-1508,ADM-1272,Catherine Mbithi,Grade 4 B,Term 2,2026,7900,Bank Transfer,RTN-93107,Susan Mbithi,2026-07-05,Andreah Smithh
BP-2026-1509,ADM-1272,Catherine Mbithi,Grade 4 B,Term 3,2026,9000,Bank Transfer,RTN-23625,Susan Mbithi,2026-09-12,Monica Wanjiru
BP-2026-1510,ADM-1273,Kiplangat Oduor,Grade 4 B,Term 1,2026,10000,M-PESA,QWH-60134,Donald Oduor,2026-01-17,Monica Wanjiru
BP-2026-1511,ADM-1273,Kiplangat Oduor,Grade 4 B,Term 1,2026,20000,M-PESA,QWH-69433,Donald Oduor,2026-01-31,Rebecca Wanjala
BP-2026-1512,ADM-1273,Kiplangat Oduor,Grade 4 B,Term 2,2026,15000,M-PESA,QWH-84067,Donald Oduor,2026-05-26,Rebecca Wanjala
BP-2026-1513,ADM-1273,Kiplangat Oduor,Grade 4 B,Term 3,2026,4600,M-PESA,QWH-14234,Donald Oduor,2026-10-01,Monica Wanjiru
BP-2026-1514,ADM-1273,Kiplangat Oduor,Grade 4 B,Term 3,2026,4400,Bank Transfer,RTN-58388,Donald Oduor,2026-10-05,Andreah Smithh
BP-2026-1515,ADM-1274,Zipporah Kigen,Grade 4 B,Term 1,2026,11100,Bank Transfer,RTN-84851,Martin Kigen,2026-01-23,Andreah Smithh
BP-2026-1516,ADM-1274,Zipporah Kigen,Grade 4 B,Term 1,2026,4900,M-PESA,QWH-77015,Martin Kigen,2026-02-10,Monica Wanjiru
BP-2026-1517,ADM-1274,Zipporah Kigen,Grade 4 B,Term 1,2026,10100,Cash,CSH-31876,Martin Kigen,2026-02-17,Rebecca Wanjala
BP-2026-1518,ADM-1274,Zipporah Kigen,Grade 4 B,Term 2,2026,15000,Cheque,CHQ-66901,Martin Kigen,2026-05-31,Andreah Smithh
BP-2026-1519,ADM-1274,Zipporah Kigen,Grade 4 B,Term 3,2026,3100,Cheque,CHQ-75490,Martin Kigen,2026-10-01,Andreah Smithh
BP-2026-1520,ADM-1274,Zipporah Kigen,Grade 4 B,Term 3,2026,5900,M-PESA,QWH-73781,Martin Kigen,2026-10-10,Rebecca Wanjala
BP-2026-1521,ADM-1275,Florence Obiero,Grade 4 B,Term 1,2026,30000,Bank Transfer,RTN-39304,Brian Obiero,2026-01-26,Andreah Smithh
BP-2026-1522,ADM-1275,Florence Obiero,Grade 4 B,Term 2,2026,15000,Bank Transfer,RTN-56910,Brian Obiero,2026-06-03,Rebecca Wanjala
BP-2026-1523,ADM-1275,Florence Obiero,Grade 4 B,Term 3,2026,4100,Cheque,CHQ-57000,Brian Obiero,2026-09-10,Andreah Smithh
BP-2026-1524,ADM-1276,Rachael Githinji,Grade 4 B,Term 1,2026,30000,Bank Transfer,RTN-88570,Ian Githinji,2026-01-27,Andreah Smithh
BP-2026-1525,ADM-1276,Rachael Githinji,Grade 4 B,Term 2,2026,5300,Cheque,CHQ-58116,Ian Githinji,2026-05-12,Rebecca Wanjala
BP-2026-1526,ADM-1276,Rachael Githinji,Grade 4 B,Term 2,2026,7200,M-PESA,QWH-84448,Ian Githinji,2026-05-27,Monica Wanjiru
BP-2026-1527,ADM-1277,Anthony Njoroge,Grade 4 B,Term 1,2026,14300,M-PESA,QWH-50160,Julius Njoroge,2026-01-28,Rebecca Wanjala
BP-2026-1528,ADM-1277,Anthony Njoroge,Grade 4 B,Term 1,2026,15700,Bank Transfer,RTN-20624,Julius Njoroge,2026-02-06,Andreah Smithh
BP-2026-1529,ADM-1277,Anthony Njoroge,Grade 4 B,Term 2,2026,6800,Cheque,CHQ-32646,Julius Njoroge,2026-05-08,Monica Wanjiru
BP-2026-1530,ADM-1277,Anthony Njoroge,Grade 4 B,Term 3,2026,4000,Bank Transfer,RTN-75746,Julius Njoroge,2026-09-16,Monica Wanjiru
BP-2026-1531,ADM-1278,Mark Pekeri,Grade 4 B,Term 1,2026,14600,M-PESA,QWH-42671,Zachary Pekeri,2026-01-22,Andreah Smithh
BP-2026-1532,ADM-1278,Mark Pekeri,Grade 4 B,Term 1,2026,5000,M-PESA,QWH-80856,Zachary Pekeri,2026-01-27,Andreah Smithh
BP-2026-1533,ADM-1278,Mark Pekeri,Grade 4 B,Term 1,2026,10400,Cash,CSH-47325,Zachary Pekeri,2026-02-18,Rebecca Wanjala
BP-2026-1534,ADM-1278,Mark Pekeri,Grade 4 B,Term 2,2026,5600,Cheque,CHQ-33907,Zachary Pekeri,2026-05-23,Rebecca Wanjala
BP-2026-1535,ADM-1278,Mark Pekeri,Grade 4 B,Term 2,2026,4900,Cash,CSH-14477,Zachary Pekeri,2026-06-18,Andreah Smithh
BP-2026-1536,ADM-1278,Mark Pekeri,Grade 4 B,Term 2,2026,4500,Cash,CSH-60783,Zachary Pekeri,2026-06-12,Monica Wanjiru
BP-2026-1537,ADM-1278,Mark Pekeri,Grade 4 B,Term 3,2026,5600,M-PESA,QWH-32930,Zachary Pekeri,2026-09-30,Monica Wanjiru
BP-2026-1538,ADM-1279,Joyce Lugalia,Grade 4 B,Term 1,2026,14700,Bank Transfer,RTN-81218,Isaac Lugalia,2026-01-14,Andreah Smithh
BP-2026-1539,ADM-1279,Joyce Lugalia,Grade 4 B,Term 1,2026,7300,Bank Transfer,RTN-56613,Isaac Lugalia,2026-02-04,Rebecca Wanjala
BP-2026-1540,ADM-1279,Joyce Lugalia,Grade 4 B,Term 1,2026,8000,Bank Transfer,RTN-48182,Isaac Lugalia,2026-02-09,Monica Wanjiru
BP-2026-1541,ADM-1279,Joyce Lugalia,Grade 4 B,Term 2,2026,8000,Bank Transfer,RTN-79356,Isaac Lugalia,2026-05-07,Monica Wanjiru
BP-2026-1542,ADM-1279,Joyce Lugalia,Grade 4 B,Term 2,2026,7000,M-PESA,QWH-77973,Isaac Lugalia,2026-06-15,Monica Wanjiru
BP-2026-1543,ADM-1279,Joyce Lugalia,Grade 4 B,Term 3,2026,2800,Cheque,CHQ-42437,Isaac Lugalia,2026-09-12,Rebecca Wanjala
BP-2026-1544,ADM-1279,Joyce Lugalia,Grade 4 B,Term 3,2026,2000,Cash,CSH-67273,Isaac Lugalia,2026-10-01,Monica Wanjiru
BP-2026-1545,ADM-1279,Joyce Lugalia,Grade 4 B,Term 3,2026,4200,Cash,CSH-61184,Isaac Lugalia,2026-10-12,Andreah Smithh
BP-2026-1546,ADM-1280,Samuel Nandwa,Grade 4 B,Term 1,2026,30000,Bank Transfer,RTN-52765,Moses Nandwa,2026-01-18,Rebecca Wanjala
BP-2026-1547,ADM-1280,Samuel Nandwa,Grade 4 B,Term 2,2026,15000,M-PESA,QWH-21869,Moses Nandwa,2026-05-10,Monica Wanjiru
BP-2026-1548,ADM-1280,Samuel Nandwa,Grade 4 B,Term 3,2026,3700,Bank Transfer,RTN-77635,Moses Nandwa,2026-09-18,Andreah Smithh
BP-2026-1549,ADM-1280,Samuel Nandwa,Grade 4 B,Term 3,2026,1000,Bank Transfer,RTN-55587,Moses Nandwa,2026-10-15,Monica Wanjiru
BP-2026-1550,ADM-1280,Samuel Nandwa,Grade 4 B,Term 3,2026,2100,M-PESA,QWH-28171,Moses Nandwa,2026-10-23,Monica Wanjiru
BP-2026-1551,ADM-1281,Collins Kipchumba,Grade 4 B,Term 1,2026,30000,Cheque,CHQ-67402,Caroline Kipchumba,2026-01-22,Andreah Smithh
BP-2026-1552,ADM-1281,Collins Kipchumba,Grade 4 B,Term 2,2026,6700,M-PESA,QWH-46548,Caroline Kipchumba,2026-05-21,Monica Wanjiru
BP-2026-1553,ADM-1281,Collins Kipchumba,Grade 4 B,Term 2,2026,8300,Cash,CSH-43271,Caroline Kipchumba,2026-05-22,Andreah Smithh
BP-2026-1554,ADM-1281,Collins Kipchumba,Grade 4 B,Term 3,2026,2000,M-PESA,QWH-99679,Caroline Kipchumba,2026-09-24,Andreah Smithh
BP-2026-1555,ADM-1281,Collins Kipchumba,Grade 4 B,Term 3,2026,2500,Bank Transfer,RTN-24680,Caroline Kipchumba,2026-10-14,Andreah Smithh
BP-2026-1556,ADM-1282,Timothy Chebet,Grade 4 B,Term 1,2026,5800,Bank Transfer,RTN-79594,Kennedy Chebet,2026-01-19,Andreah Smithh
BP-2026-1557,ADM-1282,Timothy Chebet,Grade 4 B,Term 1,2026,2500,M-PESA,QWH-88455,Kennedy Chebet,2026-02-06,Monica Wanjiru
BP-2026-1558,ADM-1282,Timothy Chebet,Grade 4 B,Term 1,2026,4300,M-PESA,QWH-57167,Kennedy Chebet,2026-02-11,Rebecca Wanjala
BP-2026-1559,ADM-1282,Timothy Chebet,Grade 4 B,Term 2,2026,15000,M-PESA,QWH-99291,Kennedy Chebet,2026-05-14,Rebecca Wanjala
BP-2026-1560,ADM-1282,Timothy Chebet,Grade 4 B,Term 3,2026,3500,Bank Transfer,RTN-63929,Kennedy Chebet,2026-10-01,Monica Wanjiru
BP-2026-1561,ADM-1283,Timothy Kamau,Grade 4 B,Term 1,2026,15600,Bank Transfer,RTN-75296,Godfrey Kamau,2026-01-09,Andreah Smithh
BP-2026-1562,ADM-1283,Timothy Kamau,Grade 4 B,Term 1,2026,6100,Bank Transfer,RTN-66424,Godfrey Kamau,2026-02-02,Rebecca Wanjala
BP-2026-1563,ADM-1283,Timothy Kamau,Grade 4 B,Term 1,2026,10300,M-PESA,QWH-38988,Godfrey Kamau,2026-02-25,Rebecca Wanjala
BP-2026-1564,ADM-1283,Timothy Kamau,Grade 4 B,Term 2,2026,16000,Bank Transfer,RTN-81433,Godfrey Kamau,2026-05-20,Rebecca Wanjala
BP-2026-1565,ADM-1284,Caleb Kamau,Grade 4 B,Term 1,2026,7700,M-PESA,QWH-57169,Amos Kamau,2026-01-16,Monica Wanjiru
BP-2026-1566,ADM-1284,Caleb Kamau,Grade 4 B,Term 1,2026,5100,Cash,CSH-95175,Amos Kamau,2026-01-27,Andreah Smithh
BP-2026-1567,ADM-1284,Caleb Kamau,Grade 4 B,Term 1,2026,4600,Cheque,CHQ-17822,Amos Kamau,2026-02-22,Monica Wanjiru
BP-2026-1568,ADM-1284,Caleb Kamau,Grade 4 B,Term 2,2026,5200,Cash,CSH-10099,Amos Kamau,2026-05-30,Rebecca Wanjala
BP-2026-1569,ADM-1284,Caleb Kamau,Grade 4 B,Term 2,2026,2900,Cash,CSH-12285,Amos Kamau,2026-05-31,Andreah Smithh
BP-2026-1570,ADM-1284,Caleb Kamau,Grade 4 B,Term 2,2026,6900,Cash,CSH-16544,Amos Kamau,2026-06-07,Rebecca Wanjala
BP-2026-1571,ADM-1284,Caleb Kamau,Grade 4 B,Term 3,2026,3500,Bank Transfer,RTN-63834,Amos Kamau,2026-09-16,Andreah Smithh
BP-2026-1572,ADM-1285,Tabitha Oluoch,Grade 4 B,Term 1,2026,30000,Bank Transfer,RTN-90971,John Oluoch,2026-01-25,Andreah Smithh
BP-2026-1573,ADM-1285,Tabitha Oluoch,Grade 4 B,Term 2,2026,8100,M-PESA,QWH-18480,John Oluoch,2026-05-23,Rebecca Wanjala
BP-2026-1574,ADM-1285,Tabitha Oluoch,Grade 4 B,Term 2,2026,1800,M-PESA,QWH-35036,John Oluoch,2026-06-07,Monica Wanjiru
BP-2026-1575,ADM-1285,Tabitha Oluoch,Grade 4 B,Term 2,2026,5100,M-PESA,QWH-86202,John Oluoch,2026-06-27,Monica Wanjiru
BP-2026-1576,ADM-1285,Tabitha Oluoch,Grade 4 B,Term 3,2026,1600,Cash,CSH-25982,John Oluoch,2026-09-28,Andreah Smithh
BP-2026-1577,ADM-1285,Tabitha Oluoch,Grade 4 B,Term 3,2026,2700,Bank Transfer,RTN-81591,John Oluoch,2026-10-01,Andreah Smithh
BP-2026-1578,ADM-1286,Kipchoge Anyango,Grade 4 B,Term 1,2026,30000,M-PESA,QWH-31953,Samuel Anyango,2026-01-07,Rebecca Wanjala
BP-2026-1579,ADM-1286,Kipchoge Anyango,Grade 4 B,Term 2,2026,4700,Cash,CSH-41905,Samuel Anyango,2026-05-15,Andreah Smithh
BP-2026-1580,ADM-1286,Kipchoge Anyango,Grade 4 B,Term 2,2026,4300,Cash,CSH-16446,Samuel Anyango,2026-06-07,Monica Wanjiru
BP-2026-1581,ADM-1286,Kipchoge Anyango,Grade 4 B,Term 2,2026,6000,M-PESA,QWH-97824,Samuel Anyango,2026-06-28,Monica Wanjiru
BP-2026-1582,ADM-1287,Zachary Namukuru,Grade 4 B,Term 1,2026,13100,Cash,CSH-98035,Frank Namukuru,2026-01-31,Andreah Smithh
BP-2026-1583,ADM-1287,Zachary Namukuru,Grade 4 B,Term 1,2026,21900,M-PESA,QWH-67502,Frank Namukuru,2026-01-24,Andreah Smithh
BP-2026-1584,ADM-1287,Zachary Namukuru,Grade 4 B,Term 2,2026,9300,Bank Transfer,RTN-18895,Frank Namukuru,2026-05-17,Monica Wanjiru
BP-2026-1585,ADM-1287,Zachary Namukuru,Grade 4 B,Term 2,2026,10700,Bank Transfer,RTN-60215,Frank Namukuru,2026-06-16,Monica Wanjiru
BP-2026-1586,ADM-1287,Zachary Namukuru,Grade 4 B,Term 3,2026,9800,M-PESA,QWH-93369,Frank Namukuru,2026-09-15,Monica Wanjiru
BP-2026-1587,ADM-1288,Caleb Wanjala,Grade 4 B,Term 1,2026,5000,Bank Transfer,RTN-97027,Emmanuel Wanjala,2026-01-24,Andreah Smithh
BP-2026-1588,ADM-1288,Caleb Wanjala,Grade 4 B,Term 1,2026,9400,Bank Transfer,RTN-58313,Emmanuel Wanjala,2026-01-25,Monica Wanjiru
BP-2026-1589,ADM-1288,Caleb Wanjala,Grade 4 B,Term 2,2026,5000,Cash,CSH-93729,Emmanuel Wanjala,2026-05-31,Rebecca Wanjala
BP-2026-1590,ADM-1288,Caleb Wanjala,Grade 4 B,Term 2,2026,7200,M-PESA,QWH-66231,Emmanuel Wanjala,2026-05-27,Monica Wanjiru
BP-2026-1591,ADM-1289,Hellen Odhiambo,Grade 4 B,Term 1,2026,8200,Cheque,CHQ-21843,David Odhiambo,2026-02-01,Rebecca Wanjala
BP-2026-1592,ADM-1289,Hellen Odhiambo,Grade 4 B,Term 1,2026,21800,M-PESA,QWH-54927,David Odhiambo,2026-01-30,Andreah Smithh
BP-2026-1593,ADM-1289,Hellen Odhiambo,Grade 4 B,Term 2,2026,3800,Cash,CSH-14936,David Odhiambo,2026-05-18,Rebecca Wanjala
BP-2026-1594,ADM-1289,Hellen Odhiambo,Grade 4 B,Term 2,2026,1100,Bank Transfer,RTN-78599,David Odhiambo,2026-05-28,Andreah Smithh
BP-2026-1595,ADM-1289,Hellen Odhiambo,Grade 4 B,Term 2,2026,2500,Cash,CSH-81036,David Odhiambo,2026-06-24,Rebecca Wanjala
BP-2026-1596,ADM-1290,Moses Omollo,Grade 4 B,Term 1,2026,15200,Cash,CSH-80335,Timothy Omollo,2026-01-28,Rebecca Wanjala
BP-2026-1597,ADM-1290,Moses Omollo,Grade 4 B,Term 1,2026,5200,M-PESA,QWH-15809,Timothy Omollo,2026-01-23,Rebecca Wanjala
BP-2026-1598,ADM-1290,Moses Omollo,Grade 4 B,Term 1,2026,9600,Cheque,CHQ-98201,Timothy Omollo,2026-02-20,Monica Wanjiru
BP-2026-1599,ADM-1290,Moses Omollo,Grade 4 B,Term 2,2026,15000,M-PESA,QWH-47417,Timothy Omollo,2026-05-13,Andreah Smithh
BP-2026-1600,ADM-1290,Moses Omollo,Grade 4 B,Term 3,2026,3000,M-PESA,QWH-72824,Timothy Omollo,2026-09-26,Monica Wanjiru
BP-2026-1601,ADM-1290,Moses Omollo,Grade 4 B,Term 3,2026,6000,Bank Transfer,RTN-84214,Timothy Omollo,2026-09-27,Monica Wanjiru
BP-2026-1602,ADM-1291,Dorcas Ruto,Grade 4 B,Term 1,2026,7600,M-PESA,QWH-24987,Maureen Ruto,2026-01-18,Monica Wanjiru
BP-2026-1603,ADM-1291,Dorcas Ruto,Grade 4 B,Term 1,2026,22400,Bank Transfer,RTN-57957,Maureen Ruto,2026-02-16,Monica Wanjiru
BP-2026-1604,ADM-1291,Dorcas Ruto,Grade 4 B,Term 2,2026,7000,Cash,CSH-79485,Maureen Ruto,2026-05-28,Andreah Smithh
BP-2026-1605,ADM-1291,Dorcas Ruto,Grade 4 B,Term 2,2026,8000,M-PESA,QWH-89185,Maureen Ruto,2026-05-28,Monica Wanjiru
BP-2026-1606,ADM-1292,Dorcas Suleiman,Grade 4 B,Term 1,2026,5600,M-PESA,QWH-29916,James Suleiman,2026-01-17,Andreah Smithh
BP-2026-1607,ADM-1292,Dorcas Suleiman,Grade 4 B,Term 1,2026,7000,Bank Transfer,RTN-44840,James Suleiman,2026-01-25,Andreah Smithh
BP-2026-1608,ADM-1292,Dorcas Suleiman,Grade 4 B,Term 2,2026,4700,Cheque,CHQ-83939,James Suleiman,2026-05-17,Andreah Smithh
BP-2026-1609,ADM-1292,Dorcas Suleiman,Grade 4 B,Term 2,2026,6700,Bank Transfer,RTN-92133,James Suleiman,2026-06-09,Rebecca Wanjala
BP-2026-1610,ADM-1292,Dorcas Suleiman,Grade 4 B,Term 3,2026,6600,M-PESA,QWH-29002,James Suleiman,2026-09-29,Andreah Smithh
BP-2026-1611,ADM-1293,Vincent Makokha,Grade 5 A,Term 1,2026,8400,M-PESA,QWH-80712,David Makokha,2026-01-28,Monica Wanjiru
BP-2026-1612,ADM-1293,Vincent Makokha,Grade 5 A,Term 1,2026,21600,M-PESA,QWH-56494,David Makokha,2026-02-13,Monica Wanjiru
BP-2026-1613,ADM-1293,Vincent Makokha,Grade 5 A,Term 2,2026,9200,M-PESA,QWH-61749,David Makokha,2026-06-01,Monica Wanjiru
BP-2026-1614,ADM-1293,Vincent Makokha,Grade 5 A,Term 3,2026,2600,Bank Transfer,RTN-83365,David Makokha,2026-10-01,Monica Wanjiru
BP-2026-1615,ADM-1293,Vincent Makokha,Grade 5 A,Term 3,2026,2800,M-PESA,QWH-50727,David Makokha,2026-09-28,Rebecca Wanjala
BP-2026-1616,ADM-1293,Vincent Makokha,Grade 5 A,Term 3,2026,3600,Cash,CSH-83911,David Makokha,2026-10-14,Andreah Smithh
BP-2026-1617,ADM-1294,Edna Juma,Grade 5 A,Term 1,2026,30000,Cash,CSH-28133,Stephen Juma,2026-01-26,Monica Wanjiru
BP-2026-1618,ADM-1294,Edna Juma,Grade 5 A,Term 2,2026,4900,Bank Transfer,RTN-63578,Stephen Juma,2026-05-20,Andreah Smithh
BP-2026-1619,ADM-1294,Edna Juma,Grade 5 A,Term 2,2026,4500,Bank Transfer,RTN-94807,Stephen Juma,2026-06-01,Andreah Smithh
BP-2026-1620,ADM-1294,Edna Juma,Grade 5 A,Term 2,2026,5600,Bank Transfer,RTN-61083,Stephen Juma,2026-06-22,Andreah Smithh
BP-2026-1621,ADM-1294,Edna Juma,Grade 5 A,Term 3,2026,2500,Cash,CSH-13529,Stephen Juma,2026-09-13,Andreah Smithh
BP-2026-1622,ADM-1294,Edna Juma,Grade 5 A,Term 3,2026,1100,Bank Transfer,RTN-69905,Stephen Juma,2026-10-17,Rebecca Wanjala
BP-2026-1623,ADM-1294,Edna Juma,Grade 5 A,Term 3,2026,2500,Bank Transfer,RTN-35532,Stephen Juma,2026-10-09,Monica Wanjiru
BP-2026-1624,ADM-1295,Mercy Karanja,Grade 5 A,Term 1,2026,7700,Bank Transfer,RTN-82349,Peninah Karanja,2026-01-23,Rebecca Wanjala
BP-2026-1625,ADM-1295,Mercy Karanja,Grade 5 A,Term 1,2026,9900,Bank Transfer,RTN-20692,Peninah Karanja,2026-02-03,Rebecca Wanjala
BP-2026-1626,ADM-1295,Mercy Karanja,Grade 5 A,Term 1,2026,12400,Cash,CSH-23264,Peninah Karanja,2026-02-28,Rebecca Wanjala
BP-2026-1627,ADM-1295,Mercy Karanja,Grade 5 A,Term 2,2026,15000,Bank Transfer,RTN-86274,Peninah Karanja,2026-06-01,Monica Wanjiru
BP-2026-1628,ADM-1295,Mercy Karanja,Grade 5 A,Term 3,2026,2400,Cash,CSH-95834,Peninah Karanja,2026-10-05,Rebecca Wanjala
BP-2026-1629,ADM-1295,Mercy Karanja,Grade 5 A,Term 3,2026,3200,M-PESA,QWH-96144,Peninah Karanja,2026-10-01,Rebecca Wanjala
BP-2026-1630,ADM-1295,Mercy Karanja,Grade 5 A,Term 3,2026,3400,Bank Transfer,RTN-25453,Peninah Karanja,2026-10-21,Rebecca Wanjala
BP-2026-1631,ADM-1296,Hannah Njuguna,Grade 5 A,Term 1,2026,10400,M-PESA,QWH-81412,Martin Njuguna,2026-01-31,Andreah Smithh
BP-2026-1632,ADM-1296,Hannah Njuguna,Grade 5 A,Term 1,2026,8900,M-PESA,QWH-41474,Martin Njuguna,2026-02-10,Rebecca Wanjala
BP-2026-1633,ADM-1296,Hannah Njuguna,Grade 5 A,Term 1,2026,10700,M-PESA,QWH-50545,Martin Njuguna,2026-02-13,Monica Wanjiru
BP-2026-1634,ADM-1296,Hannah Njuguna,Grade 5 A,Term 2,2026,7800,Cash,CSH-81483,Martin Njuguna,2026-05-30,Monica Wanjiru
BP-2026-1635,ADM-1296,Hannah Njuguna,Grade 5 A,Term 2,2026,7200,M-PESA,QWH-30646,Martin Njuguna,2026-05-25,Monica Wanjiru
BP-2026-1636,ADM-1296,Hannah Njuguna,Grade 5 A,Term 3,2026,9000,Bank Transfer,RTN-88145,Martin Njuguna,2026-09-14,Andreah Smithh
BP-2026-1637,ADM-1297,John Leshan,Grade 5 A,Term 1,2026,13100,Bank Transfer,RTN-29827,Charles Leshan,2026-01-11,Rebecca Wanjala
BP-2026-1638,ADM-1297,John Leshan,Grade 5 A,Term 1,2026,5200,Cheque,CHQ-50487,Charles Leshan,2026-02-16,Monica Wanjiru
BP-2026-1639,ADM-1297,John Leshan,Grade 5 A,Term 1,2026,11700,M-PESA,QWH-39785,Charles Leshan,2026-02-26,Monica Wanjiru
BP-2026-1640,ADM-1297,John Leshan,Grade 5 A,Term 2,2026,15000,Bank Transfer,RTN-29737,Charles Leshan,2026-05-22,Monica Wanjiru
BP-2026-1641,ADM-1298,Joyce Noor,Grade 5 A,Term 1,2026,30000,M-PESA,QWH-29934,Samuel Noor,2026-01-30,Monica Wanjiru
BP-2026-1642,ADM-1298,Joyce Noor,Grade 5 A,Term 2,2026,3900,Cash,CSH-87930,Samuel Noor,2026-05-31,Andreah Smithh
BP-2026-1643,ADM-1298,Joyce Noor,Grade 5 A,Term 2,2026,11100,Cheque,CHQ-21089,Samuel Noor,2026-06-14,Rebecca Wanjala
BP-2026-1644,ADM-1298,Joyce Noor,Grade 5 A,Term 3,2026,2900,Bank Transfer,RTN-83767,Samuel Noor,2026-09-13,Andreah Smithh
BP-2026-1645,ADM-1298,Joyce Noor,Grade 5 A,Term 3,2026,3200,M-PESA,QWH-36517,Samuel Noor,2026-09-30,Andreah Smithh
BP-2026-1646,ADM-1299,Alex Korir,Grade 5 A,Term 1,2026,12500,Bank Transfer,RTN-64672,Dorcas Korir,2026-01-24,Andreah Smithh
BP-2026-1647,ADM-1299,Alex Korir,Grade 5 A,Term 1,2026,9300,M-PESA,QWH-24513,Dorcas Korir,2026-01-28,Andreah Smithh
BP-2026-1648,ADM-1299,Alex Korir,Grade 5 A,Term 1,2026,8200,M-PESA,QWH-36244,Dorcas Korir,2026-03-02,Andreah Smithh
BP-2026-1649,ADM-1299,Alex Korir,Grade 5 A,Term 2,2026,7900,M-PESA,QWH-29577,Dorcas Korir,2026-05-15,Rebecca Wanjala
BP-2026-1650,ADM-1299,Alex Korir,Grade 5 A,Term 2,2026,1900,M-PESA,QWH-32457,Dorcas Korir,2026-06-04,Monica Wanjiru
BP-2026-1651,ADM-1299,Alex Korir,Grade 5 A,Term 2,2026,5200,M-PESA,QWH-91616,Dorcas Korir,2026-06-28,Rebecca Wanjala
BP-2026-1652,ADM-1299,Alex Korir,Grade 5 A,Term 3,2026,2000,Cash,CSH-75909,Dorcas Korir,2026-09-15,Monica Wanjiru
BP-2026-1653,ADM-1299,Alex Korir,Grade 5 A,Term 3,2026,900,M-PESA,QWH-36662,Dorcas Korir,2026-09-28,Monica Wanjiru
BP-2026-1654,ADM-1299,Alex Korir,Grade 5 A,Term 3,2026,1400,Cheque,CHQ-35714,Dorcas Korir,2026-10-25,Monica Wanjiru
BP-2026-1655,ADM-1300,Lawrence Musalia,Grade 5 A,Term 1,2026,9900,M-PESA,QWH-60126,Eric Musalia,2026-01-14,Andreah Smithh
BP-2026-1656,ADM-1300,Lawrence Musalia,Grade 5 A,Term 1,2026,20100,M-PESA,QWH-95080,Eric Musalia,2026-02-03,Rebecca Wanjala
BP-2026-1657,ADM-1300,Lawrence Musalia,Grade 5 A,Term 2,2026,8000,Cash,CSH-43949,Eric Musalia,2026-05-18,Rebecca Wanjala
BP-2026-1658,ADM-1300,Lawrence Musalia,Grade 5 A,Term 2,2026,7000,M-PESA,QWH-27248,Eric Musalia,2026-06-14,Monica Wanjiru
BP-2026-1659,ADM-1300,Lawrence Musalia,Grade 5 A,Term 3,2026,3600,Cheque,CHQ-28631,Eric Musalia,2026-09-30,Monica Wanjiru
BP-2026-1660,ADM-1300,Lawrence Musalia,Grade 5 A,Term 3,2026,1600,Cash,CSH-95694,Eric Musalia,2026-10-12,Rebecca Wanjala
BP-2026-1661,ADM-1300,Lawrence Musalia,Grade 5 A,Term 3,2026,3800,Cheque,CHQ-13246,Eric Musalia,2026-10-12,Andreah Smithh
BP-2026-1662,ADM-1301,Veronica Mutiso,Grade 5 A,Term 1,2026,13200,Cash,CSH-47052,Elijah Mutiso,2026-01-30,Monica Wanjiru
BP-2026-1663,ADM-1301,Veronica Mutiso,Grade 5 A,Term 1,2026,16800,Bank Transfer,RTN-79131,Elijah Mutiso,2026-02-07,Andreah Smithh
BP-2026-1664,ADM-1301,Veronica Mutiso,Grade 5 A,Term 2,2026,4100,Cash,CSH-27048,Elijah Mutiso,2026-05-07,Monica Wanjiru
BP-2026-1665,ADM-1301,Veronica Mutiso,Grade 5 A,Term 2,2026,5100,M-PESA,QWH-60647,Elijah Mutiso,2026-06-16,Monica Wanjiru
BP-2026-1666,ADM-1301,Veronica Mutiso,Grade 5 A,Term 2,2026,5800,Cheque,CHQ-13453,Elijah Mutiso,2026-06-25,Rebecca Wanjala
BP-2026-1667,ADM-1301,Veronica Mutiso,Grade 5 A,Term 3,2026,3200,Cash,CSH-62633,Elijah Mutiso,2026-09-21,Andreah Smithh
BP-2026-1668,ADM-1301,Veronica Mutiso,Grade 5 A,Term 3,2026,5800,Bank Transfer,RTN-20790,Elijah Mutiso,2026-10-03,Monica Wanjiru
BP-2026-1669,ADM-1302,Dorcas Syombua,Grade 5 A,Term 1,2026,30000,M-PESA,QWH-31652,Peter Syombua,2026-01-22,Rebecca Wanjala
BP-2026-1670,ADM-1302,Dorcas Syombua,Grade 5 A,Term 2,2026,4300,Bank Transfer,RTN-64640,Peter Syombua,2026-05-25,Rebecca Wanjala
BP-2026-1671,ADM-1302,Dorcas Syombua,Grade 5 A,Term 2,2026,10700,M-PESA,QWH-83076,Peter Syombua,2026-06-16,Rebecca Wanjala
BP-2026-1672,ADM-1303,Brian Omondi,Grade 5 A,Term 1,2026,11100,Cheque,CHQ-44765,Patrick Omondi,2026-01-27,Monica Wanjiru
BP-2026-1673,ADM-1303,Brian Omondi,Grade 5 A,Term 1,2026,8800,Cash,CSH-23565,Patrick Omondi,2026-02-10,Andreah Smithh
BP-2026-1674,ADM-1303,Brian Omondi,Grade 5 A,Term 1,2026,10100,Cash,CSH-60330,Patrick Omondi,2026-02-08,Rebecca Wanjala
BP-2026-1675,ADM-1303,Brian Omondi,Grade 5 A,Term 2,2026,7200,M-PESA,QWH-36707,Patrick Omondi,2026-06-04,Andreah Smithh
BP-2026-1676,ADM-1303,Brian Omondi,Grade 5 A,Term 2,2026,7800,M-PESA,QWH-84082,Patrick Omondi,2026-06-18,Rebecca Wanjala
BP-2026-1677,ADM-1303,Brian Omondi,Grade 5 A,Term 3,2026,5900,M-PESA,QWH-24826,Patrick Omondi,2026-09-18,Andreah Smithh
BP-2026-1678,ADM-1304,Priscilla Wafula,Grade 5 A,Term 1,2026,30000,M-PESA,QWH-15152,Esther Wafula,2026-01-16,Andreah Smithh
BP-2026-1679,ADM-1304,Priscilla Wafula,Grade 5 A,Term 2,2026,15000,Bank Transfer,RTN-43075,Esther Wafula,2026-05-29,Andreah Smithh
BP-2026-1680,ADM-1304,Priscilla Wafula,Grade 5 A,Term 3,2026,3700,Bank Transfer,RTN-83026,Esther Wafula,2026-09-24,Monica Wanjiru
BP-2026-1681,ADM-1304,Priscilla Wafula,Grade 5 A,Term 3,2026,2100,Bank Transfer,RTN-25196,Esther Wafula,2026-09-27,Andreah Smithh
BP-2026-1682,ADM-1304,Priscilla Wafula,Grade 5 A,Term 3,2026,3200,M-PESA,QWH-46417,Esther Wafula,2026-10-26,Monica Wanjiru
BP-2026-1683,ADM-1305,Patrick Tanui,Grade 5 A,Term 1,2026,30000,Cash,CSH-92741,Susan Tanui,2026-01-22,Andreah Smithh
BP-2026-1684,ADM-1305,Patrick Tanui,Grade 5 A,Term 2,2026,15000,Bank Transfer,RTN-86620,Susan Tanui,2026-05-21,Andreah Smithh
BP-2026-1685,ADM-1306,Anthony Kimeu,Grade 5 A,Term 1,2026,10100,M-PESA,QWH-30334,Simon Kimeu,2026-01-14,Andreah Smithh
BP-2026-1686,ADM-1306,Anthony Kimeu,Grade 5 A,Term 1,2026,19900,M-PESA,QWH-40880,Simon Kimeu,2026-01-25,Andreah Smithh
BP-2026-1687,ADM-1306,Anthony Kimeu,Grade 5 A,Term 2,2026,5400,Cash,CSH-78051,Simon Kimeu,2026-05-12,Andreah Smithh
BP-2026-1688,ADM-1306,Anthony Kimeu,Grade 5 A,Term 2,2026,4700,Bank Transfer,RTN-56236,Simon Kimeu,2026-06-02,Rebecca Wanjala
BP-2026-1689,ADM-1306,Anthony Kimeu,Grade 5 A,Term 3,2026,6600,Bank Transfer,RTN-47305,Simon Kimeu,2026-10-03,Rebecca Wanjala
BP-2026-1690,ADM-1307,Kennedy Achieng,Grade 5 A,Term 1,2026,30000,Bank Transfer,RTN-47279,Brian Achieng,2026-01-19,Rebecca Wanjala
BP-2026-1691,ADM-1307,Kennedy Achieng,Grade 5 A,Term 2,2026,7800,Cheque,CHQ-31885,Brian Achieng,2026-05-23,Rebecca Wanjala
BP-2026-1692,ADM-1307,Kennedy Achieng,Grade 5 A,Term 2,2026,3900,Bank Transfer,RTN-48628,Brian Achieng,2026-06-19,Rebecca Wanjala
BP-2026-1693,ADM-1307,Kennedy Achieng,Grade 5 A,Term 2,2026,3300,Cheque,CHQ-49590,Brian Achieng,2026-06-15,Rebecca Wanjala
BP-2026-1694,ADM-1307,Kennedy Achieng,Grade 5 A,Term 3,2026,4000,Cash,CSH-85732,Brian Achieng,2026-09-20,Andreah Smithh
BP-2026-1695,ADM-1308,Doreen Makokha,Grade 5 A,Term 1,2026,36000,M-PESA,QWH-38416,Charity Makokha,2026-01-18,Monica Wanjiru
BP-2026-1696,ADM-1308,Doreen Makokha,Grade 5 A,Term 2,2026,21000,Bank Transfer,RTN-30590,Charity Makokha,2026-05-22,Monica Wanjiru
BP-2026-1697,ADM-1308,Doreen Makokha,Grade 5 A,Term 3,2026,1600,M-PESA,QWH-51889,Charity Makokha,2026-09-26,Monica Wanjiru
BP-2026-1698,ADM-1308,Doreen Makokha,Grade 5 A,Term 3,2026,4400,Cheque,CHQ-39839,Charity Makokha,2026-09-25,Monica Wanjiru
BP-2026-1699,ADM-1309,Ibrahim Natepo,Grade 5 A,Term 1,2026,14200,Cheque,CHQ-57398,Samuel Natepo,2026-01-18,Andreah Smithh
BP-2026-1700,ADM-1309,Ibrahim Natepo,Grade 5 A,Term 1,2026,15800,M-PESA,QWH-81219,Samuel Natepo,2026-02-15,Monica Wanjiru
BP-2026-1701,ADM-1309,Ibrahim Natepo,Grade 5 A,Term 2,2026,15000,M-PESA,QWH-10485,Samuel Natepo,2026-05-23,Rebecca Wanjala
BP-2026-1702,ADM-1310,Kipchoge Adhiambo,Grade 5 A,Term 1,2026,30000,M-PESA,QWH-16809,Nathaniel Adhiambo,2026-01-27,Andreah Smithh
BP-2026-1703,ADM-1310,Kipchoge Adhiambo,Grade 5 A,Term 2,2026,7300,M-PESA,QWH-55719,Nathaniel Adhiambo,2026-05-29,Rebecca Wanjala
BP-2026-1704,ADM-1310,Kipchoge Adhiambo,Grade 5 A,Term 2,2026,7700,M-PESA,QWH-74477,Nathaniel Adhiambo,2026-06-06,Andreah Smithh
BP-2026-1705,ADM-1310,Kipchoge Adhiambo,Grade 5 A,Term 3,2026,2500,M-PESA,QWH-75271,Nathaniel Adhiambo,2026-09-27,Monica Wanjiru
BP-2026-1706,ADM-1310,Kipchoge Adhiambo,Grade 5 A,Term 3,2026,6500,M-PESA,QWH-49910,Nathaniel Adhiambo,2026-10-04,Monica Wanjiru
BP-2026-1707,ADM-1311,Amos Chepkirui,Grade 5 A,Term 1,2026,8900,Bank Transfer,RTN-10722,Julius Chepkirui,2026-01-26,Andreah Smithh
BP-2026-1708,ADM-1311,Amos Chepkirui,Grade 5 A,Term 1,2026,21100,M-PESA,QWH-36664,Julius Chepkirui,2026-02-14,Andreah Smithh
BP-2026-1709,ADM-1311,Amos Chepkirui,Grade 5 A,Term 2,2026,15000,Bank Transfer,RTN-16613,Julius Chepkirui,2026-05-13,Andreah Smithh
BP-2026-1710,ADM-1311,Amos Chepkirui,Grade 5 A,Term 3,2026,5300,Bank Transfer,RTN-82117,Julius Chepkirui,2026-09-18,Monica Wanjiru
BP-2026-1711,ADM-1312,Esther Kipsang,Grade 5 A,Term 1,2026,30000,M-PESA,QWH-75691,Olivia Kipsang,2026-01-24,Rebecca Wanjala
BP-2026-1712,ADM-1312,Esther Kipsang,Grade 5 A,Term 2,2026,1800,Cash,CSH-97303,Olivia Kipsang,2026-05-25,Andreah Smithh
BP-2026-1713,ADM-1312,Esther Kipsang,Grade 5 A,Term 2,2026,1300,Bank Transfer,RTN-97971,Olivia Kipsang,2026-05-28,Rebecca Wanjala
BP-2026-1714,ADM-1312,Esther Kipsang,Grade 5 A,Term 2,2026,3200,Cash,CSH-89699,Olivia Kipsang,2026-06-23,Andreah Smithh
BP-2026-1715,ADM-1312,Esther Kipsang,Grade 5 A,Term 3,2026,1100,M-PESA,QWH-78661,Olivia Kipsang,2026-09-19,Andreah Smithh
BP-2026-1716,ADM-1312,Esther Kipsang,Grade 5 A,Term 3,2026,1600,M-PESA,QWH-10173,Olivia Kipsang,2026-10-12,Monica Wanjiru
BP-2026-1717,ADM-1312,Esther Kipsang,Grade 5 A,Term 3,2026,1500,M-PESA,QWH-40369,Olivia Kipsang,2026-10-10,Andreah Smithh
BP-2026-1718,ADM-1313,Shalom Kimutai,Grade 5 A,Term 1,2026,8400,Cash,CSH-57548,Elijah Kimutai,2026-01-16,Monica Wanjiru
BP-2026-1719,ADM-1313,Shalom Kimutai,Grade 5 A,Term 1,2026,21600,M-PESA,QWH-78975,Elijah Kimutai,2026-02-02,Rebecca Wanjala
BP-2026-1720,ADM-1313,Shalom Kimutai,Grade 5 A,Term 2,2026,6700,M-PESA,QWH-38132,Elijah Kimutai,2026-05-18,Monica Wanjiru
BP-2026-1721,ADM-1313,Shalom Kimutai,Grade 5 A,Term 2,2026,5600,M-PESA,QWH-11127,Elijah Kimutai,2026-06-06,Rebecca Wanjala
BP-2026-1722,ADM-1313,Shalom Kimutai,Grade 5 A,Term 2,2026,4700,Bank Transfer,RTN-30173,Elijah Kimutai,2026-06-20,Andreah Smithh
BP-2026-1723,ADM-1313,Shalom Kimutai,Grade 5 A,Term 3,2026,1700,Cash,CSH-11490,Elijah Kimutai,2026-09-22,Monica Wanjiru
BP-2026-1724,ADM-1313,Shalom Kimutai,Grade 5 A,Term 3,2026,1800,Cash,CSH-94809,Elijah Kimutai,2026-10-09,Andreah Smithh
BP-2026-1725,ADM-1313,Shalom Kimutai,Grade 5 A,Term 3,2026,1800,Bank Transfer,RTN-19399,Elijah Kimutai,2026-10-09,Monica Wanjiru
BP-2026-1726,ADM-1314,Donald Njenga,Grade 5 A,Term 1,2026,13500,Cheque,CHQ-10769,Ian Njenga,2026-01-21,Andreah Smithh
BP-2026-1727,ADM-1314,Donald Njenga,Grade 5 A,Term 2,2026,15000,Bank Transfer,RTN-14888,Ian Njenga,2026-05-10,Rebecca Wanjala
BP-2026-1728,ADM-1315,Abigail Kinyua,Grade 5 A,Term 1,2026,7200,Bank Transfer,RTN-35905,Anthony Kinyua,2026-01-26,Rebecca Wanjala
BP-2026-1729,ADM-1315,Abigail Kinyua,Grade 5 A,Term 1,2026,3500,Bank Transfer,RTN-61745,Anthony Kinyua,2026-01-29,Rebecca Wanjala
BP-2026-1730,ADM-1315,Abigail Kinyua,Grade 5 A,Term 1,2026,7900,Cheque,CHQ-80076,Anthony Kinyua,2026-02-25,Andreah Smithh
BP-2026-1731,ADM-1315,Abigail Kinyua,Grade 5 A,Term 2,2026,6800,Cheque,CHQ-33340,Anthony Kinyua,2026-05-06,Monica Wanjiru
BP-2026-1732,ADM-1315,Abigail Kinyua,Grade 5 A,Term 2,2026,2100,M-PESA,QWH-17315,Anthony Kinyua,2026-06-01,Andreah Smithh
BP-2026-1733,ADM-1315,Abigail Kinyua,Grade 5 A,Term 2,2026,6100,Cash,CSH-85291,Anthony Kinyua,2026-06-29,Andreah Smithh
BP-2026-1734,ADM-1315,Abigail Kinyua,Grade 5 A,Term 3,2026,5000,Cheque,CHQ-47140,Anthony Kinyua,2026-09-24,Monica Wanjiru
BP-2026-1735,ADM-1316,Winfred Kariuki,Grade 5 A,Term 1,2026,30000,M-PESA,QWH-47607,Godfrey Kariuki,2026-01-12,Rebecca Wanjala
BP-2026-1736,ADM-1316,Winfred Kariuki,Grade 5 A,Term 2,2026,17000,Bank Transfer,RTN-64083,Godfrey Kariuki,2026-05-29,Monica Wanjiru
BP-2026-1737,ADM-1316,Winfred Kariuki,Grade 5 A,Term 3,2026,1800,M-PESA,QWH-63470,Godfrey Kariuki,2026-09-10,Andreah Smithh
BP-2026-1738,ADM-1316,Winfred Kariuki,Grade 5 A,Term 3,2026,1800,M-PESA,QWH-57322,Godfrey Kariuki,2026-09-30,Rebecca Wanjala
BP-2026-1739,ADM-1317,Ian Omar,Grade 5 A,Term 1,2026,33000,Bank Transfer,RTN-10205,Veronica Omar,2026-01-31,Monica Wanjiru
BP-2026-1740,ADM-1317,Ian Omar,Grade 5 A,Term 2,2026,12000,Bank Transfer,RTN-46615,Veronica Omar,2026-05-10,Andreah Smithh
BP-2026-1741,ADM-1317,Ian Omar,Grade 5 A,Term 3,2026,3300,Cash,CSH-86254,Veronica Omar,2026-10-04,Rebecca Wanjala
BP-2026-1742,ADM-1317,Ian Omar,Grade 5 A,Term 3,2026,5700,Cheque,CHQ-63421,Veronica Omar,2026-10-06,Rebecca Wanjala
BP-2026-1743,ADM-1318,Teresia Mutuku,Grade 5 A,Term 1,2026,14300,Bank Transfer,RTN-17706,Peninah Mutuku,2026-01-24,Monica Wanjiru
BP-2026-1744,ADM-1318,Teresia Mutuku,Grade 5 A,Term 1,2026,5700,M-PESA,QWH-56972,Peninah Mutuku,2026-02-12,Rebecca Wanjala
BP-2026-1745,ADM-1318,Teresia Mutuku,Grade 5 A,Term 1,2026,10000,M-PESA,QWH-13627,Peninah Mutuku,2026-02-09,Rebecca Wanjala
BP-2026-1746,ADM-1318,Teresia Mutuku,Grade 5 A,Term 2,2026,6600,Cheque,CHQ-69842,Peninah Mutuku,2026-05-23,Andreah Smithh
BP-2026-1747,ADM-1318,Teresia Mutuku,Grade 5 A,Term 2,2026,8400,Cash,CSH-35120,Peninah Mutuku,2026-05-26,Rebecca Wanjala
BP-2026-1748,ADM-1318,Teresia Mutuku,Grade 5 A,Term 3,2026,9000,Cash,CSH-73155,Peninah Mutuku,2026-10-03,Andreah Smithh
BP-2026-1749,ADM-1319,Trevor Adhiambo,Grade 5 A,Term 1,2026,8700,M-PESA,QWH-13699,Samuel Adhiambo,2026-01-24,Monica Wanjiru
BP-2026-1750,ADM-1319,Trevor Adhiambo,Grade 5 A,Term 1,2026,6300,M-PESA,QWH-82163,Samuel Adhiambo,2026-02-05,Rebecca Wanjala
BP-2026-1751,ADM-1319,Trevor Adhiambo,Grade 5 A,Term 1,2026,15000,Cash,CSH-96568,Samuel Adhiambo,2026-02-19,Monica Wanjiru
BP-2026-1752,ADM-1319,Trevor Adhiambo,Grade 5 A,Term 2,2026,5700,M-PESA,QWH-25443,Samuel Adhiambo,2026-05-18,Andreah Smithh
BP-2026-1753,ADM-1319,Trevor Adhiambo,Grade 5 A,Term 2,2026,9300,Bank Transfer,RTN-12191,Samuel Adhiambo,2026-06-02,Rebecca Wanjala
BP-2026-1754,ADM-1319,Trevor Adhiambo,Grade 5 A,Term 3,2026,4300,M-PESA,QWH-10221,Samuel Adhiambo,2026-09-24,Rebecca Wanjala
BP-2026-1755,ADM-1320,George Okello,Grade 5 A,Term 1,2026,14300,Cheque,CHQ-22412,Trevor Okello,2026-01-23,Andreah Smithh
BP-2026-1756,ADM-1320,George Okello,Grade 5 A,Term 1,2026,4500,Bank Transfer,RTN-78937,Trevor Okello,2026-02-06,Rebecca Wanjala
BP-2026-1757,ADM-1320,George Okello,Grade 5 A,Term 1,2026,11200,Cheque,CHQ-28724,Trevor Okello,2026-02-21,Andreah Smithh
BP-2026-1758,ADM-1320,George Okello,Grade 5 A,Term 2,2026,11400,M-PESA,QWH-85493,Trevor Okello,2026-05-13,Rebecca Wanjala
BP-2026-1759,ADM-1320,George Okello,Grade 5 A,Term 3,2026,2300,Bank Transfer,RTN-64792,Trevor Okello,2026-09-24,Andreah Smithh
BP-2026-1760,ADM-1320,George Okello,Grade 5 A,Term 3,2026,2500,Bank Transfer,RTN-14407,Trevor Okello,2026-10-10,Monica Wanjiru
BP-2026-1761,ADM-1321,Dorcas Maina,Grade 5 A,Term 1,2026,15600,M-PESA,QWH-84592,Benjamin Maina,2026-01-17,Monica Wanjiru
BP-2026-1762,ADM-1321,Dorcas Maina,Grade 5 A,Term 1,2026,14400,Bank Transfer,RTN-57025,Benjamin Maina,2026-01-28,Rebecca Wanjala
BP-2026-1763,ADM-1321,Dorcas Maina,Grade 5 A,Term 2,2026,4200,Cash,CSH-34728,Benjamin Maina,2026-05-21,Rebecca Wanjala
BP-2026-1764,ADM-1321,Dorcas Maina,Grade 5 A,Term 2,2026,3900,Cash,CSH-72378,Benjamin Maina,2026-05-30,Monica Wanjiru
BP-2026-1765,ADM-1321,Dorcas Maina,Grade 5 A,Term 2,2026,6900,M-PESA,QWH-82567,Benjamin Maina,2026-06-22,Monica Wanjiru
BP-2026-1766,ADM-1321,Dorcas Maina,Grade 5 A,Term 3,2026,9000,Cheque,CHQ-92343,Benjamin Maina,2026-09-30,Monica Wanjiru
BP-2026-1767,ADM-1322,Sonia Simiyu,Grade 5 A,Term 1,2026,9800,Bank Transfer,RTN-85607,Magdalene Simiyu,2026-01-16,Andreah Smithh
BP-2026-1768,ADM-1322,Sonia Simiyu,Grade 5 A,Term 1,2026,20200,M-PESA,QWH-23241,Magdalene Simiyu,2026-02-04,Rebecca Wanjala
BP-2026-1769,ADM-1322,Sonia Simiyu,Grade 5 A,Term 2,2026,7500,M-PESA,QWH-59655,Magdalene Simiyu,2026-06-04,Monica Wanjiru
BP-2026-1770,ADM-1322,Sonia Simiyu,Grade 5 A,Term 2,2026,7500,M-PESA,QWH-77517,Magdalene Simiyu,2026-06-06,Andreah Smithh
BP-2026-1771,ADM-1322,Sonia Simiyu,Grade 5 A,Term 3,2026,4600,Cheque,CHQ-11603,Magdalene Simiyu,2026-09-23,Rebecca Wanjala
BP-2026-1772,ADM-1322,Sonia Simiyu,Grade 5 A,Term 3,2026,1200,M-PESA,QWH-56003,Magdalene Simiyu,2026-10-18,Monica Wanjiru
BP-2026-1773,ADM-1322,Sonia Simiyu,Grade 5 A,Term 3,2026,3200,M-PESA,QWH-75546,Magdalene Simiyu,2026-11-03,Monica Wanjiru
BP-2026-1774,ADM-1323,Daniel Maina,Grade 5 A,Term 1,2026,8400,M-PESA,QWH-33967,Lilian Maina,2026-01-25,Rebecca Wanjala
BP-2026-1775,ADM-1323,Daniel Maina,Grade 5 A,Term 1,2026,11500,Bank Transfer,RTN-75345,Lilian Maina,2026-02-08,Monica Wanjiru
BP-2026-1776,ADM-1323,Daniel Maina,Grade 5 A,Term 1,2026,10100,Cheque,CHQ-35735,Lilian Maina,2026-02-09,Rebecca Wanjala
BP-2026-1777,ADM-1323,Daniel Maina,Grade 5 A,Term 2,2026,15000,Cheque,CHQ-96760,Lilian Maina,2026-05-27,Andreah Smithh
BP-2026-1778,ADM-1323,Daniel Maina,Grade 5 A,Term 3,2026,9000,Bank Transfer,RTN-88429,Lilian Maina,2026-09-21,Monica Wanjiru
BP-2026-1779,ADM-1324,Tabitha Sironka,Grade 5 A,Term 1,2026,10200,Bank Transfer,RTN-96915,Gideon Sironka,2026-01-12,Andreah Smithh
BP-2026-1780,ADM-1324,Tabitha Sironka,Grade 5 A,Term 1,2026,13100,Bank Transfer,RTN-30413,Gideon Sironka,2026-02-13,Monica Wanjiru
BP-2026-1781,ADM-1324,Tabitha Sironka,Grade 5 A,Term 1,2026,15700,Bank Transfer,RTN-65353,Gideon Sironka,2026-02-24,Monica Wanjiru
BP-2026-1782,ADM-1324,Tabitha Sironka,Grade 5 A,Term 2,2026,7300,M-PESA,QWH-25732,Gideon Sironka,2026-05-30,Rebecca Wanjala
BP-2026-1783,ADM-1324,Tabitha Sironka,Grade 5 A,Term 2,2026,16700,Bank Transfer,RTN-53165,Gideon Sironka,2026-06-03,Rebecca Wanjala
BP-2026-1784,ADM-1324,Tabitha Sironka,Grade 5 A,Term 3,2026,8200,Cash,CSH-38264,Gideon Sironka,2026-09-14,Monica Wanjiru
BP-2026-1785,ADM-1324,Tabitha Sironka,Grade 5 A,Term 3,2026,9800,Bank Transfer,RTN-85920,Gideon Sironka,2026-09-29,Monica Wanjiru
BP-2026-1786,ADM-1325,Veronica Pekeri,Grade 5 B,Term 1,2026,16200,Cash,CSH-45872,Karen Pekeri,2026-01-16,Monica Wanjiru
BP-2026-1787,ADM-1325,Veronica Pekeri,Grade 5 B,Term 1,2026,4400,Cheque,CHQ-38271,Karen Pekeri,2026-02-02,Andreah Smithh
BP-2026-1788,ADM-1325,Veronica Pekeri,Grade 5 B,Term 1,2026,9400,Bank Transfer,RTN-61507,Karen Pekeri,2026-02-21,Andreah Smithh
BP-2026-1789,ADM-1325,Veronica Pekeri,Grade 5 B,Term 2,2026,2600,M-PESA,QWH-92809,Karen Pekeri,2026-05-31,Andreah Smithh
BP-2026-1790,ADM-1325,Veronica Pekeri,Grade 5 B,Term 2,2026,2000,M-PESA,QWH-82831,Karen Pekeri,2026-06-03,Andreah Smithh
BP-2026-1791,ADM-1325,Veronica Pekeri,Grade 5 B,Term 2,2026,1900,Bank Transfer,RTN-24701,Karen Pekeri,2026-06-25,Monica Wanjiru
BP-2026-1792,ADM-1325,Veronica Pekeri,Grade 5 B,Term 3,2026,2800,Bank Transfer,RTN-57783,Karen Pekeri,2026-09-10,Monica Wanjiru
BP-2026-1793,ADM-1325,Veronica Pekeri,Grade 5 B,Term 3,2026,2400,Cash,CSH-56517,Karen Pekeri,2026-10-01,Rebecca Wanjala
BP-2026-1794,ADM-1326,Peter Mwakisha,Grade 5 B,Term 1,2026,7600,Bank Transfer,RTN-90712,Vincent Mwakisha,2026-01-28,Rebecca Wanjala
BP-2026-1795,ADM-1326,Peter Mwakisha,Grade 5 B,Term 1,2026,9200,Cash,CSH-72001,Vincent Mwakisha,2026-01-22,Rebecca Wanjala
BP-2026-1796,ADM-1326,Peter Mwakisha,Grade 5 B,Term 2,2026,6100,Bank Transfer,RTN-54109,Vincent Mwakisha,2026-06-01,Andreah Smithh
BP-2026-1797,ADM-1326,Peter Mwakisha,Grade 5 B,Term 2,2026,2800,Bank Transfer,RTN-99078,Vincent Mwakisha,2026-06-01,Rebecca Wanjala
BP-2026-1798,ADM-1326,Peter Mwakisha,Grade 5 B,Term 2,2026,6100,Cheque,CHQ-52651,Vincent Mwakisha,2026-06-28,Rebecca Wanjala
BP-2026-1799,ADM-1327,Florence Kipsang,Grade 5 B,Term 1,2026,14800,M-PESA,QWH-38541,Lawrence Kipsang,2026-01-14,Andreah Smithh
BP-2026-1800,ADM-1327,Florence Kipsang,Grade 5 B,Term 1,2026,6800,Bank Transfer,RTN-81424,Lawrence Kipsang,2026-02-05,Monica Wanjiru
BP-2026-1801,ADM-1327,Florence Kipsang,Grade 5 B,Term 1,2026,12400,Cash,CSH-91184,Lawrence Kipsang,2026-02-14,Rebecca Wanjala
BP-2026-1802,ADM-1327,Florence Kipsang,Grade 5 B,Term 2,2026,4800,Bank Transfer,RTN-26678,Lawrence Kipsang,2026-05-15,Andreah Smithh
BP-2026-1803,ADM-1327,Florence Kipsang,Grade 5 B,Term 2,2026,6200,Bank Transfer,RTN-18767,Lawrence Kipsang,2026-06-13,Rebecca Wanjala
BP-2026-1804,ADM-1327,Florence Kipsang,Grade 5 B,Term 3,2026,2900,Bank Transfer,RTN-27722,Lawrence Kipsang,2026-09-21,Andreah Smithh
BP-2026-1805,ADM-1327,Florence Kipsang,Grade 5 B,Term 3,2026,1000,Bank Transfer,RTN-30523,Lawrence Kipsang,2026-09-29,Rebecca Wanjala
BP-2026-1806,ADM-1327,Florence Kipsang,Grade 5 B,Term 3,2026,1600,Cheque,CHQ-64562,Lawrence Kipsang,2026-10-17,Monica Wanjiru
BP-2026-1807,ADM-1328,Anthony Namukuru,Grade 5 B,Term 1,2026,14500,M-PESA,QWH-84042,Samuel Namukuru,2026-01-07,Monica Wanjiru
BP-2026-1808,ADM-1328,Anthony Namukuru,Grade 5 B,Term 1,2026,15500,M-PESA,QWH-69588,Samuel Namukuru,2026-02-05,Monica Wanjiru
BP-2026-1809,ADM-1328,Anthony Namukuru,Grade 5 B,Term 2,2026,3100,Cash,CSH-29048,Samuel Namukuru,2026-05-25,Rebecca Wanjala
BP-2026-1810,ADM-1328,Anthony Namukuru,Grade 5 B,Term 2,2026,2900,Cash,CSH-96218,Samuel Namukuru,2026-06-09,Andreah Smithh
BP-2026-1811,ADM-1328,Anthony Namukuru,Grade 5 B,Term 2,2026,3300,Bank Transfer,RTN-28491,Samuel Namukuru,2026-06-23,Andreah Smithh
BP-2026-1812,ADM-1329,Sophia Wekesa,Grade 5 B,Term 1,2026,11500,Cash,CSH-99630,Edwin Wekesa,2026-01-20,Andreah Smithh
BP-2026-1813,ADM-1329,Sophia Wekesa,Grade 5 B,Term 1,2026,18500,Bank Transfer,RTN-81806,Edwin Wekesa,2026-02-13,Monica Wanjiru
BP-2026-1814,ADM-1329,Sophia Wekesa,Grade 5 B,Term 2,2026,5800,Bank Transfer,RTN-41370,Edwin Wekesa,2026-05-27,Monica Wanjiru
BP-2026-1815,ADM-1329,Sophia Wekesa,Grade 5 B,Term 2,2026,4500,Cheque,CHQ-12960,Edwin Wekesa,2026-05-29,Rebecca Wanjala
BP-2026-1816,ADM-1329,Sophia Wekesa,Grade 5 B,Term 2,2026,4700,M-PESA,QWH-39819,Edwin Wekesa,2026-06-11,Monica Wanjiru
BP-2026-1817,ADM-1329,Sophia Wekesa,Grade 5 B,Term 3,2026,5500,Bank Transfer,RTN-11993,Edwin Wekesa,2026-09-27,Rebecca Wanjala
BP-2026-1818,ADM-1330,Edna Nzioka,Grade 5 B,Term 1,2026,9100,Bank Transfer,RTN-36294,Nicholas Nzioka,2026-01-08,Monica Wanjiru
BP-2026-1819,ADM-1330,Edna Nzioka,Grade 5 B,Term 1,2026,20900,M-PESA,QWH-80766,Nicholas Nzioka,2026-02-13,Monica Wanjiru
BP-2026-1820,ADM-1330,Edna Nzioka,Grade 5 B,Term 2,2026,8100,Cheque,CHQ-88667,Nicholas Nzioka,2026-05-17,Rebecca Wanjala
BP-2026-1821,ADM-1330,Edna Nzioka,Grade 5 B,Term 2,2026,1800,M-PESA,QWH-96551,Nicholas Nzioka,2026-05-26,Andreah Smithh
BP-2026-1822,ADM-1330,Edna Nzioka,Grade 5 B,Term 2,2026,5100,M-PESA,QWH-68956,Nicholas Nzioka,2026-06-16,Rebecca Wanjala
BP-2026-1823,ADM-1330,Edna Nzioka,Grade 5 B,Term 3,2026,1700,M-PESA,QWH-84089,Nicholas Nzioka,2026-09-28,Andreah Smithh
BP-2026-1824,ADM-1330,Edna Nzioka,Grade 5 B,Term 3,2026,1100,Cash,CSH-21187,Nicholas Nzioka,2026-09-25,Andreah Smithh
BP-2026-1825,ADM-1330,Edna Nzioka,Grade 5 B,Term 3,2026,1800,Bank Transfer,RTN-82147,Nicholas Nzioka,2026-10-30,Andreah Smithh
BP-2026-1826,ADM-1331,Samuel Anyango,Grade 5 B,Term 1,2026,30000,M-PESA,QWH-69393,Janet Anyango,2026-01-23,Rebecca Wanjala
BP-2026-1827,ADM-1331,Samuel Anyango,Grade 5 B,Term 2,2026,5500,M-PESA,QWH-85163,Janet Anyango,2026-05-16,Monica Wanjiru
BP-2026-1828,ADM-1331,Samuel Anyango,Grade 5 B,Term 2,2026,2400,M-PESA,QWH-30496,Janet Anyango,2026-06-17,Monica Wanjiru
BP-2026-1829,ADM-1331,Samuel Anyango,Grade 5 B,Term 2,2026,5500,Bank Transfer,RTN-39006,Janet Anyango,2026-06-09,Andreah Smithh
BP-2026-1830,ADM-1331,Samuel Anyango,Grade 5 B,Term 3,2026,6400,M-PESA,QWH-25999,Janet Anyango,2026-09-20,Rebecca Wanjala
BP-2026-1831,ADM-1332,Stephen Nzioka,Grade 5 B,Term 1,2026,30000,Bank Transfer,RTN-63525,Martin Nzioka,2026-01-22,Andreah Smithh
BP-2026-1832,ADM-1333,Rebecca Muthoka,Grade 5 B,Term 1,2026,17300,Bank Transfer,RTN-78731,Caroline Muthoka,2026-01-23,Andreah Smithh
BP-2026-1833,ADM-1333,Rebecca Muthoka,Grade 5 B,Term 1,2026,5400,Cheque,CHQ-55318,Caroline Muthoka,2026-02-08,Andreah Smithh
BP-2026-1834,ADM-1333,Rebecca Muthoka,Grade 5 B,Term 1,2026,10300,Cash,CSH-80176,Caroline Muthoka,2026-02-18,Andreah Smithh
BP-2026-1835,ADM-1333,Rebecca Muthoka,Grade 5 B,Term 2,2026,3500,Cheque,CHQ-29398,Caroline Muthoka,2026-05-18,Monica Wanjiru
BP-2026-1836,ADM-1333,Rebecca Muthoka,Grade 5 B,Term 2,2026,5700,Bank Transfer,RTN-25945,Caroline Muthoka,2026-06-03,Rebecca Wanjala
BP-2026-1837,ADM-1334,Alice Kirimi,Grade 5 B,Term 1,2026,30000,Bank Transfer,RTN-45509,Samuel Kirimi,2026-01-30,Rebecca Wanjala
BP-2026-1838,ADM-1334,Alice Kirimi,Grade 5 B,Term 2,2026,15000,M-PESA,QWH-55902,Samuel Kirimi,2026-05-20,Monica Wanjiru
BP-2026-1839,ADM-1334,Alice Kirimi,Grade 5 B,Term 3,2026,4400,M-PESA,QWH-62438,Samuel Kirimi,2026-09-22,Rebecca Wanjala
BP-2026-1840,ADM-1334,Alice Kirimi,Grade 5 B,Term 3,2026,1800,Bank Transfer,RTN-24382,Samuel Kirimi,2026-10-08,Rebecca Wanjala
BP-2026-1841,ADM-1334,Alice Kirimi,Grade 5 B,Term 3,2026,2800,M-PESA,QWH-20066,Samuel Kirimi,2026-11-01,Rebecca Wanjala
BP-2026-1842,ADM-1335,Lawrence Mugambi,Grade 5 B,Term 1,2026,9500,Cash,CSH-50935,Gideon Mugambi,2026-01-28,Andreah Smithh
BP-2026-1843,ADM-1335,Lawrence Mugambi,Grade 5 B,Term 1,2026,9800,Cash,CSH-76103,Gideon Mugambi,2026-02-01,Monica Wanjiru
BP-2026-1844,ADM-1335,Lawrence Mugambi,Grade 5 B,Term 1,2026,10700,Cash,CSH-22959,Gideon Mugambi,2026-02-20,Andreah Smithh
BP-2026-1845,ADM-1335,Lawrence Mugambi,Grade 5 B,Term 2,2026,7200,Bank Transfer,RTN-51674,Gideon Mugambi,2026-05-17,Rebecca Wanjala
BP-2026-1846,ADM-1335,Lawrence Mugambi,Grade 5 B,Term 2,2026,7800,Cash,CSH-48793,Gideon Mugambi,2026-06-09,Monica Wanjiru
BP-2026-1847,ADM-1335,Lawrence Mugambi,Grade 5 B,Term 3,2026,2500,M-PESA,QWH-18421,Gideon Mugambi,2026-09-21,Monica Wanjiru
BP-2026-1848,ADM-1335,Lawrence Mugambi,Grade 5 B,Term 3,2026,1900,Cash,CSH-32845,Gideon Mugambi,2026-09-29,Andreah Smithh
BP-2026-1849,ADM-1335,Lawrence Mugambi,Grade 5 B,Term 3,2026,4600,Cheque,CHQ-97002,Gideon Mugambi,2026-10-29,Rebecca Wanjala
BP-2026-1850,ADM-1336,Mark Kinyua,Grade 5 B,Term 1,2026,7100,Bank Transfer,RTN-79587,John Kinyua,2026-01-28,Monica Wanjiru
BP-2026-1851,ADM-1336,Mark Kinyua,Grade 5 B,Term 1,2026,8500,Bank Transfer,RTN-65870,John Kinyua,2026-01-23,Monica Wanjiru
BP-2026-1852,ADM-1336,Mark Kinyua,Grade 5 B,Term 2,2026,2500,Bank Transfer,RTN-49681,John Kinyua,2026-05-11,Monica Wanjiru
BP-2026-1853,ADM-1336,Mark Kinyua,Grade 5 B,Term 2,2026,1900,Cheque,CHQ-98844,John Kinyua,2026-06-04,Rebecca Wanjala
BP-2026-1854,ADM-1336,Mark Kinyua,Grade 5 B,Term 2,2026,1600,M-PESA,QWH-39807,John Kinyua,2026-06-28,Andreah Smithh
BP-2026-1855,ADM-1336,Mark Kinyua,Grade 5 B,Term 3,2026,2300,Cheque,CHQ-58695,John Kinyua,2026-10-03,Rebecca Wanjala
BP-2026-1856,ADM-1336,Mark Kinyua,Grade 5 B,Term 3,2026,1400,M-PESA,QWH-16156,John Kinyua,2026-10-02,Monica Wanjiru
BP-2026-1857,ADM-1336,Mark Kinyua,Grade 5 B,Term 3,2026,1300,Cash,CSH-95322,John Kinyua,2026-10-25,Monica Wanjiru
BP-2026-1858,ADM-1337,Rebecca Sichangi,Grade 5 B,Term 1,2026,30000,Cash,CSH-18529,Luke Sichangi,2026-01-26,Rebecca Wanjala
BP-2026-1859,ADM-1337,Rebecca Sichangi,Grade 5 B,Term 2,2026,7200,M-PESA,QWH-48360,Luke Sichangi,2026-05-23,Rebecca Wanjala
BP-2026-1860,ADM-1337,Rebecca Sichangi,Grade 5 B,Term 2,2026,3900,Cash,CSH-92326,Luke Sichangi,2026-06-19,Andreah Smithh
BP-2026-1861,ADM-1337,Rebecca Sichangi,Grade 5 B,Term 2,2026,3900,M-PESA,QWH-70263,Luke Sichangi,2026-06-10,Andreah Smithh
BP-2026-1862,ADM-1337,Rebecca Sichangi,Grade 5 B,Term 3,2026,6300,Cheque,CHQ-52595,Luke Sichangi,2026-09-17,Monica Wanjiru
BP-2026-1863,ADM-1338,Sophia Mwinyi,Grade 5 B,Term 1,2026,16400,M-PESA,QWH-34572,Purity Mwinyi,2026-01-08,Monica Wanjiru
BP-2026-1864,ADM-1338,Sophia Mwinyi,Grade 5 B,Term 1,2026,4300,Bank Transfer,RTN-52548,Purity Mwinyi,2026-02-12,Andreah Smithh
BP-2026-1865,ADM-1338,Sophia Mwinyi,Grade 5 B,Term 1,2026,9300,M-PESA,QWH-37690,Purity Mwinyi,2026-02-14,Rebecca Wanjala
BP-2026-1866,ADM-1338,Sophia Mwinyi,Grade 5 B,Term 2,2026,15000,Cash,CSH-78700,Purity Mwinyi,2026-05-12,Andreah Smithh
BP-2026-1867,ADM-1338,Sophia Mwinyi,Grade 5 B,Term 3,2026,9000,Bank Transfer,RTN-21949,Purity Mwinyi,2026-09-29,Rebecca Wanjala
BP-2026-1868,ADM-1339,Wesley Pekeri,Grade 5 B,Term 1,2026,9800,M-PESA,QWH-68397,Wesley Pekeri,2026-01-27,Andreah Smithh
BP-2026-1869,ADM-1339,Wesley Pekeri,Grade 5 B,Term 1,2026,20200,M-PESA,QWH-24168,Wesley Pekeri,2026-01-28,Rebecca Wanjala
BP-2026-1870,ADM-1339,Wesley Pekeri,Grade 5 B,Term 2,2026,6100,Bank Transfer,RTN-82559,Wesley Pekeri,2026-05-19,Monica Wanjiru
BP-2026-1871,ADM-1339,Wesley Pekeri,Grade 5 B,Term 2,2026,9900,Cash,CSH-28264,Wesley Pekeri,2026-06-08,Monica Wanjiru
BP-2026-1872,ADM-1339,Wesley Pekeri,Grade 5 B,Term 3,2026,4200,Cash,CSH-42789,Wesley Pekeri,2026-10-06,Rebecca Wanjala
BP-2026-1873,ADM-1339,Wesley Pekeri,Grade 5 B,Term 3,2026,3800,Cash,CSH-62969,Wesley Pekeri,2026-10-04,Andreah Smithh
BP-2026-1874,ADM-1340,Beatrice Mutua,Grade 5 B,Term 1,2026,30000,Cheque,CHQ-10123,Hillary Mutua,2026-01-30,Monica Wanjiru
BP-2026-1875,ADM-1340,Beatrice Mutua,Grade 5 B,Term 2,2026,5300,Cheque,CHQ-10882,Hillary Mutua,2026-05-22,Monica Wanjiru
BP-2026-1876,ADM-1340,Beatrice Mutua,Grade 5 B,Term 2,2026,9700,Bank Transfer,RTN-66854,Hillary Mutua,2026-06-07,Andreah Smithh
BP-2026-1877,ADM-1341,Gideon Farah,Grade 5 B,Term 1,2026,8700,Cheque,CHQ-87664,Hillary Farah,2026-01-19,Andreah Smithh
BP-2026-1878,ADM-1341,Gideon Farah,Grade 5 B,Term 1,2026,18000,M-PESA,QWH-73294,Hillary Farah,2026-02-11,Monica Wanjiru
BP-2026-1879,ADM-1341,Gideon Farah,Grade 5 B,Term 2,2026,15000,Cash,CSH-33663,Hillary Farah,2026-05-25,Monica Wanjiru
BP-2026-1880,ADM-1341,Gideon Farah,Grade 5 B,Term 3,2026,5500,M-PESA,QWH-45008,Hillary Farah,2026-09-22,Rebecca Wanjala
BP-2026-1881,ADM-1342,Doreen Obiero,Grade 5 B,Term 1,2026,11500,M-PESA,QWH-85515,Eunice Obiero,2026-01-21,Monica Wanjiru
BP-2026-1882,ADM-1342,Doreen Obiero,Grade 5 B,Term 1,2026,18500,Cash,CSH-69014,Eunice Obiero,2026-01-25,Monica Wanjiru
BP-2026-1883,ADM-1342,Doreen Obiero,Grade 5 B,Term 2,2026,15000,M-PESA,QWH-29485,Eunice Obiero,2026-05-18,Rebecca Wanjala
BP-2026-1884,ADM-1342,Doreen Obiero,Grade 5 B,Term 3,2026,9000,Cash,CSH-49870,Eunice Obiero,2026-09-24,Andreah Smithh
BP-2026-1885,ADM-1343,Esther Wanjala,Grade 5 B,Term 1,2026,9600,M-PESA,QWH-21961,Andrew Wanjala,2026-01-22,Monica Wanjiru
BP-2026-1886,ADM-1343,Esther Wanjala,Grade 5 B,Term 1,2026,20400,Bank Transfer,RTN-40950,Andrew Wanjala,2026-02-08,Monica Wanjiru
BP-2026-1887,ADM-1343,Esther Wanjala,Grade 5 B,Term 2,2026,5100,Bank Transfer,RTN-81635,Andrew Wanjala,2026-05-25,Rebecca Wanjala
BP-2026-1888,ADM-1343,Esther Wanjala,Grade 5 B,Term 2,2026,4900,Bank Transfer,RTN-42359,Andrew Wanjala,2026-06-14,Andreah Smithh
BP-2026-1889,ADM-1343,Esther Wanjala,Grade 5 B,Term 2,2026,5000,Cheque,CHQ-12878,Andrew Wanjala,2026-06-22,Rebecca Wanjala
BP-2026-1890,ADM-1343,Esther Wanjala,Grade 5 B,Term 3,2026,6700,Bank Transfer,RTN-83115,Andrew Wanjala,2026-09-30,Rebecca Wanjala
BP-2026-1891,ADM-1344,Joshua Ambani,Grade 5 B,Term 1,2026,3800,Bank Transfer,RTN-77376,Caleb Ambani,2026-01-20,Rebecca Wanjala
BP-2026-1892,ADM-1344,Joshua Ambani,Grade 5 B,Term 1,2026,10600,M-PESA,QWH-62495,Caleb Ambani,2026-02-04,Andreah Smithh
BP-2026-1893,ADM-1344,Joshua Ambani,Grade 5 B,Term 2,2026,7300,Cash,CSH-33032,Caleb Ambani,2026-05-12,Andreah Smithh
BP-2026-1894,ADM-1344,Joshua Ambani,Grade 5 B,Term 2,2026,7700,Bank Transfer,RTN-98733,Caleb Ambani,2026-06-17,Monica Wanjiru
BP-2026-1895,ADM-1344,Joshua Ambani,Grade 5 B,Term 3,2026,6600,Cash,CSH-86480,Caleb Ambani,2026-09-25,Rebecca Wanjala
BP-2026-1896,ADM-1345,Brian Chepkoech,Grade 5 B,Term 1,2026,30000,Bank Transfer,RTN-10885,Kiplangat Chepkoech,2026-01-15,Andreah Smithh
BP-2026-1897,ADM-1345,Brian Chepkoech,Grade 5 B,Term 2,2026,15000,M-PESA,QWH-91941,Kiplangat Chepkoech,2026-05-20,Rebecca Wanjala
BP-2026-1898,ADM-1346,Rachael Gitau,Grade 5 B,Term 1,2026,30000,M-PESA,QWH-31493,Donald Gitau,2026-01-09,Andreah Smithh
BP-2026-1899,ADM-1346,Rachael Gitau,Grade 5 B,Term 2,2026,15000,Cash,CSH-77229,Donald Gitau,2026-05-24,Monica Wanjiru
BP-2026-1900,ADM-1346,Rachael Gitau,Grade 5 B,Term 3,2026,3500,M-PESA,QWH-69956,Donald Gitau,2026-10-03,Andreah Smithh
BP-2026-1901,ADM-1346,Rachael Gitau,Grade 5 B,Term 3,2026,1000,M-PESA,QWH-85931,Donald Gitau,2026-10-03,Andreah Smithh
BP-2026-1902,ADM-1346,Rachael Gitau,Grade 5 B,Term 3,2026,2000,Cash,CSH-11332,Donald Gitau,2026-10-19,Rebecca Wanjala
BP-2026-1903,ADM-1347,Olivia Wanjala,Grade 5 B,Term 1,2026,30000,Cash,CSH-93108,Kiplangat Wanjala,2026-01-11,Andreah Smithh
BP-2026-1904,ADM-1347,Olivia Wanjala,Grade 5 B,Term 2,2026,7600,Bank Transfer,RTN-90020,Kiplangat Wanjala,2026-05-13,Monica Wanjiru
BP-2026-1905,ADM-1347,Olivia Wanjala,Grade 5 B,Term 2,2026,3100,M-PESA,QWH-37010,Kiplangat Wanjala,2026-06-08,Rebecca Wanjala
BP-2026-1906,ADM-1347,Olivia Wanjala,Grade 5 B,Term 2,2026,4300,M-PESA,QWH-29677,Kiplangat Wanjala,2026-06-24,Andreah Smithh
BP-2026-1907,ADM-1347,Olivia Wanjala,Grade 5 B,Term 3,2026,3200,Cheque,CHQ-39228,Kiplangat Wanjala,2026-10-02,Monica Wanjiru
BP-2026-1908,ADM-1348,Amos Nzioka,Grade 5 B,Term 1,2026,30000,Cheque,CHQ-73310,Zachary Nzioka,2026-01-31,Rebecca Wanjala
BP-2026-1909,ADM-1348,Amos Nzioka,Grade 5 B,Term 2,2026,7900,Bank Transfer,RTN-39293,Zachary Nzioka,2026-05-29,Monica Wanjiru
BP-2026-1910,ADM-1348,Amos Nzioka,Grade 5 B,Term 2,2026,2200,M-PESA,QWH-14735,Zachary Nzioka,2026-06-06,Monica Wanjiru
BP-2026-1911,ADM-1348,Amos Nzioka,Grade 5 B,Term 2,2026,4900,Cash,CSH-33385,Zachary Nzioka,2026-06-26,Rebecca Wanjala
BP-2026-1912,ADM-1348,Amos Nzioka,Grade 5 B,Term 3,2026,1900,Cash,CSH-57183,Zachary Nzioka,2026-09-11,Andreah Smithh
BP-2026-1913,ADM-1348,Amos Nzioka,Grade 5 B,Term 3,2026,4300,Bank Transfer,RTN-31388,Zachary Nzioka,2026-09-28,Monica Wanjiru
BP-2026-1914,ADM-1349,Anthony Kirimi,Grade 5 B,Term 1,2026,30000,Cash,CSH-54510,Isaac Kirimi,2026-01-30,Monica Wanjiru
BP-2026-1915,ADM-1349,Anthony Kirimi,Grade 5 B,Term 2,2026,6900,Cheque,CHQ-47428,Isaac Kirimi,2026-05-15,Monica Wanjiru
BP-2026-1916,ADM-1349,Anthony Kirimi,Grade 5 B,Term 2,2026,3400,Bank Transfer,RTN-62676,Isaac Kirimi,2026-06-09,Monica Wanjiru
BP-2026-1917,ADM-1349,Anthony Kirimi,Grade 5 B,Term 2,2026,4700,M-PESA,QWH-58728,Isaac Kirimi,2026-06-26,Monica Wanjiru
BP-2026-1918,ADM-1349,Anthony Kirimi,Grade 5 B,Term 3,2026,9000,Bank Transfer,RTN-11582,Isaac Kirimi,2026-10-03,Rebecca Wanjala
BP-2026-1919,ADM-1350,Wesley Bii,Grade 5 B,Term 1,2026,9600,Bank Transfer,RTN-61567,Hillary Bii,2026-01-30,Monica Wanjiru
BP-2026-1920,ADM-1350,Wesley Bii,Grade 5 B,Term 1,2026,8100,M-PESA,QWH-78629,Hillary Bii,2026-02-13,Monica Wanjiru
BP-2026-1921,ADM-1350,Wesley Bii,Grade 5 B,Term 1,2026,12300,Cheque,CHQ-22681,Hillary Bii,2026-02-09,Andreah Smithh
BP-2026-1922,ADM-1350,Wesley Bii,Grade 5 B,Term 2,2026,6200,Cash,CSH-76254,Hillary Bii,2026-05-10,Rebecca Wanjala
BP-2026-1923,ADM-1350,Wesley Bii,Grade 5 B,Term 2,2026,8800,M-PESA,QWH-76791,Hillary Bii,2026-05-26,Monica Wanjiru
BP-2026-1924,ADM-1350,Wesley Bii,Grade 5 B,Term 3,2026,1300,Cash,CSH-71249,Hillary Bii,2026-09-14,Andreah Smithh
BP-2026-1925,ADM-1350,Wesley Bii,Grade 5 B,Term 3,2026,3800,Cash,CSH-63626,Hillary Bii,2026-10-09,Andreah Smithh
BP-2026-1926,ADM-1351,Godfrey Lugalia,Grade 5 B,Term 1,2026,9100,Bank Transfer,RTN-96813,Victor Lugalia,2026-01-20,Andreah Smithh
BP-2026-1927,ADM-1351,Godfrey Lugalia,Grade 5 B,Term 1,2026,20900,M-PESA,QWH-16542,Victor Lugalia,2026-02-11,Rebecca Wanjala
BP-2026-1928,ADM-1351,Godfrey Lugalia,Grade 5 B,Term 2,2026,16000,M-PESA,QWH-35643,Victor Lugalia,2026-05-29,Andreah Smithh
BP-2026-1929,ADM-1351,Godfrey Lugalia,Grade 5 B,Term 3,2026,3400,Cash,CSH-70767,Victor Lugalia,2026-09-27,Rebecca Wanjala
BP-2026-1930,ADM-1351,Godfrey Lugalia,Grade 5 B,Term 3,2026,4600,Cash,CSH-67652,Victor Lugalia,2026-10-10,Andreah Smithh
BP-2026-1931,ADM-1352,Joyce Chebet,Grade 5 B,Term 1,2026,30000,M-PESA,QWH-58452,Amos Chebet,2026-01-24,Andreah Smithh
BP-2026-1932,ADM-1352,Joyce Chebet,Grade 5 B,Term 2,2026,6000,M-PESA,QWH-53075,Amos Chebet,2026-05-14,Monica Wanjiru
BP-2026-1933,ADM-1352,Joyce Chebet,Grade 5 B,Term 2,2026,9000,Cheque,CHQ-74263,Amos Chebet,2026-05-27,Andreah Smithh
BP-2026-1934,ADM-1352,Joyce Chebet,Grade 5 B,Term 3,2026,1700,Bank Transfer,RTN-48939,Amos Chebet,2026-09-26,Rebecca Wanjala
BP-2026-1935,ADM-1352,Joyce Chebet,Grade 5 B,Term 3,2026,2500,Bank Transfer,RTN-74288,Amos Chebet,2026-09-28,Rebecca Wanjala
BP-2026-1936,ADM-1353,Stephen Tianai,Grade 5 B,Term 1,2026,6200,Cash,CSH-76998,Patrick Tianai,2026-01-23,Monica Wanjiru
BP-2026-1937,ADM-1353,Stephen Tianai,Grade 5 B,Term 1,2026,6800,Bank Transfer,RTN-95378,Patrick Tianai,2026-02-13,Andreah Smithh
BP-2026-1938,ADM-1353,Stephen Tianai,Grade 5 B,Term 1,2026,6500,M-PESA,QWH-61789,Patrick Tianai,2026-02-23,Rebecca Wanjala
BP-2026-1939,ADM-1353,Stephen Tianai,Grade 5 B,Term 2,2026,6400,M-PESA,QWH-13827,Patrick Tianai,2026-05-19,Rebecca Wanjala
BP-2026-1940,ADM-1353,Stephen Tianai,Grade 5 B,Term 2,2026,3500,M-PESA,QWH-40520,Patrick Tianai,2026-05-26,Rebecca Wanjala
BP-2026-1941,ADM-1353,Stephen Tianai,Grade 5 B,Term 2,2026,8100,M-PESA,QWH-38269,Patrick Tianai,2026-06-29,Monica Wanjiru
BP-2026-1942,ADM-1354,Patrick Barasa,Grade 5 B,Term 1,2026,30000,Bank Transfer,RTN-54792,Beth Barasa,2026-01-24,Monica Wanjiru
BP-2026-1943,ADM-1354,Patrick Barasa,Grade 5 B,Term 3,2026,2300,Cash,CSH-55086,Beth Barasa,2026-09-22,Rebecca Wanjala
BP-2026-1944,ADM-1354,Patrick Barasa,Grade 5 B,Term 3,2026,1200,Cash,CSH-44872,Beth Barasa,2026-10-12,Rebecca Wanjala
BP-2026-1945,ADM-1354,Patrick Barasa,Grade 5 B,Term 3,2026,3300,M-PESA,QWH-43029,Beth Barasa,2026-10-25,Monica Wanjiru
BP-2026-1946,ADM-1355,Meshack Wamalwa,Grade 5 B,Term 1,2026,12800,Cash,CSH-19621,Florence Wamalwa,2026-01-31,Rebecca Wanjala
BP-2026-1947,ADM-1355,Meshack Wamalwa,Grade 5 B,Term 1,2026,5700,Bank Transfer,RTN-71619,Florence Wamalwa,2026-01-28,Andreah Smithh
BP-2026-1948,ADM-1355,Meshack Wamalwa,Grade 5 B,Term 1,2026,11500,Cash,CSH-15158,Florence Wamalwa,2026-02-26,Andreah Smithh
BP-2026-1949,ADM-1355,Meshack Wamalwa,Grade 5 B,Term 2,2026,4000,Bank Transfer,RTN-69434,Florence Wamalwa,2026-05-24,Rebecca Wanjala
BP-2026-1950,ADM-1355,Meshack Wamalwa,Grade 5 B,Term 2,2026,11000,M-PESA,QWH-33018,Florence Wamalwa,2026-06-05,Monica Wanjiru
BP-2026-1951,ADM-1355,Meshack Wamalwa,Grade 5 B,Term 3,2026,1600,M-PESA,QWH-76541,Florence Wamalwa,2026-09-19,Monica Wanjiru
BP-2026-1952,ADM-1355,Meshack Wamalwa,Grade 5 B,Term 3,2026,2000,Cash,CSH-75181,Florence Wamalwa,2026-10-07,Rebecca Wanjala
BP-2026-1953,ADM-1356,Kipchoge Kamau,Grade 5 B,Term 1,2026,10500,Cheque,CHQ-58938,David Kamau,2026-01-16,Monica Wanjiru
BP-2026-1954,ADM-1356,Kipchoge Kamau,Grade 5 B,Term 1,2026,6000,M-PESA,QWH-22332,David Kamau,2026-02-15,Rebecca Wanjala
BP-2026-1955,ADM-1356,Kipchoge Kamau,Grade 5 B,Term 1,2026,13500,Bank Transfer,RTN-19165,David Kamau,2026-02-25,Andreah Smithh
BP-2026-1956,ADM-1356,Kipchoge Kamau,Grade 5 B,Term 2,2026,6900,Bank Transfer,RTN-24882,David Kamau,2026-05-31,Andreah Smithh
BP-2026-1957,ADM-1356,Kipchoge Kamau,Grade 5 B,Term 2,2026,4100,Cash,CSH-39682,David Kamau,2026-06-12,Monica Wanjiru
BP-2026-1958,ADM-1356,Kipchoge Kamau,Grade 5 B,Term 2,2026,4000,Cheque,CHQ-74285,David Kamau,2026-06-11,Rebecca Wanjala
BP-2026-1959,ADM-1357,Dorcas Mugo,Grade 6 A,Term 1,2026,7900,M-PESA,QWH-72421,Edna Mugo,2026-01-14,Monica Wanjiru
BP-2026-1960,ADM-1357,Dorcas Mugo,Grade 6 A,Term 1,2026,8400,Bank Transfer,RTN-33806,Edna Mugo,2026-02-14,Monica Wanjiru
BP-2026-1961,ADM-1357,Dorcas Mugo,Grade 6 A,Term 1,2026,13700,M-PESA,QWH-59076,Edna Mugo,2026-02-24,Monica Wanjiru
BP-2026-1962,ADM-1357,Dorcas Mugo,Grade 6 A,Term 2,2026,15000,Cheque,CHQ-94813,Edna Mugo,2026-05-25,Monica Wanjiru
BP-2026-1963,ADM-1358,Karen Korir,Grade 6 A,Term 1,2026,30000,Cheque,CHQ-84299,Donald Korir,2026-01-24,Rebecca Wanjala
BP-2026-1964,ADM-1358,Karen Korir,Grade 6 A,Term 2,2026,5000,M-PESA,QWH-53985,Donald Korir,2026-05-31,Rebecca Wanjala
BP-2026-1965,ADM-1358,Karen Korir,Grade 6 A,Term 2,2026,3500,M-PESA,QWH-62328,Donald Korir,2026-06-04,Andreah Smithh
BP-2026-1966,ADM-1358,Karen Korir,Grade 6 A,Term 2,2026,6500,M-PESA,QWH-66619,Donald Korir,2026-06-28,Monica Wanjiru
BP-2026-1967,ADM-1359,Andrew Juma,Grade 6 A,Term 2,2026,15000,Bank Transfer,RTN-57925,Purity Juma,2026-05-19,Rebecca Wanjala
BP-2026-1968,ADM-1359,Andrew Juma,Grade 6 A,Term 3,2026,1200,M-PESA,QWH-31069,Purity Juma,2026-09-27,Monica Wanjiru
BP-2026-1969,ADM-1359,Andrew Juma,Grade 6 A,Term 3,2026,1000,M-PESA,QWH-96813,Purity Juma,2026-10-06,Andreah Smithh
BP-2026-1970,ADM-1359,Andrew Juma,Grade 6 A,Term 3,2026,2200,Cash,CSH-80609,Purity Juma,2026-10-26,Rebecca Wanjala
BP-2026-1971,ADM-1360,Gideon Mburu,Grade 6 A,Term 1,2026,10100,Bank Transfer,RTN-43081,Meshack Mburu,2026-01-26,Rebecca Wanjala
BP-2026-1972,ADM-1360,Gideon Mburu,Grade 6 A,Term 1,2026,19900,M-PESA,QWH-66192,Meshack Mburu,2026-02-06,Andreah Smithh
BP-2026-1973,ADM-1360,Gideon Mburu,Grade 6 A,Term 2,2026,5200,Cash,CSH-84533,Meshack Mburu,2026-05-12,Monica Wanjiru
BP-2026-1974,ADM-1360,Gideon Mburu,Grade 6 A,Term 2,2026,1500,M-PESA,QWH-64939,Meshack Mburu,2026-05-30,Andreah Smithh
BP-2026-1975,ADM-1360,Gideon Mburu,Grade 6 A,Term 2,2026,4400,M-PESA,QWH-73658,Meshack Mburu,2026-06-09,Rebecca Wanjala
BP-2026-1976,ADM-1360,Gideon Mburu,Grade 6 A,Term 3,2026,5900,M-PESA,QWH-36558,Meshack Mburu,2026-09-17,Monica Wanjiru
BP-2026-1977,ADM-1361,Ian Ali,Grade 6 A,Term 1,2026,10600,Bank Transfer,RTN-46235,Susan Ali,2026-01-21,Andreah Smithh
BP-2026-1978,ADM-1361,Ian Ali,Grade 6 A,Term 1,2026,9300,Cash,CSH-22504,Susan Ali,2026-01-27,Andreah Smithh
BP-2026-1979,ADM-1361,Ian Ali,Grade 6 A,Term 1,2026,10100,M-PESA,QWH-94988,Susan Ali,2026-02-19,Andreah Smithh
BP-2026-1980,ADM-1361,Ian Ali,Grade 6 A,Term 2,2026,11300,M-PESA,QWH-64107,Susan Ali,2026-05-30,Andreah Smithh
BP-2026-1981,ADM-1361,Ian Ali,Grade 6 A,Term 3,2026,1900,Bank Transfer,RTN-13338,Susan Ali,2026-09-20,Monica Wanjiru
BP-2026-1982,ADM-1361,Ian Ali,Grade 6 A,Term 3,2026,1100,Cash,CSH-46005,Susan Ali,2026-10-08,Rebecca Wanjala
BP-2026-1983,ADM-1361,Ian Ali,Grade 6 A,Term 3,2026,1300,Cheque,CHQ-87444,Susan Ali,2026-10-10,Monica Wanjiru
BP-2026-1984,ADM-1362,Monica Odhiambo,Grade 6 A,Term 1,2026,8000,M-PESA,QWH-34364,Godfrey Odhiambo,2026-01-22,Rebecca Wanjala
BP-2026-1985,ADM-1362,Monica Odhiambo,Grade 6 A,Term 1,2026,9900,Bank Transfer,RTN-12112,Godfrey Odhiambo,2026-02-11,Andreah Smithh
BP-2026-1986,ADM-1362,Monica Odhiambo,Grade 6 A,Term 1,2026,4700,Cash,CSH-23840,Godfrey Odhiambo,2026-02-08,Monica Wanjiru
BP-2026-1987,ADM-1362,Monica Odhiambo,Grade 6 A,Term 1,2026,8400,M-PESA,QWH-48002,Godfrey Odhiambo,2026-03-06,Andreah Smithh
BP-2026-1988,ADM-1362,Monica Odhiambo,Grade 6 A,Term 2,2026,7900,M-PESA,QWH-80381,Godfrey Odhiambo,2026-05-16,Andreah Smithh
BP-2026-1989,ADM-1362,Monica Odhiambo,Grade 6 A,Term 2,2026,10100,Cash,CSH-78968,Godfrey Odhiambo,2026-06-14,Andreah Smithh
BP-2026-1990,ADM-1363,John Barasa,Grade 6 A,Term 1,2026,30000,M-PESA,QWH-97934,Eric Barasa,2026-01-16,Rebecca Wanjala
BP-2026-1991,ADM-1363,John Barasa,Grade 6 A,Term 2,2026,6200,Cash,CSH-27361,Eric Barasa,2026-05-28,Rebecca Wanjala
BP-2026-1992,ADM-1363,John Barasa,Grade 6 A,Term 2,2026,2400,M-PESA,QWH-90914,Eric Barasa,2026-05-22,Andreah Smithh
BP-2026-1993,ADM-1363,John Barasa,Grade 6 A,Term 2,2026,6400,M-PESA,QWH-39490,Eric Barasa,2026-06-28,Monica Wanjiru
BP-2026-1994,ADM-1364,Winfred Ambani,Grade 6 A,Term 1,2026,30000,M-PESA,QWH-49214,Sonia Ambani,2026-01-18,Monica Wanjiru
BP-2026-1995,ADM-1364,Winfred Ambani,Grade 6 A,Term 2,2026,7200,M-PESA,QWH-29869,Sonia Ambani,2026-05-25,Rebecca Wanjala
BP-2026-1996,ADM-1364,Winfred Ambani,Grade 6 A,Term 2,2026,10800,Cheque,CHQ-47060,Sonia Ambani,2026-05-23,Monica Wanjiru
BP-2026-1997,ADM-1364,Winfred Ambani,Grade 6 A,Term 3,2026,6000,Cash,CSH-93725,Sonia Ambani,2026-09-27,Monica Wanjiru
BP-2026-1998,ADM-1365,Edwin Tianai,Grade 6 A,Term 1,2026,8000,Cash,CSH-24513,Brenda Tianai,2026-01-17,Rebecca Wanjala
BP-2026-1999,ADM-1365,Edwin Tianai,Grade 6 A,Term 1,2026,2400,Bank Transfer,RTN-42691,Brenda Tianai,2026-01-27,Andreah Smithh
BP-2026-2000,ADM-1365,Edwin Tianai,Grade 6 A,Term 1,2026,6100,Bank Transfer,RTN-21741,Brenda Tianai,2026-02-08,Andreah Smithh
BP-2026-2001,ADM-1365,Edwin Tianai,Grade 6 A,Term 2,2026,5800,M-PESA,QWH-63503,Brenda Tianai,2026-05-16,Rebecca Wanjala
BP-2026-2002,ADM-1365,Edwin Tianai,Grade 6 A,Term 2,2026,4400,M-PESA,QWH-89006,Brenda Tianai,2026-05-30,Rebecca Wanjala
BP-2026-2003,ADM-1365,Edwin Tianai,Grade 6 A,Term 2,2026,4800,Cheque,CHQ-55768,Brenda Tianai,2026-06-12,Rebecca Wanjala
BP-2026-2004,ADM-1365,Edwin Tianai,Grade 6 A,Term 3,2026,1300,M-PESA,QWH-95954,Brenda Tianai,2026-09-23,Andreah Smithh
BP-2026-2005,ADM-1365,Edwin Tianai,Grade 6 A,Term 3,2026,2700,Cash,CSH-38687,Brenda Tianai,2026-09-30,Monica Wanjiru
BP-2026-2006,ADM-1366,Harrison Kimutai,Grade 6 A,Term 2,2026,6900,Cash,CSH-49092,Timothy Kimutai,2026-05-22,Rebecca Wanjala
BP-2026-2007,ADM-1366,Harrison Kimutai,Grade 6 A,Term 2,2026,4200,Bank Transfer,RTN-26291,Timothy Kimutai,2026-06-06,Rebecca Wanjala
BP-2026-2008,ADM-1366,Harrison Kimutai,Grade 6 A,Term 2,2026,3900,M-PESA,QWH-22871,Timothy Kimutai,2026-06-18,Andreah Smithh
BP-2026-2009,ADM-1367,Charity Tuwei,Grade 6 A,Term 1,2026,11700,Cheque,CHQ-30113,Beth Tuwei,2026-01-14,Andreah Smithh
BP-2026-2010,ADM-1367,Charity Tuwei,Grade 6 A,Term 1,2026,5200,Bank Transfer,RTN-92186,Beth Tuwei,2026-01-28,Monica Wanjiru
BP-2026-2011,ADM-1367,Charity Tuwei,Grade 6 A,Term 1,2026,13100,M-PESA,QWH-16260,Beth Tuwei,2026-02-19,Rebecca Wanjala
BP-2026-2012,ADM-1367,Charity Tuwei,Grade 6 A,Term 3,2026,9000,M-PESA,QWH-13886,Beth Tuwei,2026-10-03,Rebecca Wanjala
BP-2026-2013,ADM-1368,Stephen Wanjiku,Grade 6 A,Term 1,2026,3300,M-PESA,QWH-21107,Luke Wanjiku,2026-01-19,Rebecca Wanjala
BP-2026-2014,ADM-1368,Stephen Wanjiku,Grade 6 A,Term 1,2026,2200,M-PESA,QWH-61383,Luke Wanjiku,2026-02-04,Andreah Smithh
BP-2026-2015,ADM-1368,Stephen Wanjiku,Grade 6 A,Term 1,2026,6500,Bank Transfer,RTN-60119,Luke Wanjiku,2026-02-07,Rebecca Wanjala
BP-2026-2016,ADM-1368,Stephen Wanjiku,Grade 6 A,Term 2,2026,15000,M-PESA,QWH-50468,Luke Wanjiku,2026-05-24,Rebecca Wanjala
BP-2026-2017,ADM-1369,Catherine Igweta,Grade 6 A,Term 1,2026,14600,Cash,CSH-49488,Hillary Igweta,2026-01-12,Rebecca Wanjala
BP-2026-2018,ADM-1369,Catherine Igweta,Grade 6 A,Term 1,2026,17400,M-PESA,QWH-96383,Hillary Igweta,2026-01-31,Rebecca Wanjala
BP-2026-2019,ADM-1369,Catherine Igweta,Grade 6 A,Term 2,2026,4800,Cheque,CHQ-90551,Hillary Igweta,2026-05-31,Rebecca Wanjala
BP-2026-2020,ADM-1369,Catherine Igweta,Grade 6 A,Term 2,2026,2400,Cash,CSH-61219,Hillary Igweta,2026-06-16,Andreah Smithh
BP-2026-2021,ADM-1369,Catherine Igweta,Grade 6 A,Term 2,2026,5800,Cheque,CHQ-59234,Hillary Igweta,2026-06-11,Rebecca Wanjala
BP-2026-2022,ADM-1369,Catherine Igweta,Grade 6 A,Term 3,2026,1500,M-PESA,QWH-22836,Hillary Igweta,2026-09-15,Andreah Smithh
BP-2026-2023,ADM-1369,Catherine Igweta,Grade 6 A,Term 3,2026,1000,Bank Transfer,RTN-83070,Hillary Igweta,2026-09-25,Rebecca Wanjala
BP-2026-2024,ADM-1369,Catherine Igweta,Grade 6 A,Term 3,2026,1200,Bank Transfer,RTN-45843,Hillary Igweta,2026-10-20,Monica Wanjiru
BP-2026-2025,ADM-1370,Joyce Ndungu,Grade 6 A,Term 1,2026,15800,M-PESA,QWH-47081,Beth Ndungu,2026-01-25,Monica Wanjiru
BP-2026-2026,ADM-1370,Joyce Ndungu,Grade 6 A,Term 1,2026,14200,M-PESA,QWH-22260,Beth Ndungu,2026-01-26,Rebecca Wanjala
BP-2026-2027,ADM-1370,Joyce Ndungu,Grade 6 A,Term 2,2026,15000,M-PESA,QWH-70036,Beth Ndungu,2026-05-14,Monica Wanjiru
BP-2026-2028,ADM-1371,Agnes Igweta,Grade 6 A,Term 1,2026,30000,M-PESA,QWH-78896,Felix Igweta,2026-01-13,Rebecca Wanjala
BP-2026-2029,ADM-1371,Agnes Igweta,Grade 6 A,Term 2,2026,7400,Cash,CSH-98670,Felix Igweta,2026-05-09,Rebecca Wanjala
BP-2026-2030,ADM-1371,Agnes Igweta,Grade 6 A,Term 3,2026,1100,Cheque,CHQ-31155,Felix Igweta,2026-09-25,Monica Wanjiru
BP-2026-2031,ADM-1371,Agnes Igweta,Grade 6 A,Term 3,2026,1300,Cheque,CHQ-99717,Felix Igweta,2026-10-07,Monica Wanjiru
BP-2026-2032,ADM-1371,Agnes Igweta,Grade 6 A,Term 3,2026,2000,Cash,CSH-56879,Felix Igweta,2026-10-19,Rebecca Wanjala
BP-2026-2033,ADM-1372,Tabitha Owino,Grade 6 A,Term 1,2026,30000,Bank Transfer,RTN-13122,Anthony Owino,2026-01-22,Monica Wanjiru
BP-2026-2034,ADM-1372,Tabitha Owino,Grade 6 A,Term 2,2026,15000,M-PESA,QWH-50128,Anthony Owino,2026-05-29,Monica Wanjiru
BP-2026-2035,ADM-1373,Donald Auma,Grade 6 A,Term 1,2026,10500,Bank Transfer,RTN-30905,Luke Auma,2026-01-29,Rebecca Wanjala
BP-2026-2036,ADM-1373,Donald Auma,Grade 6 A,Term 1,2026,16500,Bank Transfer,RTN-89166,Luke Auma,2026-02-09,Rebecca Wanjala
BP-2026-2037,ADM-1373,Donald Auma,Grade 6 A,Term 2,2026,15000,Cash,CSH-28953,Luke Auma,2026-05-31,Andreah Smithh
BP-2026-2038,ADM-1373,Donald Auma,Grade 6 A,Term 3,2026,3900,M-PESA,QWH-30174,Luke Auma,2026-09-23,Andreah Smithh
BP-2026-2039,ADM-1373,Donald Auma,Grade 6 A,Term 3,2026,5100,Cash,CSH-35341,Luke Auma,2026-10-17,Monica Wanjiru
BP-2026-2040,ADM-1374,Luke Gitau,Grade 6 A,Term 1,2026,21300,Bank Transfer,RTN-93672,Purity Gitau,2026-01-10,Andreah Smithh
BP-2026-2041,ADM-1374,Luke Gitau,Grade 6 A,Term 1,2026,17700,M-PESA,QWH-63371,Purity Gitau,2026-01-31,Monica Wanjiru
BP-2026-2042,ADM-1374,Luke Gitau,Grade 6 A,Term 2,2026,9800,Cash,CSH-72859,Purity Gitau,2026-05-18,Rebecca Wanjala
BP-2026-2043,ADM-1374,Luke Gitau,Grade 6 A,Term 2,2026,14200,Bank Transfer,RTN-10734,Purity Gitau,2026-05-26,Rebecca Wanjala
BP-2026-2044,ADM-1374,Luke Gitau,Grade 6 A,Term 3,2026,8600,Bank Transfer,RTN-72229,Purity Gitau,2026-10-06,Andreah Smithh
BP-2026-2045,ADM-1374,Luke Gitau,Grade 6 A,Term 3,2026,4000,Cash,CSH-80028,Purity Gitau,2026-10-18,Monica Wanjiru
BP-2026-2046,ADM-1374,Luke Gitau,Grade 6 A,Term 3,2026,5400,Bank Transfer,RTN-83055,Purity Gitau,2026-10-24,Andreah Smithh
BP-2026-2047,ADM-1375,James Kathambi,Grade 6 A,Term 1,2026,12500,Bank Transfer,RTN-57771,Teresia Kathambi,2026-01-28,Rebecca Wanjala
BP-2026-2048,ADM-1375,James Kathambi,Grade 6 A,Term 1,2026,8100,M-PESA,QWH-75902,Teresia Kathambi,2026-01-28,Andreah Smithh
BP-2026-2049,ADM-1375,James Kathambi,Grade 6 A,Term 1,2026,9400,Cheque,CHQ-79546,Teresia Kathambi,2026-02-20,Monica Wanjiru
BP-2026-2050,ADM-1375,James Kathambi,Grade 6 A,Term 2,2026,8200,Cash,CSH-71116,Teresia Kathambi,2026-05-14,Monica Wanjiru
BP-2026-2051,ADM-1375,James Kathambi,Grade 6 A,Term 2,2026,5400,Cash,CSH-82151,Teresia Kathambi,2026-06-04,Andreah Smithh
BP-2026-2052,ADM-1375,James Kathambi,Grade 6 A,Term 2,2026,4400,Bank Transfer,RTN-27009,Teresia Kathambi,2026-06-30,Rebecca Wanjala
BP-2026-2053,ADM-1375,James Kathambi,Grade 6 A,Term 3,2026,1200,Bank Transfer,RTN-19089,Teresia Kathambi,2026-09-16,Andreah Smithh
BP-2026-2054,ADM-1375,James Kathambi,Grade 6 A,Term 3,2026,700,M-PESA,QWH-99443,Teresia Kathambi,2026-10-15,Andreah Smithh
BP-2026-2055,ADM-1375,James Kathambi,Grade 6 A,Term 3,2026,1000,Cheque,CHQ-57782,Teresia Kathambi,2026-10-12,Andreah Smithh
BP-2026-2056,ADM-1376,Diana Njuguna,Grade 6 A,Term 1,2026,7900,Cash,CSH-24070,Ian Njuguna,2026-01-21,Andreah Smithh
BP-2026-2057,ADM-1376,Diana Njuguna,Grade 6 A,Term 1,2026,1900,M-PESA,QWH-87145,Ian Njuguna,2026-01-29,Monica Wanjiru
BP-2026-2058,ADM-1376,Diana Njuguna,Grade 6 A,Term 1,2026,5200,Bank Transfer,RTN-38251,Ian Njuguna,2026-02-21,Rebecca Wanjala
BP-2026-2059,ADM-1376,Diana Njuguna,Grade 6 A,Term 2,2026,5400,M-PESA,QWH-49215,Ian Njuguna,2026-05-12,Andreah Smithh
BP-2026-2060,ADM-1376,Diana Njuguna,Grade 6 A,Term 2,2026,5100,M-PESA,QWH-37122,Ian Njuguna,2026-06-11,Monica Wanjiru
BP-2026-2061,ADM-1376,Diana Njuguna,Grade 6 A,Term 3,2026,2600,Cash,CSH-68718,Ian Njuguna,2026-09-30,Rebecca Wanjala
BP-2026-2062,ADM-1376,Diana Njuguna,Grade 6 A,Term 3,2026,2500,Bank Transfer,RTN-62518,Ian Njuguna,2026-10-16,Andreah Smithh
BP-2026-2063,ADM-1377,Winnie Odhiambo,Grade 6 A,Term 1,2026,10900,M-PESA,QWH-79994,Magdalene Odhiambo,2026-01-08,Andreah Smithh
BP-2026-2064,ADM-1377,Winnie Odhiambo,Grade 6 A,Term 1,2026,19100,M-PESA,QWH-25282,Magdalene Odhiambo,2026-02-09,Rebecca Wanjala
BP-2026-2065,ADM-1377,Winnie Odhiambo,Grade 6 A,Term 2,2026,15000,M-PESA,QWH-30924,Magdalene Odhiambo,2026-05-27,Rebecca Wanjala
BP-2026-2066,ADM-1377,Winnie Odhiambo,Grade 6 A,Term 3,2026,4800,Cheque,CHQ-31176,Magdalene Odhiambo,2026-09-16,Rebecca Wanjala
BP-2026-2067,ADM-1377,Winnie Odhiambo,Grade 6 A,Term 3,2026,4200,M-PESA,QWH-61766,Magdalene Odhiambo,2026-09-28,Andreah Smithh
BP-2026-2068,ADM-1378,Abigail Mganga,Grade 6 A,Term 1,2026,12800,M-PESA,QWH-68910,Anthony Mganga,2026-01-14,Andreah Smithh
BP-2026-2069,ADM-1378,Abigail Mganga,Grade 6 A,Term 1,2026,29200,M-PESA,QWH-56131,Anthony Mganga,2026-02-01,Monica Wanjiru
BP-2026-2070,ADM-1378,Abigail Mganga,Grade 6 A,Term 2,2026,6200,Cash,CSH-67040,Anthony Mganga,2026-05-27,Rebecca Wanjala
BP-2026-2071,ADM-1378,Abigail Mganga,Grade 6 A,Term 2,2026,4700,Bank Transfer,RTN-85173,Anthony Mganga,2026-06-07,Monica Wanjiru
BP-2026-2072,ADM-1378,Abigail Mganga,Grade 6 A,Term 2,2026,5300,Cash,CSH-89906,Anthony Mganga,2026-07-03,Rebecca Wanjala
BP-2026-2073,ADM-1378,Abigail Mganga,Grade 6 A,Term 3,2026,18000,Cash,CSH-87709,Anthony Mganga,2026-10-04,Monica Wanjiru
BP-2026-2074,ADM-1379,Peninah Korir,Grade 6 A,Term 1,2026,16000,Cheque,CHQ-93671,Diana Korir,2026-01-10,Andreah Smithh
BP-2026-2075,ADM-1379,Peninah Korir,Grade 6 A,Term 1,2026,7700,Bank Transfer,RTN-44988,Diana Korir,2026-02-04,Monica Wanjiru
BP-2026-2076,ADM-1379,Peninah Korir,Grade 6 A,Term 1,2026,6300,M-PESA,QWH-57476,Diana Korir,2026-02-26,Rebecca Wanjala
BP-2026-2077,ADM-1379,Peninah Korir,Grade 6 A,Term 2,2026,4500,Cash,CSH-80647,Diana Korir,2026-05-18,Rebecca Wanjala
BP-2026-2078,ADM-1379,Peninah Korir,Grade 6 A,Term 2,2026,10500,M-PESA,QWH-79830,Diana Korir,2026-06-08,Andreah Smithh
BP-2026-2079,ADM-1379,Peninah Korir,Grade 6 A,Term 3,2026,2400,Bank Transfer,RTN-99832,Diana Korir,2026-10-04,Monica Wanjiru
BP-2026-2080,ADM-1379,Peninah Korir,Grade 6 A,Term 3,2026,2500,Cash,CSH-30811,Diana Korir,2026-10-03,Monica Wanjiru
BP-2026-2081,ADM-1379,Peninah Korir,Grade 6 A,Term 3,2026,4100,M-PESA,QWH-63970,Diana Korir,2026-11-02,Monica Wanjiru
BP-2026-2082,ADM-1380,Nathaniel Kimeu,Grade 6 A,Term 1,2026,12600,Bank Transfer,RTN-29395,Amara Kimeu,2026-01-13,Andreah Smithh
BP-2026-2083,ADM-1380,Nathaniel Kimeu,Grade 6 A,Term 1,2026,24400,M-PESA,QWH-44238,Amara Kimeu,2026-01-26,Rebecca Wanjala
BP-2026-2084,ADM-1380,Nathaniel Kimeu,Grade 6 A,Term 2,2026,6300,M-PESA,QWH-46045,Amara Kimeu,2026-05-21,Rebecca Wanjala
BP-2026-2085,ADM-1380,Nathaniel Kimeu,Grade 6 A,Term 2,2026,7800,M-PESA,QWH-82167,Amara Kimeu,2026-06-16,Monica Wanjiru
BP-2026-2086,ADM-1380,Nathaniel Kimeu,Grade 6 A,Term 2,2026,7900,M-PESA,QWH-44607,Amara Kimeu,2026-06-12,Monica Wanjiru
BP-2026-2087,ADM-1381,Gladys Ali,Grade 6 A,Term 1,2026,14800,Cash,CSH-36448,David Ali,2026-01-29,Andreah Smithh
BP-2026-2088,ADM-1381,Gladys Ali,Grade 6 A,Term 1,2026,15200,Cheque,CHQ-55859,David Ali,2026-01-28,Monica Wanjiru
BP-2026-2089,ADM-1381,Gladys Ali,Grade 6 A,Term 2,2026,4500,Cheque,CHQ-47252,David Ali,2026-05-20,Andreah Smithh
BP-2026-2090,ADM-1381,Gladys Ali,Grade 6 A,Term 2,2026,3500,Cheque,CHQ-24625,David Ali,2026-06-07,Monica Wanjiru
BP-2026-2091,ADM-1381,Gladys Ali,Grade 6 A,Term 2,2026,7000,Bank Transfer,RTN-46985,David Ali,2026-06-16,Andreah Smithh
BP-2026-2092,ADM-1381,Gladys Ali,Grade 6 A,Term 3,2026,2700,Bank Transfer,RTN-62521,David Ali,2026-09-25,Andreah Smithh
BP-2026-2093,ADM-1381,Gladys Ali,Grade 6 A,Term 3,2026,3600,Cash,CSH-66258,David Ali,2026-09-25,Rebecca Wanjala
BP-2026-2094,ADM-1382,Esther Suleiman,Grade 6 A,Term 1,2026,15600,M-PESA,QWH-32425,Frank Suleiman,2026-01-28,Andreah Smithh
BP-2026-2095,ADM-1382,Esther Suleiman,Grade 6 A,Term 2,2026,17000,M-PESA,QWH-35994,Frank Suleiman,2026-05-23,Rebecca Wanjala
BP-2026-2096,ADM-1382,Esther Suleiman,Grade 6 A,Term 3,2026,2000,Cheque,CHQ-76996,Frank Suleiman,2026-09-19,Monica Wanjiru
BP-2026-2097,ADM-1382,Esther Suleiman,Grade 6 A,Term 3,2026,2600,M-PESA,QWH-24457,Frank Suleiman,2026-10-10,Monica Wanjiru
BP-2026-2098,ADM-1382,Esther Suleiman,Grade 6 A,Term 3,2026,2400,Cash,CSH-82331,Frank Suleiman,2026-10-16,Monica Wanjiru
BP-2026-2099,ADM-1383,Emmanuel Mutiso,Grade 6 A,Term 1,2026,9800,Cash,CSH-89527,Collins Mutiso,2026-02-01,Andreah Smithh
BP-2026-2100,ADM-1383,Emmanuel Mutiso,Grade 6 A,Term 1,2026,7500,Cash,CSH-76611,Collins Mutiso,2026-02-03,Monica Wanjiru
BP-2026-2101,ADM-1383,Emmanuel Mutiso,Grade 6 A,Term 1,2026,12700,Cash,CSH-82175,Collins Mutiso,2026-02-27,Rebecca Wanjala
BP-2026-2102,ADM-1383,Emmanuel Mutiso,Grade 6 A,Term 3,2026,1300,Bank Transfer,RTN-82692,Collins Mutiso,2026-09-23,Monica Wanjiru
BP-2026-2103,ADM-1383,Emmanuel Mutiso,Grade 6 A,Term 3,2026,3800,Cheque,CHQ-59767,Collins Mutiso,2026-10-15,Monica Wanjiru
BP-2026-2104,ADM-1384,Francis Omar,Grade 6 A,Term 1,2026,10300,Bank Transfer,RTN-70854,Godfrey Omar,2026-01-19,Rebecca Wanjala
BP-2026-2105,ADM-1384,Francis Omar,Grade 6 A,Term 1,2026,30700,Bank Transfer,RTN-69029,Godfrey Omar,2026-02-11,Andreah Smithh
BP-2026-2106,ADM-1384,Francis Omar,Grade 6 A,Term 2,2026,26000,M-PESA,QWH-93187,Godfrey Omar,2026-05-24,Andreah Smithh
BP-2026-2107,ADM-1385,Tabitha Mugambi,Grade 6 A,Term 1,2026,30000,M-PESA,QWH-57484,Andrew Mugambi,2026-01-24,Andreah Smithh
BP-2026-2108,ADM-1385,Tabitha Mugambi,Grade 6 A,Term 2,2026,3800,Cash,CSH-35923,Andrew Mugambi,2026-05-30,Rebecca Wanjala
BP-2026-2109,ADM-1385,Tabitha Mugambi,Grade 6 A,Term 2,2026,11200,Cheque,CHQ-16386,Andrew Mugambi,2026-05-23,Andreah Smithh
BP-2026-2110,ADM-1386,Brian Namukuru,Grade 6 A,Term 1,2026,9900,M-PESA,QWH-18967,Faith Namukuru,2026-01-30,Monica Wanjiru
BP-2026-2111,ADM-1386,Brian Namukuru,Grade 6 A,Term 1,2026,20100,Bank Transfer,RTN-32183,Faith Namukuru,2026-01-26,Monica Wanjiru
BP-2026-2112,ADM-1386,Brian Namukuru,Grade 6 A,Term 2,2026,19000,Cash,CSH-62514,Faith Namukuru,2026-05-17,Andreah Smithh
BP-2026-2113,ADM-1387,Yvonne Kinyua,Grade 6 A,Term 1,2026,11700,M-PESA,QWH-94138,Anthony Kinyua,2026-01-29,Monica Wanjiru
BP-2026-2114,ADM-1387,Yvonne Kinyua,Grade 6 A,Term 1,2026,32300,M-PESA,QWH-54884,Anthony Kinyua,2026-01-30,Andreah Smithh
BP-2026-2115,ADM-1387,Yvonne Kinyua,Grade 6 A,Term 2,2026,4000,M-PESA,QWH-11830,Anthony Kinyua,2026-06-01,Andreah Smithh
BP-2026-2116,ADM-1387,Yvonne Kinyua,Grade 6 A,Term 2,2026,10800,M-PESA,QWH-42805,Anthony Kinyua,2026-05-30,Andreah Smithh
BP-2026-2117,ADM-1387,Yvonne Kinyua,Grade 6 A,Term 3,2026,3700,Bank Transfer,RTN-68030,Anthony Kinyua,2026-09-24,Andreah Smithh
BP-2026-2118,ADM-1387,Yvonne Kinyua,Grade 6 A,Term 3,2026,7600,M-PESA,QWH-74254,Anthony Kinyua,2026-09-27,Monica Wanjiru
BP-2026-2119,ADM-1388,Maureen Akoth,Grade 6 B,Term 1,2026,12000,Bank Transfer,RTN-22999,Gideon Akoth,2026-01-08,Rebecca Wanjala
BP-2026-2120,ADM-1388,Maureen Akoth,Grade 6 B,Term 1,2026,22000,M-PESA,QWH-10986,Gideon Akoth,2026-02-10,Rebecca Wanjala
BP-2026-2121,ADM-1388,Maureen Akoth,Grade 6 B,Term 2,2026,3800,Cash,CSH-21614,Gideon Akoth,2026-06-01,Andreah Smithh
BP-2026-2122,ADM-1388,Maureen Akoth,Grade 6 B,Term 2,2026,7200,Bank Transfer,RTN-53810,Gideon Akoth,2026-05-31,Rebecca Wanjala
BP-2026-2123,ADM-1388,Maureen Akoth,Grade 6 B,Term 3,2026,3900,Cash,CSH-25193,Gideon Akoth,2026-09-19,Andreah Smithh
BP-2026-2124,ADM-1388,Maureen Akoth,Grade 6 B,Term 3,2026,5100,Cash,CSH-11847,Gideon Akoth,2026-10-08,Monica Wanjiru
BP-2026-2125,ADM-1389,Damaris Mwirigi,Grade 6 B,Term 1,2026,8800,M-PESA,QWH-75138,Nancy Mwirigi,2026-01-20,Andreah Smithh
BP-2026-2126,ADM-1389,Damaris Mwirigi,Grade 6 B,Term 1,2026,10600,M-PESA,QWH-91037,Nancy Mwirigi,2026-02-08,Rebecca Wanjala
BP-2026-2127,ADM-1389,Damaris Mwirigi,Grade 6 B,Term 1,2026,10600,Bank Transfer,RTN-27063,Nancy Mwirigi,2026-03-02,Andreah Smithh
BP-2026-2128,ADM-1389,Damaris Mwirigi,Grade 6 B,Term 2,2026,7700,Bank Transfer,RTN-96358,Nancy Mwirigi,2026-05-09,Andreah Smithh
BP-2026-2129,ADM-1389,Damaris Mwirigi,Grade 6 B,Term 2,2026,7300,Bank Transfer,RTN-20907,Nancy Mwirigi,2026-06-20,Andreah Smithh
BP-2026-2130,ADM-1389,Damaris Mwirigi,Grade 6 B,Term 3,2026,2000,Bank Transfer,RTN-24620,Nancy Mwirigi,2026-09-23,Andreah Smithh
BP-2026-2131,ADM-1389,Damaris Mwirigi,Grade 6 B,Term 3,2026,3900,Bank Transfer,RTN-96179,Nancy Mwirigi,2026-09-28,Monica Wanjiru
BP-2026-2132,ADM-1390,Alex Sein,Grade 6 B,Term 1,2026,16500,M-PESA,QWH-67537,Martha Sein,2026-01-14,Monica Wanjiru
BP-2026-2133,ADM-1390,Alex Sein,Grade 6 B,Term 1,2026,6200,Cash,CSH-44961,Martha Sein,2026-02-13,Monica Wanjiru
BP-2026-2134,ADM-1390,Alex Sein,Grade 6 B,Term 1,2026,7300,Bank Transfer,RTN-97301,Martha Sein,2026-02-15,Rebecca Wanjala
BP-2026-2135,ADM-1391,Dennis Otieno,Grade 6 B,Term 1,2026,6700,Cash,CSH-49915,Ibrahim Otieno,2026-01-28,Andreah Smithh
BP-2026-2136,ADM-1391,Dennis Otieno,Grade 6 B,Term 1,2026,12200,Cash,CSH-66057,Ibrahim Otieno,2026-01-23,Andreah Smithh
BP-2026-2137,ADM-1391,Dennis Otieno,Grade 6 B,Term 2,2026,15000,Cash,CSH-79199,Ibrahim Otieno,2026-05-12,Monica Wanjiru
BP-2026-2138,ADM-1392,George Gatwiri,Grade 6 B,Term 1,2026,15800,M-PESA,QWH-70522,Patrick Gatwiri,2026-01-15,Rebecca Wanjala
BP-2026-2139,ADM-1392,George Gatwiri,Grade 6 B,Term 1,2026,7900,M-PESA,QWH-23170,Patrick Gatwiri,2026-01-22,Monica Wanjiru
BP-2026-2140,ADM-1392,George Gatwiri,Grade 6 B,Term 1,2026,19300,M-PESA,QWH-85669,Patrick Gatwiri,2026-02-09,Rebecca Wanjala
BP-2026-2141,ADM-1392,George Gatwiri,Grade 6 B,Term 2,2026,20000,Bank Transfer,RTN-47125,Patrick Gatwiri,2026-05-27,Andreah Smithh
BP-2026-2142,ADM-1392,George Gatwiri,Grade 6 B,Term 3,2026,18000,M-PESA,QWH-79835,Patrick Gatwiri,2026-09-28,Monica Wanjiru
BP-2026-2143,ADM-1393,Grace Otieno,Grade 6 B,Term 1,2026,8000,M-PESA,QWH-98198,Simon Otieno,2026-01-27,Monica Wanjiru
BP-2026-2144,ADM-1393,Grace Otieno,Grade 6 B,Term 1,2026,22000,Cheque,CHQ-30817,Simon Otieno,2026-02-15,Rebecca Wanjala
BP-2026-2145,ADM-1393,Grace Otieno,Grade 6 B,Term 2,2026,4700,M-PESA,QWH-41895,Simon Otieno,2026-05-30,Monica Wanjiru
BP-2026-2146,ADM-1393,Grace Otieno,Grade 6 B,Term 2,2026,3300,Cash,CSH-14936,Simon Otieno,2026-05-28,Monica Wanjiru
BP-2026-2147,ADM-1393,Grace Otieno,Grade 6 B,Term 2,2026,7000,Bank Transfer,RTN-23538,Simon Otieno,2026-06-16,Andreah Smithh
BP-2026-2148,ADM-1393,Grace Otieno,Grade 6 B,Term 3,2026,1600,M-PESA,QWH-44588,Simon Otieno,2026-09-28,Andreah Smithh
BP-2026-2149,ADM-1393,Grace Otieno,Grade 6 B,Term 3,2026,2000,Bank Transfer,RTN-82502,Simon Otieno,2026-10-06,Monica Wanjiru
BP-2026-2150,ADM-1393,Grace Otieno,Grade 6 B,Term 3,2026,2000,M-PESA,QWH-89558,Simon Otieno,2026-10-16,Andreah Smithh
BP-2026-2151,ADM-1394,Mark Korir,Grade 6 B,Term 1,2026,21500,Cheque,CHQ-62334,James Korir,2026-01-25,Rebecca Wanjala
BP-2026-2152,ADM-1394,Mark Korir,Grade 6 B,Term 1,2026,6200,M-PESA,QWH-19563,James Korir,2026-01-31,Rebecca Wanjala
BP-2026-2153,ADM-1394,Mark Korir,Grade 6 B,Term 1,2026,4300,Cash,CSH-67465,James Korir,2026-02-14,Monica Wanjiru
BP-2026-2154,ADM-1394,Mark Korir,Grade 6 B,Term 1,2026,11000,Cheque,CHQ-24783,James Korir,2026-02-26,Monica Wanjiru
BP-2026-2155,ADM-1394,Mark Korir,Grade 6 B,Term 2,2026,12300,M-PESA,QWH-49072,James Korir,2026-05-21,Monica Wanjiru
BP-2026-2156,ADM-1394,Mark Korir,Grade 6 B,Term 2,2026,8200,M-PESA,QWH-47970,James Korir,2026-06-10,Monica Wanjiru
BP-2026-2157,ADM-1394,Mark Korir,Grade 6 B,Term 2,2026,7500,M-PESA,QWH-37211,James Korir,2026-06-13,Rebecca Wanjala
BP-2026-2158,ADM-1394,Mark Korir,Grade 6 B,Term 3,2026,14500,Cash,CSH-95954,James Korir,2026-09-11,Andreah Smithh
BP-2026-2159,ADM-1395,Lilian Muthoka,Grade 6 B,Term 1,2026,7800,Cheque,CHQ-36245,Joyce Muthoka,2026-01-23,Andreah Smithh
BP-2026-2160,ADM-1395,Lilian Muthoka,Grade 6 B,Term 1,2026,9800,Bank Transfer,RTN-66787,Joyce Muthoka,2026-02-01,Monica Wanjiru
BP-2026-2161,ADM-1395,Lilian Muthoka,Grade 6 B,Term 1,2026,12400,Cash,CSH-91524,Joyce Muthoka,2026-02-12,Andreah Smithh
BP-2026-2162,ADM-1395,Lilian Muthoka,Grade 6 B,Term 2,2026,15000,M-PESA,QWH-58136,Joyce Muthoka,2026-06-02,Andreah Smithh
BP-2026-2163,ADM-1395,Lilian Muthoka,Grade 6 B,Term 3,2026,4800,M-PESA,QWH-43096,Joyce Muthoka,2026-09-24,Monica Wanjiru
BP-2026-2164,ADM-1395,Lilian Muthoka,Grade 6 B,Term 3,2026,1100,Cash,CSH-14782,Joyce Muthoka,2026-10-14,Rebecca Wanjala
BP-2026-2165,ADM-1395,Lilian Muthoka,Grade 6 B,Term 3,2026,3100,Cash,CSH-84103,Joyce Muthoka,2026-11-02,Monica Wanjiru
BP-2026-2166,ADM-1396,Wesley Onyango,Grade 6 B,Term 1,2026,30000,Cheque,CHQ-61923,Felix Onyango,2026-01-27,Rebecca Wanjala
BP-2026-2167,ADM-1396,Wesley Onyango,Grade 6 B,Term 2,2026,4100,Bank Transfer,RTN-46153,Felix Onyango,2026-05-23,Monica Wanjiru
BP-2026-2168,ADM-1396,Wesley Onyango,Grade 6 B,Term 2,2026,4900,M-PESA,QWH-99438,Felix Onyango,2026-05-24,Andreah Smithh
BP-2026-2169,ADM-1396,Wesley Onyango,Grade 6 B,Term 3,2026,3800,M-PESA,QWH-56665,Felix Onyango,2026-10-02,Andreah Smithh
BP-2026-2170,ADM-1396,Wesley Onyango,Grade 6 B,Term 3,2026,5200,M-PESA,QWH-44434,Felix Onyango,2026-09-27,Andreah Smithh
BP-2026-2171,ADM-1397,Donald Obiero,Grade 6 B,Term 1,2026,11400,Bank Transfer,RTN-20829,James Obiero,2026-01-19,Andreah Smithh
BP-2026-2172,ADM-1397,Donald Obiero,Grade 6 B,Term 1,2026,18600,M-PESA,QWH-83197,James Obiero,2026-01-24,Andreah Smithh
BP-2026-2173,ADM-1397,Donald Obiero,Grade 6 B,Term 3,2026,2100,Cash,CSH-97673,James Obiero,2026-09-24,Rebecca Wanjala
BP-2026-2174,ADM-1397,Donald Obiero,Grade 6 B,Term 3,2026,3300,M-PESA,QWH-61330,James Obiero,2026-10-15,Rebecca Wanjala
BP-2026-2175,ADM-1398,Daniel Nandwa,Grade 6 B,Term 1,2026,12600,Cheque,CHQ-13770,Irene Nandwa,2026-01-11,Andreah Smithh
BP-2026-2176,ADM-1398,Daniel Nandwa,Grade 6 B,Term 1,2026,7900,Cheque,CHQ-89877,Irene Nandwa,2026-01-31,Rebecca Wanjala
BP-2026-2177,ADM-1398,Daniel Nandwa,Grade 6 B,Term 1,2026,9500,Cheque,CHQ-21948,Irene Nandwa,2026-02-15,Monica Wanjiru
BP-2026-2178,ADM-1398,Daniel Nandwa,Grade 6 B,Term 2,2026,15000,Cheque,CHQ-30965,Irene Nandwa,2026-05-10,Monica Wanjiru
BP-2026-2179,ADM-1398,Daniel Nandwa,Grade 6 B,Term 3,2026,9000,Bank Transfer,RTN-26061,Irene Nandwa,2026-09-21,Rebecca Wanjala
BP-2026-2180,ADM-1399,Ibrahim Wambua,Grade 6 B,Term 1,2026,30000,Bank Transfer,RTN-80181,Amos Wambua,2026-01-09,Andreah Smithh
BP-2026-2181,ADM-1399,Ibrahim Wambua,Grade 6 B,Term 2,2026,2100,Bank Transfer,RTN-79055,Amos Wambua,2026-05-27,Rebecca Wanjala
BP-2026-2182,ADM-1399,Ibrahim Wambua,Grade 6 B,Term 2,2026,2000,M-PESA,QWH-86396,Amos Wambua,2026-06-08,Andreah Smithh
BP-2026-2183,ADM-1399,Ibrahim Wambua,Grade 6 B,Term 2,2026,4000,Bank Transfer,RTN-90917,Amos Wambua,2026-06-20,Monica Wanjiru
BP-2026-2184,ADM-1399,Ibrahim Wambua,Grade 6 B,Term 3,2026,9000,Bank Transfer,RTN-47598,Amos Wambua,2026-09-24,Andreah Smithh
BP-2026-2185,ADM-1400,Grace Khisa,Grade 6 B,Term 1,2026,30000,Cheque,CHQ-42109,David Khisa,2026-02-01,Monica Wanjiru
BP-2026-2186,ADM-1400,Grace Khisa,Grade 6 B,Term 2,2026,7000,M-PESA,QWH-17116,David Khisa,2026-06-01,Andreah Smithh
BP-2026-2187,ADM-1400,Grace Khisa,Grade 6 B,Term 2,2026,8000,M-PESA,QWH-82974,David Khisa,2026-05-22,Monica Wanjiru
BP-2026-2188,ADM-1400,Grace Khisa,Grade 6 B,Term 3,2026,2500,Cheque,CHQ-11020,David Khisa,2026-09-29,Rebecca Wanjala
BP-2026-2189,ADM-1400,Grace Khisa,Grade 6 B,Term 3,2026,3700,M-PESA,QWH-51296,David Khisa,2026-10-13,Rebecca Wanjala
BP-2026-2190,ADM-1401,Nancy Anyango,Grade 6 B,Term 1,2026,42000,Cheque,CHQ-60684,Eric Anyango,2026-01-29,Monica Wanjiru
BP-2026-2191,ADM-1401,Nancy Anyango,Grade 6 B,Term 2,2026,7200,M-PESA,QWH-51085,Eric Anyango,2026-05-27,Rebecca Wanjala
BP-2026-2192,ADM-1401,Nancy Anyango,Grade 6 B,Term 2,2026,7900,M-PESA,QWH-76400,Eric Anyango,2026-05-29,Monica Wanjiru
BP-2026-2193,ADM-1401,Nancy Anyango,Grade 6 B,Term 2,2026,11900,M-PESA,QWH-49416,Eric Anyango,2026-07-04,Monica Wanjiru
BP-2026-2194,ADM-1401,Nancy Anyango,Grade 6 B,Term 3,2026,4600,Cash,CSH-37588,Eric Anyango,2026-09-30,Rebecca Wanjala
BP-2026-2195,ADM-1401,Nancy Anyango,Grade 6 B,Term 3,2026,8400,M-PESA,QWH-74347,Eric Anyango,2026-10-01,Rebecca Wanjala
BP-2026-2196,ADM-1402,Amos Kithinji,Grade 6 B,Term 1,2026,30000,Cheque,CHQ-48357,David Kithinji,2026-01-11,Andreah Smithh
BP-2026-2197,ADM-1402,Amos Kithinji,Grade 6 B,Term 2,2026,15000,M-PESA,QWH-60952,David Kithinji,2026-05-25,Rebecca Wanjala
BP-2026-2198,ADM-1402,Amos Kithinji,Grade 6 B,Term 3,2026,3500,Cash,CSH-55171,David Kithinji,2026-09-22,Andreah Smithh
BP-2026-2199,ADM-1403,Kevin Barasa,Grade 6 B,Term 1,2026,12400,M-PESA,QWH-61619,Agnes Barasa,2026-01-14,Rebecca Wanjala
BP-2026-2200,ADM-1403,Kevin Barasa,Grade 6 B,Term 1,2026,17000,Bank Transfer,RTN-93578,Agnes Barasa,2026-01-25,Monica Wanjiru
BP-2026-2201,ADM-1403,Kevin Barasa,Grade 6 B,Term 2,2026,6200,Cash,CSH-14895,Agnes Barasa,2026-05-10,Andreah Smithh
BP-2026-2202,ADM-1403,Kevin Barasa,Grade 6 B,Term 2,2026,5100,M-PESA,QWH-30867,Agnes Barasa,2026-06-13,Monica Wanjiru
BP-2026-2203,ADM-1403,Kevin Barasa,Grade 6 B,Term 3,2026,6600,Cash,CSH-81800,Agnes Barasa,2026-09-18,Andreah Smithh
BP-2026-2204,ADM-1403,Kevin Barasa,Grade 6 B,Term 3,2026,3100,Cash,CSH-47143,Agnes Barasa,2026-10-11,Rebecca Wanjala
BP-2026-2205,ADM-1403,Kevin Barasa,Grade 6 B,Term 3,2026,2900,Cash,CSH-54647,Agnes Barasa,2026-10-30,Rebecca Wanjala
BP-2026-2206,ADM-1404,Felix Owuor,Grade 6 B,Term 1,2026,30000,Cash,CSH-98990,Mark Owuor,2026-01-10,Monica Wanjiru
BP-2026-2207,ADM-1404,Felix Owuor,Grade 6 B,Term 2,2026,4800,Bank Transfer,RTN-49391,Mark Owuor,2026-05-07,Rebecca Wanjala
BP-2026-2208,ADM-1404,Felix Owuor,Grade 6 B,Term 2,2026,14200,Cash,CSH-15255,Mark Owuor,2026-06-04,Rebecca Wanjala
BP-2026-2209,ADM-1404,Felix Owuor,Grade 6 B,Term 3,2026,1400,Bank Transfer,RTN-23068,Mark Owuor,2026-09-27,Rebecca Wanjala
BP-2026-2210,ADM-1404,Felix Owuor,Grade 6 B,Term 3,2026,1700,Cash,CSH-76237,Mark Owuor,2026-09-26,Monica Wanjiru
BP-2026-2211,ADM-1404,Felix Owuor,Grade 6 B,Term 3,2026,1900,M-PESA,QWH-39727,Mark Owuor,2026-10-26,Monica Wanjiru
BP-2026-2212,ADM-1405,Patrick Kombo,Grade 6 B,Term 1,2026,15700,Bank Transfer,RTN-36008,Maureen Kombo,2026-01-29,Andreah Smithh
BP-2026-2213,ADM-1405,Patrick Kombo,Grade 6 B,Term 1,2026,17300,Cash,CSH-55255,Maureen Kombo,2026-02-12,Monica Wanjiru
BP-2026-2214,ADM-1405,Patrick Kombo,Grade 6 B,Term 2,2026,5100,Bank Transfer,RTN-67202,Maureen Kombo,2026-05-14,Monica Wanjiru
BP-2026-2215,ADM-1405,Patrick Kombo,Grade 6 B,Term 2,2026,2600,M-PESA,QWH-71084,Maureen Kombo,2026-06-03,Monica Wanjiru
BP-2026-2216,ADM-1405,Patrick Kombo,Grade 6 B,Term 2,2026,4300,M-PESA,QWH-10121,Maureen Kombo,2026-06-23,Andreah Smithh
BP-2026-2217,ADM-1406,Beth Kilonzo,Grade 6 B,Term 1,2026,13100,Cash,CSH-58096,Ian Kilonzo,2026-01-24,Monica Wanjiru
BP-2026-2218,ADM-1406,Beth Kilonzo,Grade 6 B,Term 1,2026,16900,Bank Transfer,RTN-37440,Ian Kilonzo,2026-02-01,Monica Wanjiru
BP-2026-2219,ADM-1406,Beth Kilonzo,Grade 6 B,Term 2,2026,7100,Cash,CSH-36965,Ian Kilonzo,2026-05-11,Rebecca Wanjala
BP-2026-2220,ADM-1406,Beth Kilonzo,Grade 6 B,Term 2,2026,8900,M-PESA,QWH-62181,Ian Kilonzo,2026-06-17,Andreah Smithh
BP-2026-2221,ADM-1406,Beth Kilonzo,Grade 6 B,Term 3,2026,3800,Cash,CSH-96774,Ian Kilonzo,2026-09-12,Andreah Smithh
BP-2026-2222,ADM-1407,Karen Adhiambo,Grade 6 B,Term 1,2026,30000,Cash,CSH-97985,Mark Adhiambo,2026-01-15,Andreah Smithh
BP-2026-2223,ADM-1407,Karen Adhiambo,Grade 6 B,Term 2,2026,8100,M-PESA,QWH-24961,Mark Adhiambo,2026-05-18,Rebecca Wanjala
BP-2026-2224,ADM-1407,Karen Adhiambo,Grade 6 B,Term 2,2026,3800,Bank Transfer,RTN-70302,Mark Adhiambo,2026-06-08,Rebecca Wanjala
BP-2026-2225,ADM-1407,Karen Adhiambo,Grade 6 B,Term 2,2026,3100,Cash,CSH-73261,Mark Adhiambo,2026-06-10,Monica Wanjiru
BP-2026-2226,ADM-1407,Karen Adhiambo,Grade 6 B,Term 3,2026,3400,Bank Transfer,RTN-24590,Mark Adhiambo,2026-09-13,Andreah Smithh
BP-2026-2227,ADM-1408,Joshua Leshan,Grade 6 B,Term 1,2026,30000,Bank Transfer,RTN-82444,Samuel Leshan,2026-01-22,Andreah Smithh
BP-2026-2228,ADM-1408,Joshua Leshan,Grade 6 B,Term 2,2026,6800,Cash,CSH-57241,Samuel Leshan,2026-05-15,Rebecca Wanjala
BP-2026-2229,ADM-1408,Joshua Leshan,Grade 6 B,Term 2,2026,8200,Bank Transfer,RTN-32105,Samuel Leshan,2026-05-25,Monica Wanjiru
BP-2026-2230,ADM-1408,Joshua Leshan,Grade 6 B,Term 3,2026,2300,Bank Transfer,RTN-16103,Samuel Leshan,2026-09-26,Monica Wanjiru
BP-2026-2231,ADM-1408,Joshua Leshan,Grade 6 B,Term 3,2026,3100,Cash,CSH-45068,Samuel Leshan,2026-10-08,Andreah Smithh
BP-2026-2232,ADM-1409,Eunice Bunoro,Grade 6 B,Term 1,2026,7800,M-PESA,QWH-37866,Benjamin Bunoro,2026-01-23,Rebecca Wanjala
BP-2026-2233,ADM-1409,Eunice Bunoro,Grade 6 B,Term 1,2026,22200,Bank Transfer,RTN-38225,Benjamin Bunoro,2026-02-05,Rebecca Wanjala
BP-2026-2234,ADM-1409,Eunice Bunoro,Grade 6 B,Term 2,2026,15000,Cash,CSH-60805,Benjamin Bunoro,2026-05-14,Andreah Smithh
BP-2026-2235,ADM-1409,Eunice Bunoro,Grade 6 B,Term 3,2026,3000,Bank Transfer,RTN-35771,Benjamin Bunoro,2026-10-05,Andreah Smithh
BP-2026-2236,ADM-1409,Eunice Bunoro,Grade 6 B,Term 3,2026,6000,M-PESA,QWH-54276,Benjamin Bunoro,2026-10-06,Monica Wanjiru
BP-2026-2237,ADM-1410,Karen Choge,Grade 6 B,Term 1,2026,17500,Cash,CSH-67627,Harrison Choge,2026-01-15,Monica Wanjiru
BP-2026-2238,ADM-1410,Karen Choge,Grade 6 B,Term 1,2026,6100,Cash,CSH-82710,Harrison Choge,2026-01-25,Rebecca Wanjala
BP-2026-2239,ADM-1410,Karen Choge,Grade 6 B,Term 1,2026,5000,Cash,CSH-95503,Harrison Choge,2026-03-01,Rebecca Wanjala
BP-2026-2240,ADM-1410,Karen Choge,Grade 6 B,Term 1,2026,12400,M-PESA,QWH-65607,Harrison Choge,2026-02-25,Monica Wanjiru
BP-2026-2241,ADM-1410,Karen Choge,Grade 6 B,Term 2,2026,26000,Cheque,CHQ-72325,Harrison Choge,2026-05-22,Monica Wanjiru
BP-2026-2242,ADM-1410,Karen Choge,Grade 6 B,Term 3,2026,10400,M-PESA,QWH-50924,Harrison Choge,2026-09-25,Monica Wanjiru
BP-2026-2243,ADM-1410,Karen Choge,Grade 6 B,Term 3,2026,9600,Bank Transfer,RTN-57830,Harrison Choge,2026-09-28,Andreah Smithh
BP-2026-2244,ADM-1411,Priscilla Owino,Grade 6 B,Term 1,2026,8900,Bank Transfer,RTN-12668,Purity Owino,2026-01-22,Monica Wanjiru
BP-2026-2245,ADM-1411,Priscilla Owino,Grade 6 B,Term 1,2026,5700,Cash,CSH-89681,Purity Owino,2026-02-10,Andreah Smithh
BP-2026-2246,ADM-1411,Priscilla Owino,Grade 6 B,Term 1,2026,15400,Cash,CSH-14904,Purity Owino,2026-02-09,Monica Wanjiru
BP-2026-2247,ADM-1411,Priscilla Owino,Grade 6 B,Term 2,2026,7300,Cash,CSH-78845,Purity Owino,2026-05-28,Andreah Smithh
BP-2026-2248,ADM-1411,Priscilla Owino,Grade 6 B,Term 2,2026,7700,Cheque,CHQ-72970,Purity Owino,2026-05-22,Andreah Smithh
BP-2026-2249,ADM-1412,Moses Khaemba,Grade 6 B,Term 1,2026,13700,M-PESA,QWH-76168,Hillary Khaemba,2026-01-30,Andreah Smithh
BP-2026-2250,ADM-1412,Moses Khaemba,Grade 6 B,Term 1,2026,9400,M-PESA,QWH-50812,Hillary Khaemba,2026-01-22,Monica Wanjiru
BP-2026-2251,ADM-1412,Moses Khaemba,Grade 6 B,Term 1,2026,8900,Cash,CSH-49365,Hillary Khaemba,2026-02-19,Monica Wanjiru
BP-2026-2252,ADM-1412,Moses Khaemba,Grade 6 B,Term 2,2026,3900,Bank Transfer,RTN-61609,Hillary Khaemba,2026-05-25,Rebecca Wanjala
BP-2026-2253,ADM-1412,Moses Khaemba,Grade 6 B,Term 2,2026,9100,Bank Transfer,RTN-95166,Hillary Khaemba,2026-05-27,Monica Wanjiru
BP-2026-2254,ADM-1413,Beth Kimutai,Grade 6 B,Term 1,2026,30000,Cash,CSH-48740,Julius Kimutai,2026-01-20,Rebecca Wanjala
BP-2026-2255,ADM-1413,Beth Kimutai,Grade 6 B,Term 2,2026,15000,Cheque,CHQ-88101,Julius Kimutai,2026-05-12,Andreah Smithh
BP-2026-2256,ADM-1413,Beth Kimutai,Grade 6 B,Term 3,2026,2600,M-PESA,QWH-25041,Julius Kimutai,2026-09-17,Monica Wanjiru
BP-2026-2257,ADM-1413,Beth Kimutai,Grade 6 B,Term 3,2026,1000,Bank Transfer,RTN-97349,Julius Kimutai,2026-10-12,Andreah Smithh
BP-2026-2258,ADM-1413,Beth Kimutai,Grade 6 B,Term 3,2026,2500,Cash,CSH-32040,Julius Kimutai,2026-10-15,Rebecca Wanjala
BP-2026-2259,ADM-1414,Timothy Kioko,Grade 6 B,Term 1,2026,12600,Cash,CSH-82050,Stephen Kioko,2026-01-26,Monica Wanjiru
BP-2026-2260,ADM-1414,Timothy Kioko,Grade 6 B,Term 1,2026,4500,Cheque,CHQ-74649,Stephen Kioko,2026-02-12,Andreah Smithh
BP-2026-2261,ADM-1414,Timothy Kioko,Grade 6 B,Term 1,2026,12900,Bank Transfer,RTN-11970,Stephen Kioko,2026-02-13,Andreah Smithh
BP-2026-2262,ADM-1414,Timothy Kioko,Grade 6 B,Term 2,2026,15000,Cash,CSH-17691,Stephen Kioko,2026-05-23,Rebecca Wanjala
BP-2026-2263,ADM-1414,Timothy Kioko,Grade 6 B,Term 3,2026,4900,M-PESA,QWH-56564,Stephen Kioko,2026-09-25,Monica Wanjiru
BP-2026-2264,ADM-1415,Winnie Ruto,Grade 6 B,Term 1,2026,16200,M-PESA,QWH-37193,Elijah Ruto,2026-01-25,Monica Wanjiru
BP-2026-2265,ADM-1415,Winnie Ruto,Grade 6 B,Term 1,2026,13800,M-PESA,QWH-89285,Elijah Ruto,2026-02-03,Monica Wanjiru
BP-2026-2266,ADM-1415,Winnie Ruto,Grade 6 B,Term 2,2026,5600,Cash,CSH-64564,Elijah Ruto,2026-05-25,Andreah Smithh
BP-2026-2267,ADM-1415,Winnie Ruto,Grade 6 B,Term 2,2026,2300,M-PESA,QWH-24396,Elijah Ruto,2026-06-05,Rebecca Wanjala
BP-2026-2268,ADM-1415,Winnie Ruto,Grade 6 B,Term 2,2026,2500,Cash,CSH-56955,Elijah Ruto,2026-06-13,Rebecca Wanjala
BP-2026-2269,ADM-1416,Daniel Omondi,Grade 6 B,Term 1,2026,30000,Cash,CSH-92758,Daniel Omondi,2026-01-20,Monica Wanjiru
BP-2026-2270,ADM-1416,Daniel Omondi,Grade 6 B,Term 2,2026,8200,Cheque,CHQ-87829,Daniel Omondi,2026-06-02,Monica Wanjiru
BP-2026-2271,ADM-1416,Daniel Omondi,Grade 6 B,Term 2,2026,6800,M-PESA,QWH-25616,Daniel Omondi,2026-06-01,Monica Wanjiru
BP-2026-2272,ADM-1417,Hannah Muthoka,Grade 6 B,Term 1,2026,12000,M-PESA,QWH-52262,Kennedy Muthoka,2026-02-02,Monica Wanjiru
BP-2026-2273,ADM-1417,Hannah Muthoka,Grade 6 B,Term 1,2026,18000,Bank Transfer,RTN-82037,Kennedy Muthoka,2026-02-12,Rebecca Wanjala
BP-2026-2274,ADM-1417,Hannah Muthoka,Grade 6 B,Term 2,2026,15000,Bank Transfer,RTN-17462,Kennedy Muthoka,2026-05-14,Monica Wanjiru
BP-2026-2275,ADM-1417,Hannah Muthoka,Grade 6 B,Term 3,2026,9000,Bank Transfer,RTN-15097,Kennedy Muthoka,2026-09-12,Rebecca Wanjala
BP-2026-2276,ADM-1418,Gideon Omollo,Grade 6 B,Term 1,2026,14600,M-PESA,QWH-37239,Sarah Omollo,2026-01-26,Monica Wanjiru
BP-2026-2277,ADM-1418,Gideon Omollo,Grade 6 B,Term 1,2026,19400,M-PESA,QWH-79796,Sarah Omollo,2026-02-07,Rebecca Wanjala
BP-2026-2278,ADM-1418,Gideon Omollo,Grade 6 B,Term 2,2026,13000,Cheque,CHQ-23353,Sarah Omollo,2026-05-12,Andreah Smithh
BP-2026-2279,ADM-1418,Gideon Omollo,Grade 6 B,Term 3,2026,1400,M-PESA,QWH-66464,Sarah Omollo,2026-10-02,Andreah Smithh
BP-2026-2280,ADM-1418,Gideon Omollo,Grade 6 B,Term 3,2026,1300,Cash,CSH-97301,Sarah Omollo,2026-10-15,Andreah Smithh
BP-2026-2281,ADM-1418,Gideon Omollo,Grade 6 B,Term 3,2026,1200,M-PESA,QWH-98065,Sarah Omollo,2026-10-10,Rebecca Wanjala
BP-2026-2282,ADM-1419,Catherine Zawadi,Grade 7 A,Term 1,2026,30000,M-PESA,QWH-47680,Francis Zawadi,2026-02-02,Monica Wanjiru
BP-2026-2283,ADM-1419,Catherine Zawadi,Grade 7 A,Term 2,2026,17000,Bank Transfer,RTN-57364,Francis Zawadi,2026-05-24,Andreah Smithh
BP-2026-2284,ADM-1419,Catherine Zawadi,Grade 7 A,Term 3,2026,3500,Cheque,CHQ-80144,Francis Zawadi,2026-09-29,Andreah Smithh
BP-2026-2285,ADM-1419,Catherine Zawadi,Grade 7 A,Term 3,2026,1700,Cash,CSH-61160,Francis Zawadi,2026-10-13,Andreah Smithh
BP-2026-2286,ADM-1419,Catherine Zawadi,Grade 7 A,Term 3,2026,1800,Cash,CSH-60548,Francis Zawadi,2026-10-19,Andreah Smithh
BP-2026-2287,ADM-1420,Nancy Maundu,Grade 7 A,Term 1,2026,12000,M-PESA,QWH-65380,Emmanuel Maundu,2026-01-12,Rebecca Wanjala
BP-2026-2288,ADM-1420,Nancy Maundu,Grade 7 A,Term 1,2026,10200,Bank Transfer,RTN-18635,Emmanuel Maundu,2026-01-23,Monica Wanjiru
BP-2026-2289,ADM-1420,Nancy Maundu,Grade 7 A,Term 2,2026,15000,Cash,CSH-95450,Emmanuel Maundu,2026-05-13,Monica Wanjiru
BP-2026-2290,ADM-1420,Nancy Maundu,Grade 7 A,Term 3,2026,6300,M-PESA,QWH-44170,Emmanuel Maundu,2026-09-17,Monica Wanjiru
BP-2026-2291,ADM-1421,Nicholas Njeru,Grade 7 A,Term 1,2026,14400,Bank Transfer,RTN-71477,Beth Njeru,2026-01-31,Rebecca Wanjala
BP-2026-2292,ADM-1421,Nicholas Njeru,Grade 7 A,Term 2,2026,4400,M-PESA,QWH-84165,Beth Njeru,2026-05-11,Andreah Smithh
BP-2026-2293,ADM-1421,Nicholas Njeru,Grade 7 A,Term 2,2026,3000,Cash,CSH-10057,Beth Njeru,2026-05-23,Rebecca Wanjala
BP-2026-2294,ADM-1421,Nicholas Njeru,Grade 7 A,Term 2,2026,5800,Cash,CSH-92150,Beth Njeru,2026-06-29,Andreah Smithh
BP-2026-2295,ADM-1422,Godfrey Nzioka,Grade 7 A,Term 1,2026,44000,Bank Transfer,RTN-66972,Nicholas Nzioka,2026-02-03,Andreah Smithh
BP-2026-2296,ADM-1422,Godfrey Nzioka,Grade 7 A,Term 2,2026,29000,Cheque,CHQ-51375,Nicholas Nzioka,2026-05-23,Monica Wanjiru
BP-2026-2297,ADM-1422,Godfrey Nzioka,Grade 7 A,Term 3,2026,6500,M-PESA,QWH-65823,Nicholas Nzioka,2026-09-25,Andreah Smithh
BP-2026-2298,ADM-1422,Godfrey Nzioka,Grade 7 A,Term 3,2026,16500,Cheque,CHQ-16714,Nicholas Nzioka,2026-10-05,Rebecca Wanjala
BP-2026-2299,ADM-1423,Sophia Ruto,Grade 7 A,Term 1,2026,30000,Bank Transfer,RTN-16092,Wesley Ruto,2026-01-12,Rebecca Wanjala
BP-2026-2300,ADM-1423,Sophia Ruto,Grade 7 A,Term 2,2026,5600,M-PESA,QWH-39612,Wesley Ruto,2026-06-01,Rebecca Wanjala
BP-2026-2301,ADM-1423,Sophia Ruto,Grade 7 A,Term 2,2026,9400,Cash,CSH-69320,Wesley Ruto,2026-06-07,Rebecca Wanjala
BP-2026-2302,ADM-1423,Sophia Ruto,Grade 7 A,Term 3,2026,5000,M-PESA,QWH-50837,Wesley Ruto,2026-10-02,Rebecca Wanjala
BP-2026-2303,ADM-1424,Olivia Chemtai,Grade 7 A,Term 1,2026,21000,Bank Transfer,RTN-50416,Dennis Chemtai,2026-01-21,Rebecca Wanjala
BP-2026-2304,ADM-1424,Olivia Chemtai,Grade 7 A,Term 2,2026,18000,Bank Transfer,RTN-76414,Dennis Chemtai,2026-05-12,Monica Wanjiru
BP-2026-2305,ADM-1425,Amara Odera,Grade 7 A,Term 1,2026,8400,M-PESA,QWH-98982,Nancy Odera,2026-01-30,Andreah Smithh
BP-2026-2306,ADM-1425,Amara Odera,Grade 7 A,Term 1,2026,21600,Cash,CSH-78622,Nancy Odera,2026-01-22,Monica Wanjiru
BP-2026-2307,ADM-1425,Amara Odera,Grade 7 A,Term 2,2026,4200,Cash,CSH-89934,Nancy Odera,2026-05-31,Andreah Smithh
BP-2026-2308,ADM-1425,Amara Odera,Grade 7 A,Term 2,2026,3800,Bank Transfer,RTN-75096,Nancy Odera,2026-06-08,Monica Wanjiru
BP-2026-2309,ADM-1425,Amara Odera,Grade 7 A,Term 2,2026,7000,Cash,CSH-16814,Nancy Odera,2026-07-05,Rebecca Wanjala
BP-2026-2310,ADM-1426,Hellen Sichangi,Grade 7 A,Term 1,2026,15900,Cash,CSH-19782,Nicholas Sichangi,2026-01-29,Monica Wanjiru
BP-2026-2311,ADM-1426,Hellen Sichangi,Grade 7 A,Term 1,2026,6000,M-PESA,QWH-41066,Nicholas Sichangi,2026-02-10,Andreah Smithh
BP-2026-2312,ADM-1426,Hellen Sichangi,Grade 7 A,Term 1,2026,3200,M-PESA,QWH-34658,Nicholas Sichangi,2026-02-16,Monica Wanjiru
BP-2026-2313,ADM-1426,Hellen Sichangi,Grade 7 A,Term 1,2026,5900,Bank Transfer,RTN-71559,Nicholas Sichangi,2026-03-08,Andreah Smithh
BP-2026-2314,ADM-1426,Hellen Sichangi,Grade 7 A,Term 2,2026,14000,Bank Transfer,RTN-55305,Nicholas Sichangi,2026-05-20,Monica Wanjiru
BP-2026-2315,ADM-1426,Hellen Sichangi,Grade 7 A,Term 3,2026,3800,Cash,CSH-69787,Nicholas Sichangi,2026-09-24,Andreah Smithh
BP-2026-2316,ADM-1427,David Omollo,Grade 7 A,Term 2,2026,7600,M-PESA,QWH-65992,Ibrahim Omollo,2026-05-17,Monica Wanjiru
BP-2026-2317,ADM-1427,David Omollo,Grade 7 A,Term 2,2026,2400,Cheque,CHQ-53883,Ibrahim Omollo,2026-05-30,Andreah Smithh
BP-2026-2318,ADM-1427,David Omollo,Grade 7 A,Term 2,2026,5000,Bank Transfer,RTN-71076,Ibrahim Omollo,2026-06-28,Monica Wanjiru
BP-2026-2319,ADM-1427,David Omollo,Grade 7 A,Term 3,2026,1400,Bank Transfer,RTN-72701,Ibrahim Omollo,2026-09-18,Andreah Smithh
BP-2026-2320,ADM-1427,David Omollo,Grade 7 A,Term 3,2026,3100,Bank Transfer,RTN-67463,Ibrahim Omollo,2026-10-13,Andreah Smithh
BP-2026-2321,ADM-1428,Kennedy Kaelo,Grade 7 A,Term 1,2026,30000,M-PESA,QWH-24817,Gideon Kaelo,2026-01-10,Andreah Smithh
BP-2026-2322,ADM-1428,Kennedy Kaelo,Grade 7 A,Term 2,2026,6100,M-PESA,QWH-70470,Gideon Kaelo,2026-05-30,Rebecca Wanjala
BP-2026-2323,ADM-1428,Kennedy Kaelo,Grade 7 A,Term 2,2026,8900,M-PESA,QWH-68876,Gideon Kaelo,2026-05-30,Monica Wanjiru
BP-2026-2324,ADM-1429,Kevin Chemtai,Grade 7 A,Term 1,2026,10700,Cheque,CHQ-89133,Kiplangat Chemtai,2026-01-27,Rebecca Wanjala
BP-2026-2325,ADM-1429,Kevin Chemtai,Grade 7 A,Term 1,2026,9600,Cheque,CHQ-16915,Kiplangat Chemtai,2026-02-08,Monica Wanjiru
BP-2026-2326,ADM-1429,Kevin Chemtai,Grade 7 A,Term 1,2026,9700,Cash,CSH-77683,Kiplangat Chemtai,2026-02-28,Andreah Smithh
BP-2026-2327,ADM-1429,Kevin Chemtai,Grade 7 A,Term 2,2026,5000,Cash,CSH-98016,Kiplangat Chemtai,2026-05-27,Rebecca Wanjala
BP-2026-2328,ADM-1429,Kevin Chemtai,Grade 7 A,Term 2,2026,3800,M-PESA,QWH-92895,Kiplangat Chemtai,2026-05-25,Monica Wanjiru
BP-2026-2329,ADM-1429,Kevin Chemtai,Grade 7 A,Term 2,2026,6200,Cheque,CHQ-42883,Kiplangat Chemtai,2026-07-05,Rebecca Wanjala
BP-2026-2330,ADM-1429,Kevin Chemtai,Grade 7 A,Term 3,2026,2700,Cash,CSH-64416,Kiplangat Chemtai,2026-09-25,Rebecca Wanjala
BP-2026-2331,ADM-1429,Kevin Chemtai,Grade 7 A,Term 3,2026,1200,Bank Transfer,RTN-73597,Kiplangat Chemtai,2026-10-03,Andreah Smithh
BP-2026-2332,ADM-1429,Kevin Chemtai,Grade 7 A,Term 3,2026,2300,Cash,CSH-54879,Kiplangat Chemtai,2026-10-10,Monica Wanjiru
BP-2026-2333,ADM-1430,Francis Okello,Grade 7 A,Term 1,2026,13400,M-PESA,QWH-76747,Martin Okello,2026-01-09,Andreah Smithh
BP-2026-2334,ADM-1430,Francis Okello,Grade 7 A,Term 1,2026,7600,Cheque,CHQ-97410,Martin Okello,2026-02-04,Andreah Smithh
BP-2026-2335,ADM-1430,Francis Okello,Grade 7 A,Term 1,2026,9000,Bank Transfer,RTN-26553,Martin Okello,2026-02-20,Andreah Smithh
BP-2026-2336,ADM-1430,Francis Okello,Grade 7 A,Term 2,2026,3100,Bank Transfer,RTN-24732,Martin Okello,2026-05-18,Rebecca Wanjala
BP-2026-2337,ADM-1430,Francis Okello,Grade 7 A,Term 2,2026,8900,M-PESA,QWH-44852,Martin Okello,2026-06-17,Monica Wanjiru
BP-2026-2338,ADM-1430,Francis Okello,Grade 7 A,Term 3,2026,3600,Bank Transfer,RTN-12352,Martin Okello,2026-09-14,Andreah Smithh
BP-2026-2339,ADM-1430,Francis Okello,Grade 7 A,Term 3,2026,1900,M-PESA,QWH-93744,Martin Okello,2026-10-19,Monica Wanjiru
BP-2026-2340,ADM-1430,Francis Okello,Grade 7 A,Term 3,2026,3500,Cheque,CHQ-28479,Martin Okello,2026-10-17,Andreah Smithh
BP-2026-2341,ADM-1431,Charity Owino,Grade 7 A,Term 1,2026,8100,Bank Transfer,RTN-85115,Cynthia Owino,2026-01-22,Rebecca Wanjala
BP-2026-2342,ADM-1431,Charity Owino,Grade 7 A,Term 1,2026,5800,Bank Transfer,RTN-22590,Cynthia Owino,2026-01-26,Andreah Smithh
BP-2026-2343,ADM-1431,Charity Owino,Grade 7 A,Term 1,2026,16100,Cash,CSH-37247,Cynthia Owino,2026-02-22,Andreah Smithh
BP-2026-2344,ADM-1431,Charity Owino,Grade 7 A,Term 2,2026,7500,M-PESA,QWH-64839,Cynthia Owino,2026-05-17,Rebecca Wanjala
BP-2026-2345,ADM-1431,Charity Owino,Grade 7 A,Term 2,2026,7500,M-PESA,QWH-11880,Cynthia Owino,2026-06-14,Rebecca Wanjala
BP-2026-2346,ADM-1431,Charity Owino,Grade 7 A,Term 3,2026,9000,Cash,CSH-61105,Cynthia Owino,2026-09-23,Monica Wanjiru
BP-2026-2347,ADM-1432,Elijah Ochieng,Grade 7 A,Term 1,2026,14700,Cheque,CHQ-56639,Julius Ochieng,2026-01-21,Andreah Smithh
BP-2026-2348,ADM-1432,Elijah Ochieng,Grade 7 A,Term 1,2026,15300,M-PESA,QWH-90731,Julius Ochieng,2026-01-24,Rebecca Wanjala
BP-2026-2349,ADM-1432,Elijah Ochieng,Grade 7 A,Term 2,2026,7800,Cash,CSH-53490,Julius Ochieng,2026-05-28,Andreah Smithh
BP-2026-2350,ADM-1432,Elijah Ochieng,Grade 7 A,Term 2,2026,3700,Cash,CSH-12267,Julius Ochieng,2026-06-13,Andreah Smithh
BP-2026-2351,ADM-1432,Elijah Ochieng,Grade 7 A,Term 2,2026,3500,Cash,CSH-16981,Julius Ochieng,2026-06-12,Rebecca Wanjala
BP-2026-2352,ADM-1432,Elijah Ochieng,Grade 7 A,Term 3,2026,1100,M-PESA,QWH-27273,Julius Ochieng,2026-09-14,Rebecca Wanjala
BP-2026-2353,ADM-1432,Elijah Ochieng,Grade 7 A,Term 3,2026,600,Bank Transfer,RTN-90889,Julius Ochieng,2026-09-26,Rebecca Wanjala
BP-2026-2354,ADM-1432,Elijah Ochieng,Grade 7 A,Term 3,2026,1700,Bank Transfer,RTN-57529,Julius Ochieng,2026-10-30,Andreah Smithh
BP-2026-2355,ADM-1433,Olivia Pashua,Grade 7 A,Term 1,2026,40000,Cash,CSH-84419,Susan Pashua,2026-01-20,Andreah Smithh
BP-2026-2356,ADM-1433,Olivia Pashua,Grade 7 A,Term 2,2026,11600,Bank Transfer,RTN-54075,Susan Pashua,2026-05-21,Monica Wanjiru
BP-2026-2357,ADM-1433,Olivia Pashua,Grade 7 A,Term 2,2026,5400,Cheque,CHQ-17068,Susan Pashua,2026-06-03,Rebecca Wanjala
BP-2026-2358,ADM-1433,Olivia Pashua,Grade 7 A,Term 2,2026,8000,Cash,CSH-63010,Susan Pashua,2026-06-26,Monica Wanjiru
BP-2026-2359,ADM-1433,Olivia Pashua,Grade 7 A,Term 3,2026,5200,Bank Transfer,RTN-85961,Susan Pashua,2026-09-20,Rebecca Wanjala
BP-2026-2360,ADM-1433,Olivia Pashua,Grade 7 A,Term 3,2026,13800,Cash,CSH-49501,Susan Pashua,2026-10-17,Rebecca Wanjala
BP-2026-2361,ADM-1434,Fridah Obiero,Grade 7 A,Term 1,2026,13600,Bank Transfer,RTN-59297,Dennis Obiero,2026-01-26,Monica Wanjiru
BP-2026-2362,ADM-1434,Fridah Obiero,Grade 7 A,Term 1,2026,16400,Bank Transfer,RTN-86138,Dennis Obiero,2026-02-14,Rebecca Wanjala
BP-2026-2363,ADM-1434,Fridah Obiero,Grade 7 A,Term 2,2026,15000,Cash,CSH-92264,Dennis Obiero,2026-05-23,Rebecca Wanjala
BP-2026-2364,ADM-1434,Fridah Obiero,Grade 7 A,Term 3,2026,1000,Cash,CSH-57353,Dennis Obiero,2026-09-30,Monica Wanjiru
BP-2026-2365,ADM-1434,Fridah Obiero,Grade 7 A,Term 3,2026,1000,Cash,CSH-50030,Dennis Obiero,2026-09-29,Rebecca Wanjala
BP-2026-2366,ADM-1434,Fridah Obiero,Grade 7 A,Term 3,2026,1200,Bank Transfer,RTN-49362,Dennis Obiero,2026-10-11,Monica Wanjiru
BP-2026-2367,ADM-1435,Julia Wanjiku,Grade 7 A,Term 1,2026,15600,Bank Transfer,RTN-84380,Caroline Wanjiku,2026-01-11,Andreah Smithh
BP-2026-2368,ADM-1435,Julia Wanjiku,Grade 7 A,Term 1,2026,5900,M-PESA,QWH-52684,Caroline Wanjiku,2026-02-05,Monica Wanjiru
BP-2026-2369,ADM-1435,Julia Wanjiku,Grade 7 A,Term 1,2026,8500,M-PESA,QWH-53233,Caroline Wanjiku,2026-02-15,Rebecca Wanjala
BP-2026-2370,ADM-1435,Julia Wanjiku,Grade 7 A,Term 2,2026,7200,M-PESA,QWH-57833,Caroline Wanjiku,2026-05-25,Monica Wanjiru
BP-2026-2371,ADM-1435,Julia Wanjiku,Grade 7 A,Term 2,2026,7800,M-PESA,QWH-42055,Caroline Wanjiku,2026-05-23,Rebecca Wanjala
BP-2026-2372,ADM-1435,Julia Wanjiku,Grade 7 A,Term 3,2026,2700,Cash,CSH-68350,Caroline Wanjiku,2026-09-26,Monica Wanjiru
BP-2026-2373,ADM-1435,Julia Wanjiku,Grade 7 A,Term 3,2026,6300,Bank Transfer,RTN-91317,Caroline Wanjiku,2026-10-07,Andreah Smithh
BP-2026-2374,ADM-1436,Felix Odhiambo,Grade 7 A,Term 1,2026,30000,Cash,CSH-54463,William Odhiambo,2026-01-31,Monica Wanjiru
BP-2026-2375,ADM-1436,Felix Odhiambo,Grade 7 A,Term 2,2026,2800,Cheque,CHQ-13009,William Odhiambo,2026-05-30,Rebecca Wanjala
BP-2026-2376,ADM-1436,Felix Odhiambo,Grade 7 A,Term 2,2026,7300,Cheque,CHQ-88199,William Odhiambo,2026-05-26,Monica Wanjiru
BP-2026-2377,ADM-1436,Felix Odhiambo,Grade 7 A,Term 3,2026,3600,M-PESA,QWH-26744,William Odhiambo,2026-09-21,Andreah Smithh
BP-2026-2378,ADM-1436,Felix Odhiambo,Grade 7 A,Term 3,2026,5400,Bank Transfer,RTN-97626,William Odhiambo,2026-10-08,Monica Wanjiru
BP-2026-2379,ADM-1437,Karen Chemtai,Grade 7 B,Term 1,2026,19500,Cash,CSH-34898,William Chemtai,2026-01-27,Rebecca Wanjala
BP-2026-2380,ADM-1437,Karen Chemtai,Grade 7 B,Term 2,2026,7700,M-PESA,QWH-47272,William Chemtai,2026-05-24,Monica Wanjiru
BP-2026-2381,ADM-1437,Karen Chemtai,Grade 7 B,Term 2,2026,4600,M-PESA,QWH-49059,William Chemtai,2026-05-24,Monica Wanjiru
BP-2026-2382,ADM-1437,Karen Chemtai,Grade 7 B,Term 2,2026,4700,Bank Transfer,RTN-98606,William Chemtai,2026-06-26,Rebecca Wanjala
BP-2026-2383,ADM-1438,Kipchoge Omar,Grade 7 B,Term 1,2026,8300,Cash,CSH-82339,Elijah Omar,2026-01-17,Andreah Smithh
BP-2026-2384,ADM-1438,Kipchoge Omar,Grade 7 B,Term 1,2026,21700,M-PESA,QWH-69696,Elijah Omar,2026-02-12,Monica Wanjiru
BP-2026-2385,ADM-1438,Kipchoge Omar,Grade 7 B,Term 2,2026,15000,Cheque,CHQ-34171,Elijah Omar,2026-05-13,Rebecca Wanjala
BP-2026-2386,ADM-1438,Kipchoge Omar,Grade 7 B,Term 3,2026,2300,Bank Transfer,RTN-61080,Elijah Omar,2026-09-11,Rebecca Wanjala
BP-2026-2387,ADM-1438,Kipchoge Omar,Grade 7 B,Term 3,2026,2700,Bank Transfer,RTN-72041,Elijah Omar,2026-09-26,Andreah Smithh
BP-2026-2388,ADM-1439,James Kosgei,Grade 7 B,Term 1,2026,10700,M-PESA,QWH-58385,Ian Kosgei,2026-01-30,Andreah Smithh
BP-2026-2389,ADM-1439,James Kosgei,Grade 7 B,Term 1,2026,19300,M-PESA,QWH-58412,Ian Kosgei,2026-02-07,Rebecca Wanjala
BP-2026-2390,ADM-1439,James Kosgei,Grade 7 B,Term 2,2026,5500,M-PESA,QWH-20603,Ian Kosgei,2026-05-27,Andreah Smithh
BP-2026-2391,ADM-1439,James Kosgei,Grade 7 B,Term 2,2026,9500,M-PESA,QWH-26128,Ian Kosgei,2026-06-18,Monica Wanjiru
BP-2026-2392,ADM-1439,James Kosgei,Grade 7 B,Term 3,2026,1900,Cheque,CHQ-92633,Ian Kosgei,2026-09-29,Andreah Smithh
BP-2026-2393,ADM-1439,James Kosgei,Grade 7 B,Term 3,2026,4100,M-PESA,QWH-63662,Ian Kosgei,2026-09-26,Rebecca Wanjala
BP-2026-2394,ADM-1440,Andrew Syombua,Grade 7 B,Term 1,2026,13800,Cash,CSH-38721,Joseph Syombua,2026-01-29,Monica Wanjiru
BP-2026-2395,ADM-1440,Andrew Syombua,Grade 7 B,Term 1,2026,11400,M-PESA,QWH-76428,Joseph Syombua,2026-01-31,Rebecca Wanjala
BP-2026-2396,ADM-1440,Andrew Syombua,Grade 7 B,Term 2,2026,15000,M-PESA,QWH-27853,Joseph Syombua,2026-05-14,Andreah Smithh
BP-2026-2397,ADM-1440,Andrew Syombua,Grade 7 B,Term 3,2026,5300,Bank Transfer,RTN-52776,Joseph Syombua,2026-09-19,Rebecca Wanjala
BP-2026-2398,ADM-1441,Damaris Kinyua,Grade 7 B,Term 1,2026,10800,Cash,CSH-65525,Wesley Kinyua,2026-01-30,Monica Wanjiru
BP-2026-2399,ADM-1441,Damaris Kinyua,Grade 7 B,Term 1,2026,19200,Cash,CSH-99966,Wesley Kinyua,2026-01-28,Rebecca Wanjala
BP-2026-2400,ADM-1441,Damaris Kinyua,Grade 7 B,Term 2,2026,15000,M-PESA,QWH-67141,Wesley Kinyua,2026-05-29,Andreah Smithh
BP-2026-2401,ADM-1442,Felix Tuwei,Grade 7 B,Term 1,2026,8700,M-PESA,QWH-83180,Peninah Tuwei,2026-01-25,Rebecca Wanjala
BP-2026-2402,ADM-1442,Felix Tuwei,Grade 7 B,Term 1,2026,21300,M-PESA,QWH-24258,Peninah Tuwei,2026-02-09,Andreah Smithh
BP-2026-2403,ADM-1442,Felix Tuwei,Grade 7 B,Term 2,2026,4400,Cash,CSH-39385,Peninah Tuwei,2026-05-15,Monica Wanjiru
BP-2026-2404,ADM-1442,Felix Tuwei,Grade 7 B,Term 2,2026,5500,M-PESA,QWH-91970,Peninah Tuwei,2026-05-28,Andreah Smithh
BP-2026-2405,ADM-1442,Felix Tuwei,Grade 7 B,Term 2,2026,5100,M-PESA,QWH-58334,Peninah Tuwei,2026-07-03,Rebecca Wanjala
BP-2026-2406,ADM-1442,Felix Tuwei,Grade 7 B,Term 3,2026,3400,Cash,CSH-75664,Peninah Tuwei,2026-09-15,Rebecca Wanjala
BP-2026-2407,ADM-1442,Felix Tuwei,Grade 7 B,Term 3,2026,5600,Cheque,CHQ-45476,Peninah Tuwei,2026-09-30,Rebecca Wanjala
BP-2026-2408,ADM-1443,Teresia Tanui,Grade 7 B,Term 1,2026,30000,M-PESA,QWH-55339,Rachael Tanui,2026-01-11,Andreah Smithh
BP-2026-2409,ADM-1443,Teresia Tanui,Grade 7 B,Term 3,2026,1900,Bank Transfer,RTN-73186,Rachael Tanui,2026-09-19,Monica Wanjiru
BP-2026-2410,ADM-1443,Teresia Tanui,Grade 7 B,Term 3,2026,2200,Cash,CSH-65983,Rachael Tanui,2026-10-07,Monica Wanjiru
BP-2026-2411,ADM-1444,Benjamin Wafula,Grade 7 B,Term 1,2026,8200,Cheque,CHQ-99422,Vincent Wafula,2026-01-27,Rebecca Wanjala
BP-2026-2412,ADM-1444,Benjamin Wafula,Grade 7 B,Term 1,2026,9100,Cash,CSH-72981,Vincent Wafula,2026-01-30,Andreah Smithh
BP-2026-2413,ADM-1444,Benjamin Wafula,Grade 7 B,Term 1,2026,12700,M-PESA,QWH-97472,Vincent Wafula,2026-02-12,Rebecca Wanjala
BP-2026-2414,ADM-1444,Benjamin Wafula,Grade 7 B,Term 2,2026,4500,Bank Transfer,RTN-59741,Vincent Wafula,2026-05-29,Andreah Smithh
BP-2026-2415,ADM-1444,Benjamin Wafula,Grade 7 B,Term 2,2026,4000,Bank Transfer,RTN-78518,Vincent Wafula,2026-05-27,Rebecca Wanjala
BP-2026-2416,ADM-1444,Benjamin Wafula,Grade 7 B,Term 2,2026,6500,M-PESA,QWH-13143,Vincent Wafula,2026-06-12,Monica Wanjiru
BP-2026-2417,ADM-1444,Benjamin Wafula,Grade 7 B,Term 3,2026,3500,Cash,CSH-29028,Vincent Wafula,2026-09-14,Rebecca Wanjala
BP-2026-2418,ADM-1445,John Mwakisha,Grade 7 B,Term 1,2026,11400,Bank Transfer,RTN-44283,Trevor Mwakisha,2026-01-17,Andreah Smithh
BP-2026-2419,ADM-1445,John Mwakisha,Grade 7 B,Term 1,2026,10100,Bank Transfer,RTN-61360,Trevor Mwakisha,2026-02-17,Rebecca Wanjala
BP-2026-2420,ADM-1445,John Mwakisha,Grade 7 B,Term 1,2026,8500,M-PESA,QWH-59633,Trevor Mwakisha,2026-02-21,Monica Wanjiru
BP-2026-2421,ADM-1445,John Mwakisha,Grade 7 B,Term 2,2026,15000,M-PESA,QWH-56248,Trevor Mwakisha,2026-05-22,Rebecca Wanjala
BP-2026-2422,ADM-1445,John Mwakisha,Grade 7 B,Term 3,2026,3400,Cash,CSH-10253,Trevor Mwakisha,2026-09-14,Andreah Smithh
BP-2026-2423,ADM-1445,John Mwakisha,Grade 7 B,Term 3,2026,1800,M-PESA,QWH-28888,Trevor Mwakisha,2026-09-28,Andreah Smithh
BP-2026-2424,ADM-1445,John Mwakisha,Grade 7 B,Term 3,2026,3800,M-PESA,QWH-82570,Trevor Mwakisha,2026-10-29,Rebecca Wanjala
BP-2026-2425,ADM-1446,Julius Bunoro,Grade 7 B,Term 1,2026,30000,M-PESA,QWH-76066,Lawrence Bunoro,2026-01-24,Rebecca Wanjala
BP-2026-2426,ADM-1446,Julius Bunoro,Grade 7 B,Term 2,2026,15000,Cheque,CHQ-35832,Lawrence Bunoro,2026-05-26,Rebecca Wanjala
BP-2026-2427,ADM-1446,Julius Bunoro,Grade 7 B,Term 3,2026,1900,Cash,CSH-11330,Lawrence Bunoro,2026-09-27,Rebecca Wanjala
BP-2026-2428,ADM-1446,Julius Bunoro,Grade 7 B,Term 3,2026,2800,M-PESA,QWH-46667,Lawrence Bunoro,2026-10-07,Andreah Smithh
BP-2026-2429,ADM-1447,Kipchoge Khisa,Grade 7 B,Term 1,2026,16500,M-PESA,QWH-37229,Daniel Khisa,2026-01-12,Monica Wanjiru
BP-2026-2430,ADM-1447,Kipchoge Khisa,Grade 7 B,Term 1,2026,5400,Bank Transfer,RTN-60380,Daniel Khisa,2026-02-06,Rebecca Wanjala
BP-2026-2431,ADM-1447,Kipchoge Khisa,Grade 7 B,Term 1,2026,3800,Cheque,CHQ-64653,Daniel Khisa,2026-02-10,Rebecca Wanjala
BP-2026-2432,ADM-1447,Kipchoge Khisa,Grade 7 B,Term 1,2026,8300,Cheque,CHQ-84688,Daniel Khisa,2026-03-05,Rebecca Wanjala
BP-2026-2433,ADM-1447,Kipchoge Khisa,Grade 7 B,Term 2,2026,11000,M-PESA,QWH-32491,Daniel Khisa,2026-05-23,Andreah Smithh
BP-2026-2434,ADM-1448,George Anyango,Grade 7 B,Term 1,2026,12600,Cash,CSH-25971,Frank Anyango,2026-01-31,Andreah Smithh
BP-2026-2435,ADM-1448,George Anyango,Grade 7 B,Term 1,2026,17400,M-PESA,QWH-53816,Frank Anyango,2026-02-07,Andreah Smithh
BP-2026-2436,ADM-1448,George Anyango,Grade 7 B,Term 2,2026,15000,Cheque,CHQ-74608,Frank Anyango,2026-05-11,Andreah Smithh
BP-2026-2437,ADM-1449,James Choge,Grade 7 B,Term 1,2026,11000,Cash,CSH-86530,Amos Choge,2026-01-11,Monica Wanjiru
BP-2026-2438,ADM-1449,James Choge,Grade 7 B,Term 1,2026,10000,M-PESA,QWH-41061,Amos Choge,2026-01-28,Monica Wanjiru
BP-2026-2439,ADM-1449,James Choge,Grade 7 B,Term 1,2026,9000,Bank Transfer,RTN-60716,Amos Choge,2026-02-08,Monica Wanjiru
BP-2026-2440,ADM-1449,James Choge,Grade 7 B,Term 2,2026,5800,Cash,CSH-37282,Amos Choge,2026-05-12,Monica Wanjiru
BP-2026-2441,ADM-1449,James Choge,Grade 7 B,Term 2,2026,9200,Cash,CSH-16317,Amos Choge,2026-05-28,Rebecca Wanjala
BP-2026-2442,ADM-1449,James Choge,Grade 7 B,Term 3,2026,4200,Cash,CSH-33121,Amos Choge,2026-10-02,Andreah Smithh
BP-2026-2443,ADM-1449,James Choge,Grade 7 B,Term 3,2026,4800,Cheque,CHQ-33082,Amos Choge,2026-10-03,Andreah Smithh
BP-2026-2444,ADM-1450,Irene Njenga,Grade 7 B,Term 1,2026,13400,Bank Transfer,RTN-16728,Veronica Njenga,2026-01-31,Andreah Smithh
BP-2026-2445,ADM-1450,Irene Njenga,Grade 7 B,Term 1,2026,16600,M-PESA,QWH-25455,Veronica Njenga,2026-02-13,Andreah Smithh
BP-2026-2446,ADM-1450,Irene Njenga,Grade 7 B,Term 2,2026,9400,M-PESA,QWH-93856,Veronica Njenga,2026-05-22,Andreah Smithh
BP-2026-2447,ADM-1450,Irene Njenga,Grade 7 B,Term 2,2026,9600,Bank Transfer,RTN-84154,Veronica Njenga,2026-06-11,Monica Wanjiru
BP-2026-2448,ADM-1450,Irene Njenga,Grade 7 B,Term 3,2026,1400,Cash,CSH-89532,Veronica Njenga,2026-09-14,Monica Wanjiru
BP-2026-2449,ADM-1450,Irene Njenga,Grade 7 B,Term 3,2026,1100,Cash,CSH-68320,Veronica Njenga,2026-10-08,Monica Wanjiru
BP-2026-2450,ADM-1450,Irene Njenga,Grade 7 B,Term 3,2026,2500,Bank Transfer,RTN-22193,Veronica Njenga,2026-10-11,Monica Wanjiru
BP-2026-2451,ADM-1451,Mercy Auma,Grade 7 B,Term 1,2026,37000,M-PESA,QWH-26319,Beth Auma,2026-01-09,Monica Wanjiru
BP-2026-2452,ADM-1451,Mercy Auma,Grade 7 B,Term 2,2026,11100,Bank Transfer,RTN-66477,Beth Auma,2026-05-15,Andreah Smithh
BP-2026-2453,ADM-1451,Mercy Auma,Grade 7 B,Term 2,2026,3700,M-PESA,QWH-99828,Beth Auma,2026-06-03,Rebecca Wanjala
BP-2026-2454,ADM-1451,Mercy Auma,Grade 7 B,Term 2,2026,7200,Cash,CSH-31592,Beth Auma,2026-06-24,Rebecca Wanjala
BP-2026-2455,ADM-1451,Mercy Auma,Grade 7 B,Term 3,2026,8700,Bank Transfer,RTN-71397,Beth Auma,2026-09-23,Monica Wanjiru
BP-2026-2456,ADM-1451,Mercy Auma,Grade 7 B,Term 3,2026,3000,M-PESA,QWH-10372,Beth Auma,2026-10-19,Monica Wanjiru
BP-2026-2457,ADM-1451,Mercy Auma,Grade 7 B,Term 3,2026,4300,M-PESA,QWH-45735,Beth Auma,2026-10-27,Rebecca Wanjala
BP-2026-2458,ADM-1452,Victor Barasa,Grade 7 B,Term 1,2026,30000,Cash,CSH-17253,Ibrahim Barasa,2026-01-10,Rebecca Wanjala
BP-2026-2459,ADM-1452,Victor Barasa,Grade 7 B,Term 2,2026,4300,M-PESA,QWH-63720,Ibrahim Barasa,2026-05-20,Andreah Smithh
BP-2026-2460,ADM-1452,Victor Barasa,Grade 7 B,Term 2,2026,5400,Bank Transfer,RTN-31219,Ibrahim Barasa,2026-06-03,Rebecca Wanjala
BP-2026-2461,ADM-1452,Victor Barasa,Grade 7 B,Term 2,2026,5300,Cash,CSH-77119,Ibrahim Barasa,2026-06-26,Andreah Smithh
BP-2026-2462,ADM-1453,Zipporah Nzomo,Grade 7 B,Term 1,2026,14000,Bank Transfer,RTN-38066,Kevin Nzomo,2026-01-14,Rebecca Wanjala
BP-2026-2463,ADM-1453,Zipporah Nzomo,Grade 7 B,Term 1,2026,7000,Bank Transfer,RTN-14027,Kevin Nzomo,2026-02-14,Monica Wanjiru
BP-2026-2464,ADM-1453,Zipporah Nzomo,Grade 7 B,Term 1,2026,9000,Cash,CSH-75955,Kevin Nzomo,2026-02-21,Monica Wanjiru
BP-2026-2465,ADM-1453,Zipporah Nzomo,Grade 7 B,Term 2,2026,15000,Cheque,CHQ-76146,Kevin Nzomo,2026-05-12,Andreah Smithh
BP-2026-2466,ADM-1453,Zipporah Nzomo,Grade 7 B,Term 3,2026,2500,Bank Transfer,RTN-43211,Kevin Nzomo,2026-09-21,Monica Wanjiru
BP-2026-2467,ADM-1453,Zipporah Nzomo,Grade 7 B,Term 3,2026,6500,Cash,CSH-17208,Kevin Nzomo,2026-10-04,Monica Wanjiru
BP-2026-2468,ADM-1454,Eric Salim,Grade 7 B,Term 1,2026,12200,M-PESA,QWH-27859,Mark Salim,2026-01-27,Rebecca Wanjala
BP-2026-2469,ADM-1454,Eric Salim,Grade 7 B,Term 1,2026,7500,M-PESA,QWH-24135,Mark Salim,2026-02-14,Monica Wanjiru
BP-2026-2470,ADM-1454,Eric Salim,Grade 7 B,Term 1,2026,10300,Cheque,CHQ-54743,Mark Salim,2026-02-13,Rebecca Wanjala
BP-2026-2471,ADM-1454,Eric Salim,Grade 7 B,Term 2,2026,5200,M-PESA,QWH-10082,Mark Salim,2026-05-26,Andreah Smithh
BP-2026-2472,ADM-1454,Eric Salim,Grade 7 B,Term 2,2026,4800,Cash,CSH-35785,Mark Salim,2026-05-25,Monica Wanjiru
BP-2026-2473,ADM-1454,Eric Salim,Grade 7 B,Term 2,2026,5000,M-PESA,QWH-91600,Mark Salim,2026-06-19,Andreah Smithh
BP-2026-2474,ADM-1454,Eric Salim,Grade 7 B,Term 3,2026,4300,Cheque,CHQ-79736,Mark Salim,2026-09-19,Monica Wanjiru
BP-2026-2475,ADM-1454,Eric Salim,Grade 7 B,Term 3,2026,1600,Bank Transfer,RTN-83285,Mark Salim,2026-10-06,Monica Wanjiru
BP-2026-2476,ADM-1454,Eric Salim,Grade 7 B,Term 3,2026,3100,Cheque,CHQ-37511,Mark Salim,2026-10-31,Andreah Smithh
BP-2026-2477,ADM-1455,Mercy Wafula,Grade 7 C,Term 1,2026,24000,M-PESA,QWH-50087,Emmanuel Wafula,2026-01-12,Andreah Smithh
BP-2026-2478,ADM-1455,Mercy Wafula,Grade 7 C,Term 2,2026,7400,Bank Transfer,RTN-65280,Emmanuel Wafula,2026-05-15,Rebecca Wanjala
BP-2026-2479,ADM-1455,Mercy Wafula,Grade 7 C,Term 2,2026,7600,Cash,CSH-47852,Emmanuel Wafula,2026-06-13,Andreah Smithh
BP-2026-2480,ADM-1455,Mercy Wafula,Grade 7 C,Term 3,2026,1000,M-PESA,QWH-64241,Emmanuel Wafula,2026-09-16,Rebecca Wanjala
BP-2026-2481,ADM-1455,Mercy Wafula,Grade 7 C,Term 3,2026,2400,Cheque,CHQ-11861,Emmanuel Wafula,2026-09-26,Rebecca Wanjala
BP-2026-2482,ADM-1456,Damaris Wanjiku,Grade 7 C,Term 1,2026,9800,Cheque,CHQ-71042,Lilian Wanjiku,2026-01-25,Andreah Smithh
BP-2026-2483,ADM-1456,Damaris Wanjiku,Grade 7 C,Term 1,2026,15700,M-PESA,QWH-26372,Lilian Wanjiku,2026-01-26,Rebecca Wanjala
BP-2026-2484,ADM-1456,Damaris Wanjiku,Grade 7 C,Term 2,2026,15000,Bank Transfer,RTN-62890,Lilian Wanjiku,2026-06-04,Andreah Smithh
BP-2026-2485,ADM-1457,Maureen Kipsang,Grade 7 C,Term 1,2026,25500,Cheque,CHQ-43917,Eric Kipsang,2026-01-24,Andreah Smithh
BP-2026-2486,ADM-1457,Maureen Kipsang,Grade 7 C,Term 2,2026,15000,Cheque,CHQ-42913,Eric Kipsang,2026-05-23,Andreah Smithh
BP-2026-2487,ADM-1458,Tabitha Metto,Grade 7 C,Term 1,2026,8200,Bank Transfer,RTN-11756,Edwin Metto,2026-01-23,Rebecca Wanjala
BP-2026-2488,ADM-1458,Tabitha Metto,Grade 7 C,Term 1,2026,21800,M-PESA,QWH-76762,Edwin Metto,2026-02-07,Monica Wanjiru
BP-2026-2489,ADM-1458,Tabitha Metto,Grade 7 C,Term 2,2026,4400,Cash,CSH-65445,Edwin Metto,2026-05-26,Rebecca Wanjala
BP-2026-2490,ADM-1458,Tabitha Metto,Grade 7 C,Term 2,2026,10600,Cheque,CHQ-84912,Edwin Metto,2026-06-07,Rebecca Wanjala
BP-2026-2491,ADM-1458,Tabitha Metto,Grade 7 C,Term 3,2026,4200,M-PESA,QWH-30094,Edwin Metto,2026-09-13,Rebecca Wanjala
BP-2026-2492,ADM-1458,Tabitha Metto,Grade 7 C,Term 3,2026,4800,Cash,CSH-10714,Edwin Metto,2026-10-18,Monica Wanjiru
BP-2026-2493,ADM-1459,Felix Kamau,Grade 7 C,Term 1,2026,8300,Bank Transfer,RTN-92059,Stephen Kamau,2026-01-22,Rebecca Wanjala
BP-2026-2494,ADM-1459,Felix Kamau,Grade 7 C,Term 1,2026,7300,Bank Transfer,RTN-81631,Stephen Kamau,2026-01-28,Rebecca Wanjala
BP-2026-2495,ADM-1459,Felix Kamau,Grade 7 C,Term 1,2026,14400,M-PESA,QWH-53994,Stephen Kamau,2026-02-16,Rebecca Wanjala
BP-2026-2496,ADM-1459,Felix Kamau,Grade 7 C,Term 2,2026,5100,Cheque,CHQ-86191,Stephen Kamau,2026-05-18,Rebecca Wanjala
BP-2026-2497,ADM-1459,Felix Kamau,Grade 7 C,Term 2,2026,5200,M-PESA,QWH-13361,Stephen Kamau,2026-06-08,Monica Wanjiru
BP-2026-2498,ADM-1459,Felix Kamau,Grade 7 C,Term 2,2026,4700,M-PESA,QWH-93375,Stephen Kamau,2026-07-03,Andreah Smithh
BP-2026-2499,ADM-1459,Felix Kamau,Grade 7 C,Term 3,2026,1300,Cash,CSH-32234,Stephen Kamau,2026-09-21,Andreah Smithh
BP-2026-2500,ADM-1459,Felix Kamau,Grade 7 C,Term 3,2026,3400,M-PESA,QWH-18567,Stephen Kamau,2026-10-03,Monica Wanjiru
BP-2026-2501,ADM-1460,Caleb Nzioka,Grade 7 C,Term 1,2026,9300,M-PESA,QWH-30093,Andrew Nzioka,2026-01-24,Andreah Smithh
BP-2026-2502,ADM-1460,Caleb Nzioka,Grade 7 C,Term 1,2026,5500,Bank Transfer,RTN-99458,Andrew Nzioka,2026-02-03,Monica Wanjiru
BP-2026-2503,ADM-1460,Caleb Nzioka,Grade 7 C,Term 1,2026,15200,Cash,CSH-78357,Andrew Nzioka,2026-02-08,Monica Wanjiru
BP-2026-2504,ADM-1460,Caleb Nzioka,Grade 7 C,Term 2,2026,15000,M-PESA,QWH-11306,Andrew Nzioka,2026-05-18,Monica Wanjiru
BP-2026-2505,ADM-1460,Caleb Nzioka,Grade 7 C,Term 3,2026,9000,Cheque,CHQ-24583,Andrew Nzioka,2026-10-01,Monica Wanjiru
BP-2026-2506,ADM-1461,Frank Tianai,Grade 7 C,Term 1,2026,7200,Cash,CSH-19934,Gideon Tianai,2026-01-21,Monica Wanjiru
BP-2026-2507,ADM-1461,Frank Tianai,Grade 7 C,Term 1,2026,2800,Cheque,CHQ-69717,Gideon Tianai,2026-02-14,Rebecca Wanjala
BP-2026-2508,ADM-1461,Frank Tianai,Grade 7 C,Term 1,2026,7700,Bank Transfer,RTN-51008,Gideon Tianai,2026-02-14,Rebecca Wanjala
BP-2026-2509,ADM-1461,Frank Tianai,Grade 7 C,Term 2,2026,5700,Cheque,CHQ-73962,Gideon Tianai,2026-05-21,Andreah Smithh
BP-2026-2510,ADM-1461,Frank Tianai,Grade 7 C,Term 2,2026,9300,M-PESA,QWH-70487,Gideon Tianai,2026-06-18,Monica Wanjiru
BP-2026-2511,ADM-1462,Sarah Ciawi,Grade 7 C,Term 1,2026,34000,Bank Transfer,RTN-64933,Yvonne Ciawi,2026-01-28,Andreah Smithh
BP-2026-2512,ADM-1462,Sarah Ciawi,Grade 7 C,Term 2,2026,5100,Cash,CSH-78265,Yvonne Ciawi,2026-05-14,Monica Wanjiru
BP-2026-2513,ADM-1462,Sarah Ciawi,Grade 7 C,Term 2,2026,2900,Bank Transfer,RTN-51419,Yvonne Ciawi,2026-06-09,Monica Wanjiru
BP-2026-2514,ADM-1462,Sarah Ciawi,Grade 7 C,Term 2,2026,3000,Cash,CSH-48869,Yvonne Ciawi,2026-06-22,Andreah Smithh
BP-2026-2515,ADM-1463,Joyce Owino,Grade 7 C,Term 1,2026,8200,M-PESA,QWH-92454,Sophia Owino,2026-01-22,Monica Wanjiru
BP-2026-2516,ADM-1463,Joyce Owino,Grade 7 C,Term 1,2026,6400,Bank Transfer,RTN-55546,Sophia Owino,2026-02-09,Andreah Smithh
BP-2026-2517,ADM-1463,Joyce Owino,Grade 7 C,Term 1,2026,8800,M-PESA,QWH-94696,Sophia Owino,2026-03-01,Rebecca Wanjala
BP-2026-2518,ADM-1463,Joyce Owino,Grade 7 C,Term 2,2026,6200,M-PESA,QWH-80623,Sophia Owino,2026-05-29,Rebecca Wanjala
BP-2026-2519,ADM-1463,Joyce Owino,Grade 7 C,Term 2,2026,8800,M-PESA,QWH-86152,Sophia Owino,2026-06-02,Monica Wanjiru
BP-2026-2520,ADM-1463,Joyce Owino,Grade 7 C,Term 3,2026,2000,Cheque,CHQ-40081,Sophia Owino,2026-09-10,Andreah Smithh
BP-2026-2521,ADM-1463,Joyce Owino,Grade 7 C,Term 3,2026,2300,M-PESA,QWH-96342,Sophia Owino,2026-10-04,Monica Wanjiru
BP-2026-2522,ADM-1464,Edna Auma,Grade 7 C,Term 1,2026,9000,M-PESA,QWH-20800,Stephen Auma,2026-01-07,Andreah Smithh
BP-2026-2523,ADM-1464,Edna Auma,Grade 7 C,Term 1,2026,6000,Cheque,CHQ-72758,Stephen Auma,2026-01-31,Andreah Smithh
BP-2026-2524,ADM-1464,Edna Auma,Grade 7 C,Term 1,2026,4500,Cash,CSH-61360,Stephen Auma,2026-02-09,Rebecca Wanjala
BP-2026-2525,ADM-1464,Edna Auma,Grade 7 C,Term 1,2026,11800,Cash,CSH-44448,Stephen Auma,2026-03-07,Monica Wanjiru
BP-2026-2526,ADM-1464,Edna Auma,Grade 7 C,Term 2,2026,21000,Bank Transfer,RTN-85821,Stephen Auma,2026-05-24,Monica Wanjiru
BP-2026-2527,ADM-1464,Edna Auma,Grade 7 C,Term 3,2026,3900,Bank Transfer,RTN-30587,Stephen Auma,2026-09-21,Rebecca Wanjala
BP-2026-2528,ADM-1464,Edna Auma,Grade 7 C,Term 3,2026,3600,M-PESA,QWH-91396,Stephen Auma,2026-10-16,Andreah Smithh
BP-2026-2529,ADM-1465,Harrison Kinyua,Grade 7 C,Term 1,2026,16300,Bank Transfer,RTN-88553,Isaac Kinyua,2026-01-13,Andreah Smithh
BP-2026-2530,ADM-1465,Harrison Kinyua,Grade 7 C,Term 1,2026,13700,Cash,CSH-12072,Isaac Kinyua,2026-02-12,Rebecca Wanjala
BP-2026-2531,ADM-1465,Harrison Kinyua,Grade 7 C,Term 3,2026,9000,Bank Transfer,RTN-61007,Isaac Kinyua,2026-09-16,Andreah Smithh
BP-2026-2532,ADM-1466,Julius Kithinji,Grade 7 C,Term 1,2026,30000,Bank Transfer,RTN-15883,Timothy Kithinji,2026-01-29,Monica Wanjiru
BP-2026-2533,ADM-1466,Julius Kithinji,Grade 7 C,Term 2,2026,7700,Bank Transfer,RTN-73193,Timothy Kithinji,2026-05-14,Monica Wanjiru
BP-2026-2534,ADM-1466,Julius Kithinji,Grade 7 C,Term 2,2026,2900,M-PESA,QWH-32371,Timothy Kithinji,2026-06-09,Monica Wanjiru
BP-2026-2535,ADM-1466,Julius Kithinji,Grade 7 C,Term 2,2026,4400,M-PESA,QWH-84140,Timothy Kithinji,2026-06-09,Monica Wanjiru
BP-2026-2536,ADM-1467,Hillary Kariuki,Grade 7 C,Term 1,2026,11300,M-PESA,QWH-75323,Francis Kariuki,2026-01-22,Rebecca Wanjala
BP-2026-2537,ADM-1467,Hillary Kariuki,Grade 7 C,Term 1,2026,18700,Bank Transfer,RTN-58353,Francis Kariuki,2026-02-07,Monica Wanjiru
BP-2026-2538,ADM-1467,Hillary Kariuki,Grade 7 C,Term 2,2026,4500,M-PESA,QWH-81539,Francis Kariuki,2026-05-07,Andreah Smithh
BP-2026-2539,ADM-1467,Hillary Kariuki,Grade 7 C,Term 2,2026,4400,Cash,CSH-30099,Francis Kariuki,2026-06-14,Andreah Smithh
BP-2026-2540,ADM-1467,Hillary Kariuki,Grade 7 C,Term 3,2026,2200,M-PESA,QWH-32455,Francis Kariuki,2026-09-29,Rebecca Wanjala
BP-2026-2541,ADM-1467,Hillary Kariuki,Grade 7 C,Term 3,2026,800,Bank Transfer,RTN-89056,Francis Kariuki,2026-09-29,Andreah Smithh
BP-2026-2542,ADM-1467,Hillary Kariuki,Grade 7 C,Term 3,2026,1100,Cheque,CHQ-98753,Francis Kariuki,2026-10-09,Andreah Smithh
BP-2026-2543,ADM-1468,Lawrence Auma,Grade 7 C,Term 1,2026,16700,Cash,CSH-97046,Amos Auma,2026-01-14,Monica Wanjiru
BP-2026-2544,ADM-1468,Lawrence Auma,Grade 7 C,Term 1,2026,8200,Cheque,CHQ-98887,Amos Auma,2026-02-13,Rebecca Wanjala
BP-2026-2545,ADM-1468,Lawrence Auma,Grade 7 C,Term 1,2026,3900,M-PESA,QWH-61142,Amos Auma,2026-02-23,Andreah Smithh
BP-2026-2546,ADM-1468,Lawrence Auma,Grade 7 C,Term 1,2026,7200,M-PESA,QWH-44158,Amos Auma,2026-03-15,Monica Wanjiru
BP-2026-2547,ADM-1468,Lawrence Auma,Grade 7 C,Term 2,2026,21000,Cash,CSH-83859,Amos Auma,2026-06-02,Rebecca Wanjala
BP-2026-2548,ADM-1468,Lawrence Auma,Grade 7 C,Term 3,2026,6800,M-PESA,QWH-74984,Amos Auma,2026-09-25,Monica Wanjiru
BP-2026-2549,ADM-1469,William Kinyua,Grade 7 C,Term 1,2026,6000,Bank Transfer,RTN-27099,Maureen Kinyua,2026-01-30,Monica Wanjiru
BP-2026-2550,ADM-1469,William Kinyua,Grade 7 C,Term 1,2026,17700,M-PESA,QWH-88152,Maureen Kinyua,2026-02-08,Andreah Smithh
BP-2026-2551,ADM-1469,William Kinyua,Grade 7 C,Term 2,2026,5500,M-PESA,QWH-92345,Maureen Kinyua,2026-06-02,Andreah Smithh
BP-2026-2552,ADM-1469,William Kinyua,Grade 7 C,Term 2,2026,2400,Bank Transfer,RTN-77522,Maureen Kinyua,2026-06-18,Andreah Smithh
BP-2026-2553,ADM-1469,William Kinyua,Grade 7 C,Term 2,2026,7100,Cash,CSH-40356,Maureen Kinyua,2026-06-20,Monica Wanjiru
BP-2026-2554,ADM-1470,Gloria Tanui,Grade 7 C,Term 1,2026,14100,M-PESA,QWH-60144,Nancy Tanui,2026-01-20,Monica Wanjiru
BP-2026-2555,ADM-1470,Gloria Tanui,Grade 7 C,Term 1,2026,5200,Cheque,CHQ-87740,Nancy Tanui,2026-02-07,Monica Wanjiru
BP-2026-2556,ADM-1470,Gloria Tanui,Grade 7 C,Term 1,2026,10700,Cash,CSH-26947,Nancy Tanui,2026-02-05,Monica Wanjiru
BP-2026-2557,ADM-1470,Gloria Tanui,Grade 7 C,Term 2,2026,8100,Bank Transfer,RTN-92772,Nancy Tanui,2026-05-28,Andreah Smithh
BP-2026-2558,ADM-1470,Gloria Tanui,Grade 7 C,Term 2,2026,3500,Cheque,CHQ-49884,Nancy Tanui,2026-06-10,Rebecca Wanjala
BP-2026-2559,ADM-1470,Gloria Tanui,Grade 7 C,Term 2,2026,3400,M-PESA,QWH-55386,Nancy Tanui,2026-06-10,Monica Wanjiru
BP-2026-2560,ADM-1470,Gloria Tanui,Grade 7 C,Term 3,2026,2300,Cash,CSH-57935,Nancy Tanui,2026-09-17,Rebecca Wanjala
BP-2026-2561,ADM-1470,Gloria Tanui,Grade 7 C,Term 3,2026,6700,Cheque,CHQ-46654,Nancy Tanui,2026-09-28,Monica Wanjiru
BP-2026-2562,ADM-1471,Susan Kimutai,Grade 7 C,Term 1,2026,40000,M-PESA,QWH-21451,Julius Kimutai,2026-01-12,Rebecca Wanjala
BP-2026-2563,ADM-1471,Susan Kimutai,Grade 7 C,Term 3,2026,5800,Bank Transfer,RTN-29611,Julius Kimutai,2026-09-16,Monica Wanjiru
BP-2026-2564,ADM-1471,Susan Kimutai,Grade 7 C,Term 3,2026,13200,M-PESA,QWH-32812,Julius Kimutai,2026-10-04,Monica Wanjiru
BP-2026-2565,ADM-1472,Fridah Zawadi,Grade 7 C,Term 1,2026,34000,Cheque,CHQ-98721,Janet Zawadi,2026-01-29,Andreah Smithh
BP-2026-2566,ADM-1472,Fridah Zawadi,Grade 7 C,Term 2,2026,4400,Cheque,CHQ-60059,Janet Zawadi,2026-05-29,Andreah Smithh
BP-2026-2567,ADM-1472,Fridah Zawadi,Grade 7 C,Term 2,2026,1700,M-PESA,QWH-98656,Janet Zawadi,2026-05-28,Rebecca Wanjala
BP-2026-2568,ADM-1472,Fridah Zawadi,Grade 7 C,Term 2,2026,4900,M-PESA,QWH-98533,Janet Zawadi,2026-06-15,Andreah Smithh
BP-2026-2569,ADM-1473,Charity Simiyu,Grade 8 A,Term 1,2026,13200,M-PESA,QWH-66534,Kipchoge Simiyu,2026-02-03,Rebecca Wanjala
BP-2026-2570,ADM-1473,Charity Simiyu,Grade 8 A,Term 1,2026,7800,M-PESA,QWH-40185,Kipchoge Simiyu,2026-01-24,Monica Wanjiru
BP-2026-2571,ADM-1473,Charity Simiyu,Grade 8 A,Term 1,2026,9000,M-PESA,QWH-99688,Kipchoge Simiyu,2026-02-14,Andreah Smithh
BP-2026-2572,ADM-1473,Charity Simiyu,Grade 8 A,Term 2,2026,15000,Bank Transfer,RTN-81066,Kipchoge Simiyu,2026-05-20,Andreah Smithh
BP-2026-2573,ADM-1474,Brian Abdi,Grade 8 A,Term 1,2026,14100,Cash,CSH-22090,Martin Abdi,2026-01-23,Andreah Smithh
BP-2026-2574,ADM-1474,Brian Abdi,Grade 8 A,Term 1,2026,4100,Cash,CSH-89164,Martin Abdi,2026-01-31,Rebecca Wanjala
BP-2026-2575,ADM-1474,Brian Abdi,Grade 8 A,Term 1,2026,11800,Cheque,CHQ-91137,Martin Abdi,2026-02-13,Rebecca Wanjala
BP-2026-2576,ADM-1474,Brian Abdi,Grade 8 A,Term 2,2026,4800,Bank Transfer,RTN-29046,Martin Abdi,2026-05-09,Andreah Smithh
BP-2026-2577,ADM-1474,Brian Abdi,Grade 8 A,Term 2,2026,10200,Cash,CSH-70787,Martin Abdi,2026-06-04,Monica Wanjiru
BP-2026-2578,ADM-1474,Brian Abdi,Grade 8 A,Term 3,2026,9000,Cheque,CHQ-95692,Martin Abdi,2026-09-13,Monica Wanjiru
BP-2026-2579,ADM-1475,Amos Mwirigi,Grade 8 A,Term 1,2026,30000,M-PESA,QWH-37663,Karen Mwirigi,2026-01-25,Rebecca Wanjala
BP-2026-2580,ADM-1475,Amos Mwirigi,Grade 8 A,Term 2,2026,7100,M-PESA,QWH-15615,Karen Mwirigi,2026-05-30,Monica Wanjiru
BP-2026-2581,ADM-1475,Amos Mwirigi,Grade 8 A,Term 2,2026,2100,Cash,CSH-15419,Karen Mwirigi,2026-06-09,Andreah Smithh
BP-2026-2582,ADM-1475,Amos Mwirigi,Grade 8 A,Term 2,2026,5800,Cash,CSH-64517,Karen Mwirigi,2026-06-26,Monica Wanjiru
BP-2026-2583,ADM-1475,Amos Mwirigi,Grade 8 A,Term 3,2026,5500,M-PESA,QWH-32401,Karen Mwirigi,2026-10-01,Rebecca Wanjala
BP-2026-2584,ADM-1476,Samuel Owuor,Grade 8 A,Term 1,2026,30000,M-PESA,QWH-63305,Catherine Owuor,2026-01-16,Andreah Smithh
BP-2026-2585,ADM-1476,Samuel Owuor,Grade 8 A,Term 2,2026,6200,Bank Transfer,RTN-52375,Catherine Owuor,2026-05-22,Monica Wanjiru
BP-2026-2586,ADM-1476,Samuel Owuor,Grade 8 A,Term 2,2026,8800,Bank Transfer,RTN-89262,Catherine Owuor,2026-06-14,Monica Wanjiru
BP-2026-2587,ADM-1476,Samuel Owuor,Grade 8 A,Term 3,2026,3100,Bank Transfer,RTN-50049,Catherine Owuor,2026-09-22,Andreah Smithh
BP-2026-2588,ADM-1476,Samuel Owuor,Grade 8 A,Term 3,2026,2700,Cheque,CHQ-72943,Catherine Owuor,2026-10-07,Monica Wanjiru
BP-2026-2589,ADM-1476,Samuel Owuor,Grade 8 A,Term 3,2026,3200,Bank Transfer,RTN-12489,Catherine Owuor,2026-10-25,Andreah Smithh
BP-2026-2590,ADM-1477,Tabitha Muthoka,Grade 8 A,Term 1,2026,8700,M-PESA,QWH-90590,Wesley Muthoka,2026-01-16,Monica Wanjiru
BP-2026-2591,ADM-1477,Tabitha Muthoka,Grade 8 A,Term 1,2026,7200,M-PESA,QWH-14889,Wesley Muthoka,2026-02-08,Andreah Smithh
BP-2026-2592,ADM-1477,Tabitha Muthoka,Grade 8 A,Term 2,2026,5100,Cash,CSH-87923,Wesley Muthoka,2026-05-12,Monica Wanjiru
BP-2026-2593,ADM-1477,Tabitha Muthoka,Grade 8 A,Term 2,2026,9900,Bank Transfer,RTN-54725,Wesley Muthoka,2026-06-11,Rebecca Wanjala
BP-2026-2594,ADM-1477,Tabitha Muthoka,Grade 8 A,Term 3,2026,4000,Bank Transfer,RTN-64127,Wesley Muthoka,2026-09-25,Rebecca Wanjala
BP-2026-2595,ADM-1477,Tabitha Muthoka,Grade 8 A,Term 3,2026,5000,Bank Transfer,RTN-78540,Wesley Muthoka,2026-10-08,Monica Wanjiru
BP-2026-2596,ADM-1478,Beatrice Ruto,Grade 8 A,Term 1,2026,13800,M-PESA,QWH-71521,Wesley Ruto,2026-01-14,Andreah Smithh
BP-2026-2597,ADM-1478,Beatrice Ruto,Grade 8 A,Term 1,2026,8300,Cash,CSH-53454,Wesley Ruto,2026-02-04,Andreah Smithh
BP-2026-2598,ADM-1478,Beatrice Ruto,Grade 8 A,Term 1,2026,7900,M-PESA,QWH-69570,Wesley Ruto,2026-02-23,Rebecca Wanjala
BP-2026-2599,ADM-1478,Beatrice Ruto,Grade 8 A,Term 2,2026,6300,Cash,CSH-81233,Wesley Ruto,2026-05-31,Andreah Smithh
BP-2026-2600,ADM-1478,Beatrice Ruto,Grade 8 A,Term 2,2026,3500,Cash,CSH-18514,Wesley Ruto,2026-06-07,Andreah Smithh
BP-2026-2601,ADM-1478,Beatrice Ruto,Grade 8 A,Term 2,2026,5200,M-PESA,QWH-18416,Wesley Ruto,2026-06-16,Rebecca Wanjala
BP-2026-2602,ADM-1478,Beatrice Ruto,Grade 8 A,Term 3,2026,1700,Cash,CSH-79084,Wesley Ruto,2026-10-01,Monica Wanjiru
BP-2026-2603,ADM-1478,Beatrice Ruto,Grade 8 A,Term 3,2026,1900,Bank Transfer,RTN-70635,Wesley Ruto,2026-10-04,Monica Wanjiru
BP-2026-2604,ADM-1478,Beatrice Ruto,Grade 8 A,Term 3,2026,3200,Cash,CSH-39884,Wesley Ruto,2026-10-23,Rebecca Wanjala
BP-2026-2605,ADM-1479,Olivia Kosgei,Grade 8 A,Term 1,2026,13600,M-PESA,QWH-28883,Mark Kosgei,2026-01-11,Monica Wanjiru
BP-2026-2606,ADM-1479,Olivia Kosgei,Grade 8 A,Term 1,2026,16400,Cash,CSH-24343,Mark Kosgei,2026-02-11,Andreah Smithh
BP-2026-2607,ADM-1479,Olivia Kosgei,Grade 8 A,Term 2,2026,5500,Bank Transfer,RTN-38509,Mark Kosgei,2026-05-28,Rebecca Wanjala
BP-2026-2608,ADM-1479,Olivia Kosgei,Grade 8 A,Term 2,2026,9500,M-PESA,QWH-66477,Mark Kosgei,2026-06-13,Andreah Smithh
BP-2026-2609,ADM-1479,Olivia Kosgei,Grade 8 A,Term 3,2026,2100,Cheque,CHQ-30819,Mark Kosgei,2026-09-19,Monica Wanjiru
BP-2026-2610,ADM-1479,Olivia Kosgei,Grade 8 A,Term 3,2026,1300,M-PESA,QWH-13611,Mark Kosgei,2026-09-28,Andreah Smithh
BP-2026-2611,ADM-1479,Olivia Kosgei,Grade 8 A,Term 3,2026,2500,M-PESA,QWH-60537,Mark Kosgei,2026-10-17,Rebecca Wanjala
BP-2026-2612,ADM-1480,Florence Musalia,Grade 8 A,Term 1,2026,8100,M-PESA,QWH-78958,Luke Musalia,2026-01-25,Andreah Smithh
BP-2026-2613,ADM-1480,Florence Musalia,Grade 8 A,Term 1,2026,8100,M-PESA,QWH-98486,Luke Musalia,2026-02-01,Andreah Smithh
BP-2026-2614,ADM-1480,Florence Musalia,Grade 8 A,Term 2,2026,5000,M-PESA,QWH-33595,Luke Musalia,2026-05-07,Andreah Smithh
BP-2026-2615,ADM-1480,Florence Musalia,Grade 8 A,Term 2,2026,6400,M-PESA,QWH-99169,Luke Musalia,2026-05-22,Andreah Smithh
BP-2026-2616,ADM-1480,Florence Musalia,Grade 8 A,Term 3,2026,4300,Bank Transfer,RTN-52719,Luke Musalia,2026-09-19,Andreah Smithh
BP-2026-2617,ADM-1480,Florence Musalia,Grade 8 A,Term 3,2026,2100,Bank Transfer,RTN-94604,Luke Musalia,2026-10-14,Andreah Smithh
BP-2026-2618,ADM-1480,Florence Musalia,Grade 8 A,Term 3,2026,2600,Bank Transfer,RTN-79861,Luke Musalia,2026-10-18,Rebecca Wanjala
BP-2026-2619,ADM-1481,Veronica Kithinji,Grade 8 A,Term 1,2026,30000,M-PESA,QWH-87261,Kipchoge Kithinji,2026-01-25,Andreah Smithh
BP-2026-2620,ADM-1481,Veronica Kithinji,Grade 8 A,Term 2,2026,5000,Cheque,CHQ-84961,Kipchoge Kithinji,2026-05-29,Rebecca Wanjala
BP-2026-2621,ADM-1481,Veronica Kithinji,Grade 8 A,Term 2,2026,10000,Cash,CSH-11178,Kipchoge Kithinji,2026-06-01,Rebecca Wanjala
BP-2026-2622,ADM-1482,Mercy Kinyua,Grade 8 A,Term 1,2026,30000,M-PESA,QWH-91936,Edwin Kinyua,2026-01-14,Andreah Smithh
BP-2026-2623,ADM-1482,Mercy Kinyua,Grade 8 A,Term 2,2026,15000,Bank Transfer,RTN-84700,Edwin Kinyua,2026-05-16,Rebecca Wanjala
BP-2026-2624,ADM-1483,Sharon Mburu,Grade 8 A,Term 1,2026,9300,Cash,CSH-61758,Simon Mburu,2026-01-10,Rebecca Wanjala
BP-2026-2625,ADM-1483,Sharon Mburu,Grade 8 A,Term 1,2026,8800,Bank Transfer,RTN-78100,Simon Mburu,2026-01-28,Andreah Smithh
BP-2026-2626,ADM-1483,Sharon Mburu,Grade 8 A,Term 1,2026,11900,Cash,CSH-51766,Simon Mburu,2026-02-26,Monica Wanjiru
BP-2026-2627,ADM-1483,Sharon Mburu,Grade 8 A,Term 2,2026,4300,Cash,CSH-35979,Simon Mburu,2026-05-17,Monica Wanjiru
BP-2026-2628,ADM-1483,Sharon Mburu,Grade 8 A,Term 2,2026,4700,Cheque,CHQ-44712,Simon Mburu,2026-06-13,Andreah Smithh
BP-2026-2629,ADM-1483,Sharon Mburu,Grade 8 A,Term 2,2026,6000,Cash,CSH-50241,Simon Mburu,2026-06-13,Monica Wanjiru
BP-2026-2630,ADM-1484,Amos Bii,Grade 8 A,Term 1,2026,11400,M-PESA,QWH-75506,Samuel Bii,2026-01-27,Rebecca Wanjala
BP-2026-2631,ADM-1484,Amos Bii,Grade 8 A,Term 1,2026,7000,M-PESA,QWH-46562,Samuel Bii,2026-01-22,Monica Wanjiru
BP-2026-2632,ADM-1484,Amos Bii,Grade 8 A,Term 1,2026,11600,Bank Transfer,RTN-85241,Samuel Bii,2026-02-09,Andreah Smithh
BP-2026-2633,ADM-1484,Amos Bii,Grade 8 A,Term 2,2026,15000,Cheque,CHQ-17121,Samuel Bii,2026-05-15,Rebecca Wanjala
BP-2026-2634,ADM-1484,Amos Bii,Grade 8 A,Term 3,2026,6200,Cash,CSH-83917,Samuel Bii,2026-09-18,Andreah Smithh
BP-2026-2635,ADM-1485,Edna Sironka,Grade 8 A,Term 1,2026,16400,M-PESA,QWH-25943,Kipchoge Sironka,2026-01-30,Andreah Smithh
BP-2026-2636,ADM-1485,Edna Sironka,Grade 8 A,Term 1,2026,9200,Cheque,CHQ-98629,Kipchoge Sironka,2026-01-24,Monica Wanjiru
BP-2026-2637,ADM-1485,Edna Sironka,Grade 8 A,Term 1,2026,8400,Cash,CSH-64796,Kipchoge Sironka,2026-02-28,Rebecca Wanjala
BP-2026-2638,ADM-1485,Edna Sironka,Grade 8 A,Term 2,2026,7400,Cash,CSH-69429,Kipchoge Sironka,2026-05-27,Andreah Smithh
BP-2026-2639,ADM-1485,Edna Sironka,Grade 8 A,Term 2,2026,11600,Cash,CSH-96662,Kipchoge Sironka,2026-06-04,Rebecca Wanjala
BP-2026-2640,ADM-1486,Yvonne Mwende,Grade 8 A,Term 1,2026,30000,Bank Transfer,RTN-66856,Thomas Mwende,2026-01-24,Rebecca Wanjala
BP-2026-2641,ADM-1486,Yvonne Mwende,Grade 8 A,Term 2,2026,15000,M-PESA,QWH-43512,Thomas Mwende,2026-05-12,Andreah Smithh
BP-2026-2642,ADM-1487,Harrison Gatwiri,Grade 8 A,Term 1,2026,8900,M-PESA,QWH-47505,Hillary Gatwiri,2026-01-30,Monica Wanjiru
BP-2026-2643,ADM-1487,Harrison Gatwiri,Grade 8 A,Term 1,2026,21100,Bank Transfer,RTN-49836,Hillary Gatwiri,2026-01-27,Rebecca Wanjala
BP-2026-2644,ADM-1487,Harrison Gatwiri,Grade 8 A,Term 2,2026,4600,Cheque,CHQ-38315,Hillary Gatwiri,2026-06-01,Monica Wanjiru
BP-2026-2645,ADM-1487,Harrison Gatwiri,Grade 8 A,Term 2,2026,2800,M-PESA,QWH-64950,Hillary Gatwiri,2026-06-16,Rebecca Wanjala
BP-2026-2646,ADM-1487,Harrison Gatwiri,Grade 8 A,Term 2,2026,7600,M-PESA,QWH-31531,Hillary Gatwiri,2026-06-20,Monica Wanjiru
BP-2026-2647,ADM-1487,Harrison Gatwiri,Grade 8 A,Term 3,2026,9000,Bank Transfer,RTN-64331,Hillary Gatwiri,2026-09-25,Andreah Smithh
BP-2026-2648,ADM-1488,Nancy Kioko,Grade 8 A,Term 1,2026,15200,M-PESA,QWH-84863,Charity Kioko,2026-01-30,Monica Wanjiru
BP-2026-2649,ADM-1488,Nancy Kioko,Grade 8 A,Term 1,2026,7100,M-PESA,QWH-78075,Charity Kioko,2026-01-23,Monica Wanjiru
BP-2026-2650,ADM-1488,Nancy Kioko,Grade 8 A,Term 1,2026,7700,M-PESA,QWH-97403,Charity Kioko,2026-02-08,Monica Wanjiru
BP-2026-2651,ADM-1488,Nancy Kioko,Grade 8 A,Term 2,2026,7700,Bank Transfer,RTN-86359,Charity Kioko,2026-06-02,Monica Wanjiru
BP-2026-2652,ADM-1488,Nancy Kioko,Grade 8 A,Term 2,2026,1900,Cheque,CHQ-57464,Charity Kioko,2026-06-05,Monica Wanjiru
BP-2026-2653,ADM-1488,Nancy Kioko,Grade 8 A,Term 2,2026,5400,Bank Transfer,RTN-90303,Charity Kioko,2026-07-03,Andreah Smithh
BP-2026-2654,ADM-1489,Winnie Kigen,Grade 8 A,Term 1,2026,8500,M-PESA,QWH-28896,Kevin Kigen,2026-01-17,Rebecca Wanjala
BP-2026-2655,ADM-1489,Winnie Kigen,Grade 8 A,Term 1,2026,21500,Bank Transfer,RTN-20040,Kevin Kigen,2026-02-06,Andreah Smithh
BP-2026-2656,ADM-1489,Winnie Kigen,Grade 8 A,Term 2,2026,5900,Cash,CSH-57279,Kevin Kigen,2026-05-26,Rebecca Wanjala
BP-2026-2657,ADM-1489,Winnie Kigen,Grade 8 A,Term 2,2026,4500,Bank Transfer,RTN-43992,Kevin Kigen,2026-06-10,Monica Wanjiru
BP-2026-2658,ADM-1489,Winnie Kigen,Grade 8 A,Term 2,2026,4600,Cheque,CHQ-67776,Kevin Kigen,2026-07-02,Monica Wanjiru
BP-2026-2659,ADM-1489,Winnie Kigen,Grade 8 A,Term 3,2026,3600,M-PESA,QWH-30248,Kevin Kigen,2026-10-03,Rebecca Wanjala
BP-2026-2660,ADM-1490,Andrew Kiptum,Grade 8 A,Term 1,2026,8600,Bank Transfer,RTN-93652,Moses Kiptum,2026-01-19,Rebecca Wanjala
BP-2026-2661,ADM-1490,Andrew Kiptum,Grade 8 A,Term 1,2026,8600,M-PESA,QWH-31944,Moses Kiptum,2026-01-25,Andreah Smithh
BP-2026-2662,ADM-1490,Andrew Kiptum,Grade 8 A,Term 1,2026,12800,M-PESA,QWH-67909,Moses Kiptum,2026-02-23,Rebecca Wanjala
BP-2026-2663,ADM-1490,Andrew Kiptum,Grade 8 A,Term 2,2026,5200,Bank Transfer,RTN-13739,Moses Kiptum,2026-05-24,Monica Wanjiru
BP-2026-2664,ADM-1490,Andrew Kiptum,Grade 8 A,Term 2,2026,9800,Cheque,CHQ-48803,Moses Kiptum,2026-06-12,Andreah Smithh
BP-2026-2665,ADM-1490,Andrew Kiptum,Grade 8 A,Term 3,2026,9000,M-PESA,QWH-34072,Moses Kiptum,2026-09-26,Monica Wanjiru
BP-2026-2666,ADM-1491,Damaris Njeri,Grade 8 A,Term 1,2026,11900,Cash,CSH-24530,Winnie Njeri,2026-01-08,Rebecca Wanjala
BP-2026-2667,ADM-1491,Damaris Njeri,Grade 8 A,Term 1,2026,9000,M-PESA,QWH-41186,Winnie Njeri,2026-02-10,Rebecca Wanjala
BP-2026-2668,ADM-1491,Damaris Njeri,Grade 8 A,Term 1,2026,3100,Bank Transfer,RTN-64473,Winnie Njeri,2026-02-14,Monica Wanjiru
BP-2026-2669,ADM-1491,Damaris Njeri,Grade 8 A,Term 1,2026,8000,Bank Transfer,RTN-42186,Winnie Njeri,2026-03-11,Rebecca Wanjala
BP-2026-2670,ADM-1491,Damaris Njeri,Grade 8 A,Term 2,2026,5100,M-PESA,QWH-29390,Winnie Njeri,2026-05-12,Andreah Smithh
BP-2026-2671,ADM-1491,Damaris Njeri,Grade 8 A,Term 2,2026,3000,M-PESA,QWH-46586,Winnie Njeri,2026-06-10,Monica Wanjiru
BP-2026-2672,ADM-1491,Damaris Njeri,Grade 8 A,Term 2,2026,4900,M-PESA,QWH-52025,Winnie Njeri,2026-06-30,Rebecca Wanjala
BP-2026-2673,ADM-1492,Benjamin Ruto,Grade 8 A,Term 1,2026,7000,Cash,CSH-52486,Simon Ruto,2026-01-07,Rebecca Wanjala
BP-2026-2674,ADM-1492,Benjamin Ruto,Grade 8 A,Term 1,2026,11300,M-PESA,QWH-67392,Simon Ruto,2026-01-27,Andreah Smithh
BP-2026-2675,ADM-1492,Benjamin Ruto,Grade 8 A,Term 2,2026,6300,M-PESA,QWH-71427,Simon Ruto,2026-05-09,Rebecca Wanjala
BP-2026-2676,ADM-1492,Benjamin Ruto,Grade 8 A,Term 2,2026,8700,Cash,CSH-38770,Simon Ruto,2026-05-28,Monica Wanjiru
BP-2026-2677,ADM-1492,Benjamin Ruto,Grade 8 A,Term 3,2026,3600,Bank Transfer,RTN-34641,Simon Ruto,2026-09-26,Andreah Smithh
BP-2026-2678,ADM-1493,Michael Nasimiyu,Grade 8 A,Term 1,2026,30000,Cheque,CHQ-75206,Francis Nasimiyu,2026-01-12,Andreah Smithh
BP-2026-2679,ADM-1493,Michael Nasimiyu,Grade 8 A,Term 2,2026,15000,Bank Transfer,RTN-94487,Francis Nasimiyu,2026-05-19,Monica Wanjiru
BP-2026-2680,ADM-1494,Moses Mwirigi,Grade 8 A,Term 1,2026,15400,Bank Transfer,RTN-69588,Judith Mwirigi,2026-01-29,Rebecca Wanjala
BP-2026-2681,ADM-1494,Moses Mwirigi,Grade 8 A,Term 1,2026,14600,M-PESA,QWH-14830,Judith Mwirigi,2026-02-08,Andreah Smithh
BP-2026-2682,ADM-1494,Moses Mwirigi,Grade 8 A,Term 2,2026,15000,Cash,CSH-11049,Judith Mwirigi,2026-05-19,Andreah Smithh
BP-2026-2683,ADM-1494,Moses Mwirigi,Grade 8 A,Term 3,2026,1300,Cheque,CHQ-20048,Judith Mwirigi,2026-09-27,Andreah Smithh
BP-2026-2684,ADM-1494,Moses Mwirigi,Grade 8 A,Term 3,2026,2400,M-PESA,QWH-78109,Judith Mwirigi,2026-09-29,Andreah Smithh
BP-2026-2685,ADM-1495,Hannah Naisoi,Grade 8 B,Term 1,2026,16100,Cash,CSH-95726,Victor Naisoi,2026-01-18,Rebecca Wanjala
BP-2026-2686,ADM-1495,Hannah Naisoi,Grade 8 B,Term 1,2026,4500,M-PESA,QWH-34221,Victor Naisoi,2026-02-05,Andreah Smithh
BP-2026-2687,ADM-1495,Hannah Naisoi,Grade 8 B,Term 1,2026,9400,Cheque,CHQ-69505,Victor Naisoi,2026-02-19,Andreah Smithh
BP-2026-2688,ADM-1495,Hannah Naisoi,Grade 8 B,Term 2,2026,5000,M-PESA,QWH-12024,Victor Naisoi,2026-06-01,Monica Wanjiru
BP-2026-2689,ADM-1495,Hannah Naisoi,Grade 8 B,Term 2,2026,10000,M-PESA,QWH-20232,Victor Naisoi,2026-06-03,Rebecca Wanjala
BP-2026-2690,ADM-1496,Winnie Wafula,Grade 8 B,Term 1,2026,12300,Cheque,CHQ-57981,Peter Wafula,2026-01-09,Monica Wanjiru
BP-2026-2691,ADM-1496,Winnie Wafula,Grade 8 B,Term 1,2026,6200,M-PESA,QWH-55715,Peter Wafula,2026-02-04,Andreah Smithh
BP-2026-2692,ADM-1496,Winnie Wafula,Grade 8 B,Term 1,2026,11500,Cash,CSH-41116,Peter Wafula,2026-02-07,Monica Wanjiru
BP-2026-2693,ADM-1496,Winnie Wafula,Grade 8 B,Term 2,2026,11900,Cash,CSH-18860,Peter Wafula,2026-05-25,Andreah Smithh
BP-2026-2694,ADM-1496,Winnie Wafula,Grade 8 B,Term 3,2026,6700,Cash,CSH-12584,Peter Wafula,2026-10-02,Monica Wanjiru
BP-2026-2695,ADM-1497,Godfrey Githinji,Grade 8 B,Term 1,2026,11000,Bank Transfer,RTN-75345,Joseph Githinji,2026-01-19,Andreah Smithh
BP-2026-2696,ADM-1497,Godfrey Githinji,Grade 8 B,Term 1,2026,25000,M-PESA,QWH-55631,Joseph Githinji,2026-02-01,Monica Wanjiru
BP-2026-2697,ADM-1497,Godfrey Githinji,Grade 8 B,Term 2,2026,9800,M-PESA,QWH-87963,Joseph Githinji,2026-05-17,Rebecca Wanjala
BP-2026-2698,ADM-1497,Godfrey Githinji,Grade 8 B,Term 2,2026,11200,Cash,CSH-89066,Joseph Githinji,2026-05-29,Monica Wanjiru
BP-2026-2699,ADM-1497,Godfrey Githinji,Grade 8 B,Term 3,2026,5500,Bank Transfer,RTN-96637,Joseph Githinji,2026-09-21,Andreah Smithh
BP-2026-2700,ADM-1497,Godfrey Githinji,Grade 8 B,Term 3,2026,9500,M-PESA,QWH-15344,Joseph Githinji,2026-10-03,Monica Wanjiru
BP-2026-2701,ADM-1498,Michael Musalia,Grade 8 B,Term 1,2026,5900,Cash,CSH-33566,Vincent Musalia,2026-01-27,Rebecca Wanjala
BP-2026-2702,ADM-1498,Michael Musalia,Grade 8 B,Term 1,2026,10300,M-PESA,QWH-35692,Vincent Musalia,2026-02-09,Andreah Smithh
BP-2026-2703,ADM-1498,Michael Musalia,Grade 8 B,Term 2,2026,4100,Cash,CSH-70446,Vincent Musalia,2026-05-07,Monica Wanjiru
BP-2026-2704,ADM-1498,Michael Musalia,Grade 8 B,Term 2,2026,10900,Cash,CSH-95069,Vincent Musalia,2026-05-26,Rebecca Wanjala
BP-2026-2705,ADM-1498,Michael Musalia,Grade 8 B,Term 3,2026,4200,M-PESA,QWH-42565,Vincent Musalia,2026-10-04,Andreah Smithh
BP-2026-2706,ADM-1498,Michael Musalia,Grade 8 B,Term 3,2026,4800,M-PESA,QWH-59329,Vincent Musalia,2026-10-11,Monica Wanjiru
BP-2026-2707,ADM-1499,Eric Mwanzia,Grade 8 B,Term 1,2026,10300,M-PESA,QWH-72209,Andrew Mwanzia,2026-01-30,Monica Wanjiru
BP-2026-2708,ADM-1499,Eric Mwanzia,Grade 8 B,Term 1,2026,19700,Bank Transfer,RTN-21078,Andrew Mwanzia,2026-02-14,Andreah Smithh
BP-2026-2709,ADM-1499,Eric Mwanzia,Grade 8 B,Term 2,2026,7100,Bank Transfer,RTN-62962,Andrew Mwanzia,2026-05-28,Monica Wanjiru
BP-2026-2710,ADM-1499,Eric Mwanzia,Grade 8 B,Term 2,2026,3700,Cheque,CHQ-94295,Andrew Mwanzia,2026-06-07,Monica Wanjiru
BP-2026-2711,ADM-1499,Eric Mwanzia,Grade 8 B,Term 2,2026,4200,Bank Transfer,RTN-81919,Andrew Mwanzia,2026-06-11,Rebecca Wanjala
BP-2026-2712,ADM-1499,Eric Mwanzia,Grade 8 B,Term 3,2026,3500,Cash,CSH-21667,Andrew Mwanzia,2026-09-14,Rebecca Wanjala
BP-2026-2713,ADM-1499,Eric Mwanzia,Grade 8 B,Term 3,2026,2800,Cash,CSH-72721,Andrew Mwanzia,2026-09-27,Monica Wanjiru
BP-2026-2714,ADM-1499,Eric Mwanzia,Grade 8 B,Term 3,2026,2700,M-PESA,QWH-47703,Andrew Mwanzia,2026-11-01,Monica Wanjiru
BP-2026-2715,ADM-1500,Grace Obiero,Grade 8 B,Term 1,2026,8000,Cheque,CHQ-48820,Lawrence Obiero,2026-01-26,Rebecca Wanjala
BP-2026-2716,ADM-1500,Grace Obiero,Grade 8 B,Term 1,2026,22000,Bank Transfer,RTN-13222,Lawrence Obiero,2026-02-08,Rebecca Wanjala
BP-2026-2717,ADM-1500,Grace Obiero,Grade 8 B,Term 2,2026,15000,Cash,CSH-53510,Lawrence Obiero,2026-05-26,Rebecca Wanjala
BP-2026-2718,ADM-1500,Grace Obiero,Grade 8 B,Term 3,2026,9000,Cash,CSH-73542,Lawrence Obiero,2026-09-21,Andreah Smithh
BP-2026-2719,ADM-1501,Faith Akoth,Grade 8 B,Term 1,2026,14600,Cash,CSH-76695,Catherine Akoth,2026-01-15,Rebecca Wanjala
BP-2026-2720,ADM-1501,Faith Akoth,Grade 8 B,Term 1,2026,15400,Cash,CSH-13997,Catherine Akoth,2026-02-07,Monica Wanjiru
BP-2026-2721,ADM-1501,Faith Akoth,Grade 8 B,Term 2,2026,5700,Bank Transfer,RTN-28467,Catherine Akoth,2026-05-16,Andreah Smithh
BP-2026-2722,ADM-1501,Faith Akoth,Grade 8 B,Term 2,2026,4300,Cheque,CHQ-43183,Catherine Akoth,2026-06-14,Rebecca Wanjala
BP-2026-2723,ADM-1501,Faith Akoth,Grade 8 B,Term 2,2026,5000,Cheque,CHQ-60144,Catherine Akoth,2026-06-21,Andreah Smithh
BP-2026-2724,ADM-1501,Faith Akoth,Grade 8 B,Term 3,2026,2200,Cash,CSH-63991,Catherine Akoth,2026-09-26,Andreah Smithh
BP-2026-2725,ADM-1501,Faith Akoth,Grade 8 B,Term 3,2026,3800,Cheque,CHQ-94204,Catherine Akoth,2026-10-01,Rebecca Wanjala
BP-2026-2726,ADM-1502,Patrick Ndungu,Grade 8 B,Term 1,2026,30000,M-PESA,QWH-42635,Charles Ndungu,2026-01-14,Monica Wanjiru
BP-2026-2727,ADM-1502,Patrick Ndungu,Grade 8 B,Term 2,2026,7000,Bank Transfer,RTN-31998,Charles Ndungu,2026-05-20,Monica Wanjiru
BP-2026-2728,ADM-1502,Patrick Ndungu,Grade 8 B,Term 2,2026,8000,Bank Transfer,RTN-20256,Charles Ndungu,2026-05-31,Andreah Smithh
BP-2026-2729,ADM-1502,Patrick Ndungu,Grade 8 B,Term 3,2026,9000,Cash,CSH-27303,Charles Ndungu,2026-10-02,Monica Wanjiru
BP-2026-2730,ADM-1503,Amara Igweta,Grade 8 B,Term 1,2026,30000,Bank Transfer,RTN-15189,Caleb Igweta,2026-01-31,Rebecca Wanjala
BP-2026-2731,ADM-1503,Amara Igweta,Grade 8 B,Term 2,2026,8800,M-PESA,QWH-66035,Caleb Igweta,2026-05-21,Rebecca Wanjala
BP-2026-2732,ADM-1503,Amara Igweta,Grade 8 B,Term 2,2026,10200,M-PESA,QWH-14594,Caleb Igweta,2026-06-03,Rebecca Wanjala
BP-2026-2733,ADM-1504,Victor Mwinyi,Grade 8 B,Term 1,2026,43000,Bank Transfer,RTN-80081,Ian Mwinyi,2026-01-09,Monica Wanjiru
BP-2026-2734,ADM-1504,Victor Mwinyi,Grade 8 B,Term 2,2026,8500,Cash,CSH-67521,Ian Mwinyi,2026-05-08,Monica Wanjiru
BP-2026-2735,ADM-1504,Victor Mwinyi,Grade 8 B,Term 2,2026,15500,Cheque,CHQ-91999,Ian Mwinyi,2026-06-13,Andreah Smithh
BP-2026-2736,ADM-1504,Victor Mwinyi,Grade 8 B,Term 3,2026,3800,M-PESA,QWH-93233,Ian Mwinyi,2026-09-12,Monica Wanjiru
BP-2026-2737,ADM-1504,Victor Mwinyi,Grade 8 B,Term 3,2026,7800,Bank Transfer,RTN-54059,Ian Mwinyi,2026-10-08,Andreah Smithh
BP-2026-2738,ADM-1505,Thomas Chepkoech,Grade 8 B,Term 1,2026,7900,M-PESA,QWH-76784,Samuel Chepkoech,2026-01-21,Andreah Smithh
BP-2026-2739,ADM-1505,Thomas Chepkoech,Grade 8 B,Term 1,2026,6500,Bank Transfer,RTN-12746,Samuel Chepkoech,2026-02-06,Monica Wanjiru
BP-2026-2740,ADM-1505,Thomas Chepkoech,Grade 8 B,Term 1,2026,15600,M-PESA,QWH-27491,Samuel Chepkoech,2026-02-28,Andreah Smithh
BP-2026-2741,ADM-1505,Thomas Chepkoech,Grade 8 B,Term 2,2026,5200,M-PESA,QWH-86884,Samuel Chepkoech,2026-05-14,Monica Wanjiru
BP-2026-2742,ADM-1505,Thomas Chepkoech,Grade 8 B,Term 2,2026,3700,Cash,CSH-64364,Samuel Chepkoech,2026-06-15,Monica Wanjiru
BP-2026-2743,ADM-1505,Thomas Chepkoech,Grade 8 B,Term 2,2026,6100,Cash,CSH-44188,Samuel Chepkoech,2026-07-05,Andreah Smithh
BP-2026-2744,ADM-1505,Thomas Chepkoech,Grade 8 B,Term 3,2026,1400,Cheque,CHQ-62269,Samuel Chepkoech,2026-09-20,Monica Wanjiru
BP-2026-2745,ADM-1505,Thomas Chepkoech,Grade 8 B,Term 3,2026,2600,Bank Transfer,RTN-99977,Samuel Chepkoech,2026-10-03,Monica Wanjiru
BP-2026-2746,ADM-1506,Patrick Lugalia,Grade 8 B,Term 1,2026,12700,M-PESA,QWH-48870,Isaac Lugalia,2026-01-12,Monica Wanjiru
BP-2026-2747,ADM-1506,Patrick Lugalia,Grade 8 B,Term 1,2026,17300,M-PESA,QWH-25386,Isaac Lugalia,2026-02-14,Rebecca Wanjala
BP-2026-2748,ADM-1506,Patrick Lugalia,Grade 8 B,Term 2,2026,15000,Bank Transfer,RTN-69411,Isaac Lugalia,2026-05-26,Rebecca Wanjala
BP-2026-2749,ADM-1506,Patrick Lugalia,Grade 8 B,Term 3,2026,3500,Bank Transfer,RTN-81594,Isaac Lugalia,2026-09-14,Andreah Smithh
BP-2026-2750,ADM-1506,Patrick Lugalia,Grade 8 B,Term 3,2026,3000,Bank Transfer,RTN-14447,Isaac Lugalia,2026-09-27,Andreah Smithh
BP-2026-2751,ADM-1507,Diana Kipchumba,Grade 8 B,Term 1,2026,13600,Bank Transfer,RTN-83122,Amos Kipchumba,2026-01-11,Rebecca Wanjala
BP-2026-2752,ADM-1507,Diana Kipchumba,Grade 8 B,Term 1,2026,16400,Cash,CSH-78947,Amos Kipchumba,2026-01-27,Monica Wanjiru
BP-2026-2753,ADM-1507,Diana Kipchumba,Grade 8 B,Term 2,2026,15000,Bank Transfer,RTN-40442,Amos Kipchumba,2026-05-24,Rebecca Wanjala
BP-2026-2754,ADM-1507,Diana Kipchumba,Grade 8 B,Term 3,2026,9000,Bank Transfer,RTN-12206,Amos Kipchumba,2026-10-04,Andreah Smithh
BP-2026-2755,ADM-1508,Anthony Wafula,Grade 8 B,Term 1,2026,11600,Bank Transfer,RTN-37866,Beatrice Wafula,2026-01-11,Monica Wanjiru
BP-2026-2756,ADM-1508,Anthony Wafula,Grade 8 B,Term 1,2026,10200,M-PESA,QWH-76740,Beatrice Wafula,2026-01-24,Andreah Smithh
BP-2026-2757,ADM-1508,Anthony Wafula,Grade 8 B,Term 1,2026,2900,Bank Transfer,RTN-24108,Beatrice Wafula,2026-02-24,Rebecca Wanjala
BP-2026-2758,ADM-1508,Anthony Wafula,Grade 8 B,Term 1,2026,7300,Cash,CSH-86072,Beatrice Wafula,2026-03-10,Rebecca Wanjala
BP-2026-2759,ADM-1508,Anthony Wafula,Grade 8 B,Term 2,2026,13000,Cash,CSH-50888,Beatrice Wafula,2026-05-07,Rebecca Wanjala
BP-2026-2760,ADM-1508,Anthony Wafula,Grade 8 B,Term 3,2026,9000,Cheque,CHQ-72563,Beatrice Wafula,2026-09-12,Andreah Smithh
BP-2026-2761,ADM-1509,Veronica Sironka,Grade 8 B,Term 1,2026,6000,Bank Transfer,RTN-87976,Nancy Sironka,2026-01-10,Monica Wanjiru
BP-2026-2762,ADM-1509,Veronica Sironka,Grade 8 B,Term 1,2026,5700,Cash,CSH-36755,Nancy Sironka,2026-02-08,Monica Wanjiru
BP-2026-2763,ADM-1509,Veronica Sironka,Grade 8 B,Term 1,2026,4800,Cash,CSH-94966,Nancy Sironka,2026-02-23,Monica Wanjiru
BP-2026-2764,ADM-1509,Veronica Sironka,Grade 8 B,Term 2,2026,6500,M-PESA,QWH-29405,Nancy Sironka,2026-05-10,Monica Wanjiru
BP-2026-2765,ADM-1510,Caroline Chemtai,Grade 8 B,Term 1,2026,30000,Bank Transfer,RTN-72279,Vincent Chemtai,2026-01-30,Monica Wanjiru
BP-2026-2766,ADM-1510,Caroline Chemtai,Grade 8 B,Term 2,2026,4000,M-PESA,QWH-31370,Vincent Chemtai,2026-05-13,Rebecca Wanjala
BP-2026-2767,ADM-1510,Caroline Chemtai,Grade 8 B,Term 2,2026,11000,Cash,CSH-17834,Vincent Chemtai,2026-06-14,Andreah Smithh
BP-2026-2768,ADM-1510,Caroline Chemtai,Grade 8 B,Term 3,2026,2100,Cash,CSH-77690,Vincent Chemtai,2026-09-17,Andreah Smithh
BP-2026-2769,ADM-1510,Caroline Chemtai,Grade 8 B,Term 3,2026,2200,M-PESA,QWH-18040,Vincent Chemtai,2026-09-24,Rebecca Wanjala
BP-2026-2770,ADM-1511,Julius Kimeu,Grade 8 B,Term 1,2026,9200,M-PESA,QWH-32254,Stephen Kimeu,2026-01-13,Rebecca Wanjala
BP-2026-2771,ADM-1511,Julius Kimeu,Grade 8 B,Term 1,2026,6900,Cheque,CHQ-63179,Stephen Kimeu,2026-01-31,Monica Wanjiru
BP-2026-2772,ADM-1511,Julius Kimeu,Grade 8 B,Term 1,2026,13900,Bank Transfer,RTN-11918,Stephen Kimeu,2026-02-18,Rebecca Wanjala
BP-2026-2773,ADM-1511,Julius Kimeu,Grade 8 B,Term 2,2026,5400,Cash,CSH-71359,Stephen Kimeu,2026-05-31,Monica Wanjiru
BP-2026-2774,ADM-1511,Julius Kimeu,Grade 8 B,Term 2,2026,4000,Bank Transfer,RTN-88085,Stephen Kimeu,2026-06-07,Rebecca Wanjala
BP-2026-2775,ADM-1511,Julius Kimeu,Grade 8 B,Term 2,2026,5600,Cheque,CHQ-79498,Stephen Kimeu,2026-06-14,Andreah Smithh
BP-2026-2776,ADM-1511,Julius Kimeu,Grade 8 B,Term 3,2026,1700,Bank Transfer,RTN-65423,Stephen Kimeu,2026-09-14,Monica Wanjiru
BP-2026-2777,ADM-1511,Julius Kimeu,Grade 8 B,Term 3,2026,800,Bank Transfer,RTN-30199,Stephen Kimeu,2026-10-08,Andreah Smithh
BP-2026-2778,ADM-1511,Julius Kimeu,Grade 8 B,Term 3,2026,1200,Cash,CSH-70253,Stephen Kimeu,2026-10-12,Rebecca Wanjala
BP-2026-2779,ADM-1512,Beth Wambui,Grade 8 B,Term 1,2026,7700,Bank Transfer,RTN-50823,Samuel Wambui,2026-01-29,Monica Wanjiru
BP-2026-2780,ADM-1512,Beth Wambui,Grade 8 B,Term 1,2026,3400,M-PESA,QWH-79554,Samuel Wambui,2026-01-27,Monica Wanjiru
BP-2026-2781,ADM-1512,Beth Wambui,Grade 8 B,Term 1,2026,3900,M-PESA,QWH-78509,Samuel Wambui,2026-02-24,Monica Wanjiru
BP-2026-2782,ADM-1512,Beth Wambui,Grade 8 B,Term 2,2026,15000,M-PESA,QWH-94789,Samuel Wambui,2026-06-01,Rebecca Wanjala
BP-2026-2783,ADM-1512,Beth Wambui,Grade 8 B,Term 3,2026,3000,M-PESA,QWH-72007,Samuel Wambui,2026-09-14,Andreah Smithh
BP-2026-2784,ADM-1512,Beth Wambui,Grade 8 B,Term 3,2026,800,Bank Transfer,RTN-26115,Samuel Wambui,2026-10-17,Rebecca Wanjala
BP-2026-2785,ADM-1512,Beth Wambui,Grade 8 B,Term 3,2026,1800,M-PESA,QWH-22239,Samuel Wambui,2026-11-01,Rebecca Wanjala
BP-2026-2786,ADM-1513,William Chepkirui,Grade 8 B,Term 1,2026,14300,Bank Transfer,RTN-57562,Nicholas Chepkirui,2026-01-30,Andreah Smithh
BP-2026-2787,ADM-1513,William Chepkirui,Grade 8 B,Term 1,2026,15700,M-PESA,QWH-37496,Nicholas Chepkirui,2026-01-27,Rebecca Wanjala
BP-2026-2788,ADM-1513,William Chepkirui,Grade 8 B,Term 2,2026,6300,Bank Transfer,RTN-59974,Nicholas Chepkirui,2026-05-16,Monica Wanjiru
BP-2026-2789,ADM-1513,William Chepkirui,Grade 8 B,Term 2,2026,2800,Cheque,CHQ-49171,Nicholas Chepkirui,2026-06-09,Andreah Smithh
BP-2026-2790,ADM-1513,William Chepkirui,Grade 8 B,Term 2,2026,5900,Bank Transfer,RTN-25970,Nicholas Chepkirui,2026-06-29,Rebecca Wanjala
BP-2026-2791,ADM-1513,William Chepkirui,Grade 8 B,Term 3,2026,4700,Bank Transfer,RTN-32510,Nicholas Chepkirui,2026-09-29,Rebecca Wanjala
BP-2026-2792,ADM-1513,William Chepkirui,Grade 8 B,Term 3,2026,2000,M-PESA,QWH-45258,Nicholas Chepkirui,2026-09-28,Andreah Smithh
BP-2026-2793,ADM-1513,William Chepkirui,Grade 8 B,Term 3,2026,2300,Cheque,CHQ-45694,Nicholas Chepkirui,2026-11-02,Andreah Smithh
BP-2026-2794,ADM-1514,Patrick Kilonzo,Grade 8 B,Term 1,2026,13800,M-PESA,QWH-38243,Veronica Kilonzo,2026-01-29,Andreah Smithh
BP-2026-2795,ADM-1514,Patrick Kilonzo,Grade 8 B,Term 2,2026,4100,M-PESA,QWH-63857,Veronica Kilonzo,2026-05-12,Monica Wanjiru
BP-2026-2796,ADM-1514,Patrick Kilonzo,Grade 8 B,Term 2,2026,10900,M-PESA,QWH-74957,Veronica Kilonzo,2026-06-04,Monica Wanjiru
BP-2026-2797,ADM-1514,Patrick Kilonzo,Grade 8 B,Term 3,2026,3300,Bank Transfer,RTN-24237,Veronica Kilonzo,2026-09-18,Rebecca Wanjala
BP-2026-2798,ADM-1515,Sophia Kimutai,Grade 8 B,Term 1,2026,30000,Bank Transfer,RTN-14407,Simon Kimutai,2026-01-31,Rebecca Wanjala
BP-2026-2799,ADM-1515,Sophia Kimutai,Grade 8 B,Term 2,2026,15000,M-PESA,QWH-43277,Simon Kimutai,2026-05-26,Andreah Smithh
BP-2026-2800,ADM-1516,Frank Wamalwa,Grade 8 B,Term 1,2026,9200,Cash,CSH-61367,Gideon Wamalwa,2026-01-30,Andreah Smithh
BP-2026-2801,ADM-1516,Frank Wamalwa,Grade 8 B,Term 1,2026,20800,Bank Transfer,RTN-14805,Gideon Wamalwa,2026-02-13,Monica Wanjiru
BP-2026-2802,ADM-1516,Frank Wamalwa,Grade 8 B,Term 2,2026,15000,M-PESA,QWH-76983,Gideon Wamalwa,2026-05-22,Monica Wanjiru
BP-2026-2803,ADM-1517,Sarah Hassan,Grade 9 A,Term 1,2026,30000,M-PESA,QWH-77650,Emmanuel Hassan,2026-01-28,Andreah Smithh
BP-2026-2804,ADM-1517,Sarah Hassan,Grade 9 A,Term 2,2026,4100,M-PESA,QWH-57900,Emmanuel Hassan,2026-05-09,Monica Wanjiru
BP-2026-2805,ADM-1517,Sarah Hassan,Grade 9 A,Term 2,2026,5700,Cheque,CHQ-39931,Emmanuel Hassan,2026-06-13,Monica Wanjiru
BP-2026-2806,ADM-1517,Sarah Hassan,Grade 9 A,Term 2,2026,5200,Cash,CSH-53510,Emmanuel Hassan,2026-06-24,Rebecca Wanjala
BP-2026-2807,ADM-1517,Sarah Hassan,Grade 9 A,Term 3,2026,5000,M-PESA,QWH-18652,Emmanuel Hassan,2026-09-20,Andreah Smithh
BP-2026-2808,ADM-1518,Peninah Khaemba,Grade 9 A,Term 1,2026,16900,M-PESA,QWH-67555,Hannah Khaemba,2026-01-16,Rebecca Wanjala
BP-2026-2809,ADM-1518,Peninah Khaemba,Grade 9 A,Term 1,2026,7900,Cheque,CHQ-31835,Hannah Khaemba,2026-01-25,Rebecca Wanjala
BP-2026-2810,ADM-1518,Peninah Khaemba,Grade 9 A,Term 1,2026,7200,M-PESA,QWH-17613,Hannah Khaemba,2026-03-01,Rebecca Wanjala
BP-2026-2811,ADM-1518,Peninah Khaemba,Grade 9 A,Term 2,2026,4200,Cash,CSH-94045,Hannah Khaemba,2026-05-31,Rebecca Wanjala
BP-2026-2812,ADM-1518,Peninah Khaemba,Grade 9 A,Term 2,2026,8800,M-PESA,QWH-29766,Hannah Khaemba,2026-06-02,Rebecca Wanjala
BP-2026-2813,ADM-1518,Peninah Khaemba,Grade 9 A,Term 3,2026,9000,Cash,CSH-14829,Hannah Khaemba,2026-09-14,Andreah Smithh
BP-2026-2814,ADM-1519,Gideon Chepkirui,Grade 9 A,Term 1,2026,13100,M-PESA,QWH-98400,Amos Chepkirui,2026-01-19,Monica Wanjiru
BP-2026-2815,ADM-1519,Gideon Chepkirui,Grade 9 A,Term 1,2026,9100,M-PESA,QWH-90642,Amos Chepkirui,2026-02-10,Andreah Smithh
BP-2026-2816,ADM-1519,Gideon Chepkirui,Grade 9 A,Term 1,2026,7800,M-PESA,QWH-44005,Amos Chepkirui,2026-03-03,Monica Wanjiru
BP-2026-2817,ADM-1519,Gideon Chepkirui,Grade 9 A,Term 2,2026,13500,M-PESA,QWH-76866,Amos Chepkirui,2026-05-19,Andreah Smithh
BP-2026-2818,ADM-1519,Gideon Chepkirui,Grade 9 A,Term 3,2026,3300,Cash,CSH-30907,Amos Chepkirui,2026-09-13,Monica Wanjiru
BP-2026-2819,ADM-1519,Gideon Chepkirui,Grade 9 A,Term 3,2026,2100,M-PESA,QWH-36134,Amos Chepkirui,2026-10-02,Monica Wanjiru
BP-2026-2820,ADM-1519,Gideon Chepkirui,Grade 9 A,Term 3,2026,3600,M-PESA,QWH-27245,Amos Chepkirui,2026-10-22,Rebecca Wanjala
BP-2026-2821,ADM-1520,Kiplangat Mwangi,Grade 9 A,Term 1,2026,15400,Cash,CSH-92894,Kennedy Mwangi,2026-01-18,Monica Wanjiru
BP-2026-2822,ADM-1520,Kiplangat Mwangi,Grade 9 A,Term 1,2026,6100,Bank Transfer,RTN-52097,Kennedy Mwangi,2026-02-08,Rebecca Wanjala
BP-2026-2823,ADM-1520,Kiplangat Mwangi,Grade 9 A,Term 1,2026,8500,Cash,CSH-21687,Kennedy Mwangi,2026-02-26,Monica Wanjiru
BP-2026-2824,ADM-1520,Kiplangat Mwangi,Grade 9 A,Term 2,2026,18000,M-PESA,QWH-72435,Kennedy Mwangi,2026-05-11,Andreah Smithh
BP-2026-2825,ADM-1520,Kiplangat Mwangi,Grade 9 A,Term 3,2026,6000,Bank Transfer,RTN-35681,Kennedy Mwangi,2026-09-12,Monica Wanjiru
BP-2026-2826,ADM-1521,Cynthia Kitonga,Grade 9 A,Term 1,2026,30000,M-PESA,QWH-28431,Brian Kitonga,2026-01-22,Rebecca Wanjala
BP-2026-2827,ADM-1521,Cynthia Kitonga,Grade 9 A,Term 2,2026,15000,Cash,CSH-87420,Brian Kitonga,2026-05-07,Monica Wanjiru
BP-2026-2828,ADM-1522,Edwin Nassor,Grade 9 A,Term 1,2026,8800,Cheque,CHQ-23702,Beatrice Nassor,2026-01-08,Rebecca Wanjala
BP-2026-2829,ADM-1522,Edwin Nassor,Grade 9 A,Term 1,2026,5100,Cheque,CHQ-36309,Beatrice Nassor,2026-02-11,Rebecca Wanjala
BP-2026-2830,ADM-1522,Edwin Nassor,Grade 9 A,Term 1,2026,10600,Cash,CSH-24898,Beatrice Nassor,2026-02-26,Rebecca Wanjala
BP-2026-2831,ADM-1522,Edwin Nassor,Grade 9 A,Term 2,2026,4400,M-PESA,QWH-40256,Beatrice Nassor,2026-05-14,Rebecca Wanjala
BP-2026-2832,ADM-1522,Edwin Nassor,Grade 9 A,Term 2,2026,5600,M-PESA,QWH-45864,Beatrice Nassor,2026-06-17,Andreah Smithh
BP-2026-2833,ADM-1522,Edwin Nassor,Grade 9 A,Term 2,2026,4600,M-PESA,QWH-49501,Beatrice Nassor,2026-06-18,Rebecca Wanjala
BP-2026-2834,ADM-1522,Edwin Nassor,Grade 9 A,Term 3,2026,3000,Cash,CSH-24370,Beatrice Nassor,2026-09-30,Monica Wanjiru
BP-2026-2835,ADM-1522,Edwin Nassor,Grade 9 A,Term 3,2026,1500,Bank Transfer,RTN-92314,Beatrice Nassor,2026-10-06,Andreah Smithh
BP-2026-2836,ADM-1522,Edwin Nassor,Grade 9 A,Term 3,2026,2900,Bank Transfer,RTN-67994,Beatrice Nassor,2026-10-11,Monica Wanjiru
BP-2026-2837,ADM-1523,Dorcas Mwanzia,Grade 9 A,Term 1,2026,30000,Cash,CSH-24843,Luke Mwanzia,2026-01-21,Rebecca Wanjala
BP-2026-2838,ADM-1523,Dorcas Mwanzia,Grade 9 A,Term 2,2026,5000,Cash,CSH-26643,Luke Mwanzia,2026-05-11,Andreah Smithh
BP-2026-2839,ADM-1523,Dorcas Mwanzia,Grade 9 A,Term 2,2026,10000,Cash,CSH-48291,Luke Mwanzia,2026-06-04,Monica Wanjiru
BP-2026-2840,ADM-1524,Vincent Otieno,Grade 9 A,Term 1,2026,13900,Cash,CSH-21930,Kennedy Otieno,2026-01-17,Monica Wanjiru
BP-2026-2841,ADM-1524,Vincent Otieno,Grade 9 A,Term 1,2026,4300,Cash,CSH-27121,Kennedy Otieno,2026-02-05,Monica Wanjiru
BP-2026-2842,ADM-1524,Vincent Otieno,Grade 9 A,Term 1,2026,11800,Cash,CSH-12020,Kennedy Otieno,2026-02-28,Rebecca Wanjala
BP-2026-2843,ADM-1524,Vincent Otieno,Grade 9 A,Term 2,2026,15000,Cash,CSH-55048,Kennedy Otieno,2026-05-28,Rebecca Wanjala
BP-2026-2844,ADM-1524,Vincent Otieno,Grade 9 A,Term 3,2026,2300,Cheque,CHQ-28922,Kennedy Otieno,2026-09-30,Andreah Smithh
BP-2026-2845,ADM-1524,Vincent Otieno,Grade 9 A,Term 3,2026,6700,M-PESA,QWH-43676,Kennedy Otieno,2026-09-30,Monica Wanjiru
BP-2026-2846,ADM-1525,Brian Muthoka,Grade 9 A,Term 1,2026,7300,M-PESA,QWH-65611,Faith Muthoka,2026-01-09,Rebecca Wanjala
BP-2026-2847,ADM-1525,Brian Muthoka,Grade 9 A,Term 1,2026,8500,Cheque,CHQ-25807,Faith Muthoka,2026-02-12,Monica Wanjiru
BP-2026-2848,ADM-1525,Brian Muthoka,Grade 9 A,Term 2,2026,8300,M-PESA,QWH-99431,Faith Muthoka,2026-05-20,Andreah Smithh
BP-2026-2849,ADM-1525,Brian Muthoka,Grade 9 A,Term 2,2026,3500,Cash,CSH-43929,Faith Muthoka,2026-05-27,Andreah Smithh
BP-2026-2850,ADM-1525,Brian Muthoka,Grade 9 A,Term 2,2026,6200,Cheque,CHQ-45093,Faith Muthoka,2026-06-25,Rebecca Wanjala
BP-2026-2851,ADM-1525,Brian Muthoka,Grade 9 A,Term 3,2026,6700,Cash,CSH-45508,Faith Muthoka,2026-09-24,Rebecca Wanjala
BP-2026-2852,ADM-1526,Yvonne Kiprop,Grade 9 A,Term 1,2026,30000,Bank Transfer,RTN-55546,Godfrey Kiprop,2026-01-12,Monica Wanjiru
BP-2026-2853,ADM-1526,Yvonne Kiprop,Grade 9 A,Term 2,2026,18000,M-PESA,QWH-18478,Godfrey Kiprop,2026-05-17,Monica Wanjiru
BP-2026-2854,ADM-1526,Yvonne Kiprop,Grade 9 A,Term 3,2026,6000,Bank Transfer,RTN-35946,Godfrey Kiprop,2026-09-30,Rebecca Wanjala
BP-2026-2855,ADM-1527,Peter Ali,Grade 9 A,Term 1,2026,30000,Bank Transfer,RTN-10181,Emmanuel Ali,2026-01-10,Monica Wanjiru
BP-2026-2856,ADM-1527,Peter Ali,Grade 9 A,Term 2,2026,2100,Cheque,CHQ-33453,Emmanuel Ali,2026-05-07,Andreah Smithh
BP-2026-2857,ADM-1527,Peter Ali,Grade 9 A,Term 2,2026,2700,Cash,CSH-13404,Emmanuel Ali,2026-06-17,Andreah Smithh
BP-2026-2858,ADM-1527,Peter Ali,Grade 9 A,Term 2,2026,2700,Bank Transfer,RTN-24890,Emmanuel Ali,2026-06-19,Andreah Smithh
BP-2026-2859,ADM-1528,Simon Obiero,Grade 9 A,Term 1,2026,30000,M-PESA,QWH-36331,Victor Obiero,2026-01-23,Andreah Smithh
BP-2026-2860,ADM-1528,Simon Obiero,Grade 9 A,Term 2,2026,8200,Cash,CSH-30795,Victor Obiero,2026-05-14,Andreah Smithh
BP-2026-2861,ADM-1528,Simon Obiero,Grade 9 A,Term 2,2026,3800,Cash,CSH-57393,Victor Obiero,2026-06-07,Monica Wanjiru
BP-2026-2862,ADM-1528,Simon Obiero,Grade 9 A,Term 2,2026,5000,Bank Transfer,RTN-95192,Victor Obiero,2026-07-01,Rebecca Wanjala
BP-2026-2863,ADM-1528,Simon Obiero,Grade 9 A,Term 3,2026,2500,M-PESA,QWH-52945,Victor Obiero,2026-09-24,Rebecca Wanjala
BP-2026-2864,ADM-1528,Simon Obiero,Grade 9 A,Term 3,2026,2000,M-PESA,QWH-81072,Victor Obiero,2026-10-02,Andreah Smithh
BP-2026-2865,ADM-1528,Simon Obiero,Grade 9 A,Term 3,2026,2500,Cash,CSH-95320,Victor Obiero,2026-10-22,Andreah Smithh
BP-2026-2866,ADM-1529,Beatrice Gatwiri,Grade 9 A,Term 1,2026,22800,Bank Transfer,RTN-99507,Lawrence Gatwiri,2026-01-29,Andreah Smithh
BP-2026-2867,ADM-1529,Beatrice Gatwiri,Grade 9 A,Term 2,2026,4900,Bank Transfer,RTN-32410,Lawrence Gatwiri,2026-05-30,Andreah Smithh
BP-2026-2868,ADM-1529,Beatrice Gatwiri,Grade 9 A,Term 2,2026,5300,M-PESA,QWH-39975,Lawrence Gatwiri,2026-06-02,Monica Wanjiru
BP-2026-2869,ADM-1529,Beatrice Gatwiri,Grade 9 A,Term 2,2026,4800,Cheque,CHQ-43234,Lawrence Gatwiri,2026-06-25,Rebecca Wanjala
BP-2026-2870,ADM-1529,Beatrice Gatwiri,Grade 9 A,Term 3,2026,2800,M-PESA,QWH-98035,Lawrence Gatwiri,2026-09-22,Rebecca Wanjala
BP-2026-2871,ADM-1529,Beatrice Gatwiri,Grade 9 A,Term 3,2026,3300,M-PESA,QWH-61793,Lawrence Gatwiri,2026-09-30,Monica Wanjiru
BP-2026-2872,ADM-1530,Ibrahim Ali,Grade 9 A,Term 1,2026,12400,Bank Transfer,RTN-31728,Hillary Ali,2026-01-17,Andreah Smithh
BP-2026-2873,ADM-1530,Ibrahim Ali,Grade 9 A,Term 1,2026,17600,Cheque,CHQ-10920,Hillary Ali,2026-02-09,Andreah Smithh
BP-2026-2874,ADM-1530,Ibrahim Ali,Grade 9 A,Term 2,2026,7600,Cash,CSH-46019,Hillary Ali,2026-05-07,Andreah Smithh
BP-2026-2875,ADM-1530,Ibrahim Ali,Grade 9 A,Term 2,2026,3400,M-PESA,QWH-41817,Hillary Ali,2026-06-14,Andreah Smithh
BP-2026-2876,ADM-1530,Ibrahim Ali,Grade 9 A,Term 2,2026,4000,Cash,CSH-56887,Hillary Ali,2026-06-30,Rebecca Wanjala
BP-2026-2877,ADM-1530,Ibrahim Ali,Grade 9 A,Term 3,2026,3600,Cash,CSH-48887,Hillary Ali,2026-10-01,Rebecca Wanjala
BP-2026-2878,ADM-1530,Ibrahim Ali,Grade 9 A,Term 3,2026,5400,M-PESA,QWH-80453,Hillary Ali,2026-10-01,Rebecca Wanjala
BP-2026-2879,ADM-1531,Winnie Gatwiri,Grade 9 A,Term 1,2026,8600,M-PESA,QWH-86483,Winfred Gatwiri,2026-02-01,Andreah Smithh
BP-2026-2880,ADM-1531,Winnie Gatwiri,Grade 9 A,Term 1,2026,9000,M-PESA,QWH-30238,Winfred Gatwiri,2026-02-09,Rebecca Wanjala
BP-2026-2881,ADM-1531,Winnie Gatwiri,Grade 9 A,Term 1,2026,12400,Cash,CSH-35055,Winfred Gatwiri,2026-02-20,Monica Wanjiru
BP-2026-2882,ADM-1531,Winnie Gatwiri,Grade 9 A,Term 3,2026,9000,Cash,CSH-95179,Winfred Gatwiri,2026-09-24,Monica Wanjiru
BP-2026-2883,ADM-1532,Gladys Kamau,Grade 9 A,Term 1,2026,8000,M-PESA,QWH-20462,Amos Kamau,2026-01-25,Monica Wanjiru
BP-2026-2884,ADM-1532,Gladys Kamau,Grade 9 A,Term 1,2026,7500,M-PESA,QWH-14142,Amos Kamau,2026-01-23,Andreah Smithh
BP-2026-2885,ADM-1532,Gladys Kamau,Grade 9 A,Term 1,2026,16500,Cheque,CHQ-11404,Amos Kamau,2026-02-17,Rebecca Wanjala
BP-2026-2886,ADM-1532,Gladys Kamau,Grade 9 A,Term 2,2026,13000,Bank Transfer,RTN-81314,Amos Kamau,2026-05-16,Andreah Smithh
BP-2026-2887,ADM-1532,Gladys Kamau,Grade 9 A,Term 3,2026,2200,Bank Transfer,RTN-88935,Amos Kamau,2026-09-23,Rebecca Wanjala
BP-2026-2888,ADM-1532,Gladys Kamau,Grade 9 A,Term 3,2026,2700,Cash,CSH-43061,Amos Kamau,2026-09-28,Rebecca Wanjala
BP-2026-2889,ADM-1533,Kevin Mbithe,Grade 9 A,Term 1,2026,13400,M-PESA,QWH-46539,Kipchoge Mbithe,2026-01-20,Rebecca Wanjala
BP-2026-2890,ADM-1533,Kevin Mbithe,Grade 9 A,Term 1,2026,8700,Cheque,CHQ-85339,Kipchoge Mbithe,2026-01-25,Rebecca Wanjala
BP-2026-2891,ADM-1533,Kevin Mbithe,Grade 9 A,Term 1,2026,7900,Bank Transfer,RTN-80213,Kipchoge Mbithe,2026-02-08,Rebecca Wanjala
BP-2026-2892,ADM-1533,Kevin Mbithe,Grade 9 A,Term 2,2026,8200,Cash,CSH-36468,Kipchoge Mbithe,2026-06-04,Monica Wanjiru
BP-2026-2893,ADM-1533,Kevin Mbithe,Grade 9 A,Term 2,2026,2300,Cheque,CHQ-21209,Kipchoge Mbithe,2026-05-29,Monica Wanjiru
BP-2026-2894,ADM-1533,Kevin Mbithe,Grade 9 A,Term 2,2026,4500,Cheque,CHQ-43533,Kipchoge Mbithe,2026-06-22,Andreah Smithh
BP-2026-2895,ADM-1534,Lilian Mburu,Grade 9 A,Term 1,2026,30000,M-PESA,QWH-56509,Samuel Mburu,2026-02-03,Andreah Smithh
BP-2026-2896,ADM-1534,Lilian Mburu,Grade 9 A,Term 2,2026,5600,M-PESA,QWH-18621,Samuel Mburu,2026-06-01,Andreah Smithh
BP-2026-2897,ADM-1534,Lilian Mburu,Grade 9 A,Term 2,2026,11400,Cash,CSH-39891,Samuel Mburu,2026-06-13,Andreah Smithh
BP-2026-2898,ADM-1534,Lilian Mburu,Grade 9 A,Term 3,2026,7000,M-PESA,QWH-21984,Samuel Mburu,2026-09-23,Monica Wanjiru
BP-2026-2899,ADM-1535,Hillary Owino,Grade 9 A,Term 1,2026,8700,Bank Transfer,RTN-18164,Faith Owino,2026-01-27,Monica Wanjiru
BP-2026-2900,ADM-1535,Hillary Owino,Grade 9 A,Term 1,2026,12700,M-PESA,QWH-46052,Faith Owino,2026-02-15,Andreah Smithh
BP-2026-2901,ADM-1535,Hillary Owino,Grade 9 A,Term 1,2026,5500,M-PESA,QWH-26608,Faith Owino,2026-02-18,Monica Wanjiru
BP-2026-2902,ADM-1535,Hillary Owino,Grade 9 A,Term 1,2026,7100,Cash,CSH-76140,Faith Owino,2026-02-22,Monica Wanjiru
BP-2026-2903,ADM-1535,Hillary Owino,Grade 9 A,Term 2,2026,2300,M-PESA,QWH-34149,Faith Owino,2026-05-28,Monica Wanjiru
BP-2026-2904,ADM-1535,Hillary Owino,Grade 9 A,Term 2,2026,1100,Cash,CSH-18144,Faith Owino,2026-06-04,Andreah Smithh
BP-2026-2905,ADM-1535,Hillary Owino,Grade 9 A,Term 2,2026,2800,Cash,CSH-26001,Faith Owino,2026-06-25,Monica Wanjiru
BP-2026-2906,ADM-1536,Caleb Hassan,Grade 9 A,Term 2,2026,7300,M-PESA,QWH-33636,Charity Hassan,2026-05-20,Monica Wanjiru
BP-2026-2907,ADM-1536,Caleb Hassan,Grade 9 A,Term 2,2026,7700,Cheque,CHQ-92756,Charity Hassan,2026-06-05,Rebecca Wanjala
BP-2026-2908,ADM-1537,Trevor Maina,Grade 9 A,Term 1,2026,10300,M-PESA,QWH-44528,Donald Maina,2026-01-17,Rebecca Wanjala
BP-2026-2909,ADM-1537,Trevor Maina,Grade 9 A,Term 1,2026,11600,Cash,CSH-97452,Donald Maina,2026-01-29,Andreah Smithh
BP-2026-2910,ADM-1537,Trevor Maina,Grade 9 A,Term 1,2026,11100,M-PESA,QWH-41162,Donald Maina,2026-02-26,Andreah Smithh
BP-2026-2911,ADM-1537,Trevor Maina,Grade 9 A,Term 2,2026,18000,Bank Transfer,RTN-84648,Donald Maina,2026-06-03,Rebecca Wanjala
BP-2026-2912,ADM-1537,Trevor Maina,Grade 9 A,Term 3,2026,6500,M-PESA,QWH-19384,Donald Maina,2026-09-21,Rebecca Wanjala
BP-2026-2913,ADM-1538,Grace Waweru,Grade 9 A,Term 1,2026,19800,M-PESA,QWH-81732,Martin Waweru,2026-01-19,Rebecca Wanjala
BP-2026-2914,ADM-1538,Grace Waweru,Grade 9 A,Term 3,2026,3900,M-PESA,QWH-47819,Martin Waweru,2026-09-15,Andreah Smithh
BP-2026-2915,ADM-1539,Simon Mwirigi,Grade 9 B,Term 1,2026,30000,Cheque,CHQ-52604,Patrick Mwirigi,2026-01-29,Andreah Smithh
BP-2026-2916,ADM-1539,Simon Mwirigi,Grade 9 B,Term 2,2026,5400,Cheque,CHQ-74901,Patrick Mwirigi,2026-05-17,Andreah Smithh
BP-2026-2917,ADM-1539,Simon Mwirigi,Grade 9 B,Term 2,2026,9600,M-PESA,QWH-38384,Patrick Mwirigi,2026-05-26,Andreah Smithh
BP-2026-2918,ADM-1539,Simon Mwirigi,Grade 9 B,Term 3,2026,2100,Cheque,CHQ-88800,Patrick Mwirigi,2026-09-29,Andreah Smithh
BP-2026-2919,ADM-1539,Simon Mwirigi,Grade 9 B,Term 3,2026,2000,M-PESA,QWH-78437,Patrick Mwirigi,2026-10-05,Monica Wanjiru
BP-2026-2920,ADM-1540,Emmanuel Abdalla,Grade 9 B,Term 1,2026,14000,Cash,CSH-78318,Donald Abdalla,2026-01-29,Rebecca Wanjala
BP-2026-2921,ADM-1540,Emmanuel Abdalla,Grade 9 B,Term 1,2026,8600,Cash,CSH-65948,Donald Abdalla,2026-01-25,Andreah Smithh
BP-2026-2922,ADM-1540,Emmanuel Abdalla,Grade 9 B,Term 1,2026,7400,Cash,CSH-26563,Donald Abdalla,2026-02-18,Monica Wanjiru
BP-2026-2923,ADM-1540,Emmanuel Abdalla,Grade 9 B,Term 2,2026,9800,Cash,CSH-90943,Donald Abdalla,2026-06-01,Monica Wanjiru
BP-2026-2924,ADM-1540,Emmanuel Abdalla,Grade 9 B,Term 2,2026,9200,Cash,CSH-10319,Donald Abdalla,2026-06-16,Monica Wanjiru
BP-2026-2925,ADM-1540,Emmanuel Abdalla,Grade 9 B,Term 3,2026,1000,M-PESA,QWH-13108,Donald Abdalla,2026-09-13,Rebecca Wanjala
BP-2026-2926,ADM-1540,Emmanuel Abdalla,Grade 9 B,Term 3,2026,1500,M-PESA,QWH-23008,Donald Abdalla,2026-10-08,Monica Wanjiru
BP-2026-2927,ADM-1541,Sarah Kithinji,Grade 9 B,Term 1,2026,13900,M-PESA,QWH-57585,Emmanuel Kithinji,2026-01-18,Rebecca Wanjala
BP-2026-2928,ADM-1541,Sarah Kithinji,Grade 9 B,Term 1,2026,6900,Cash,CSH-92744,Emmanuel Kithinji,2026-02-04,Andreah Smithh
BP-2026-2929,ADM-1541,Sarah Kithinji,Grade 9 B,Term 1,2026,9200,M-PESA,QWH-94920,Emmanuel Kithinji,2026-02-06,Andreah Smithh
BP-2026-2930,ADM-1541,Sarah Kithinji,Grade 9 B,Term 2,2026,5200,M-PESA,QWH-65590,Emmanuel Kithinji,2026-05-10,Monica Wanjiru
BP-2026-2931,ADM-1541,Sarah Kithinji,Grade 9 B,Term 2,2026,2500,M-PESA,QWH-26351,Emmanuel Kithinji,2026-06-05,Monica Wanjiru
BP-2026-2932,ADM-1541,Sarah Kithinji,Grade 9 B,Term 2,2026,7300,Cash,CSH-71871,Emmanuel Kithinji,2026-06-08,Monica Wanjiru
BP-2026-2933,ADM-1541,Sarah Kithinji,Grade 9 B,Term 3,2026,3100,Cheque,CHQ-14100,Emmanuel Kithinji,2026-09-10,Monica Wanjiru
BP-2026-2934,ADM-1541,Sarah Kithinji,Grade 9 B,Term 3,2026,2900,M-PESA,QWH-30205,Emmanuel Kithinji,2026-09-26,Rebecca Wanjala
BP-2026-2935,ADM-1542,Patrick Sironka,Grade 9 B,Term 1,2026,30000,Cheque,CHQ-20591,Godfrey Sironka,2026-01-26,Rebecca Wanjala
BP-2026-2936,ADM-1542,Patrick Sironka,Grade 9 B,Term 2,2026,5300,Cash,CSH-93139,Godfrey Sironka,2026-05-16,Rebecca Wanjala
BP-2026-2937,ADM-1542,Patrick Sironka,Grade 9 B,Term 2,2026,7500,M-PESA,QWH-15527,Godfrey Sironka,2026-06-03,Andreah Smithh
BP-2026-2938,ADM-1542,Patrick Sironka,Grade 9 B,Term 3,2026,2300,Cash,CSH-87159,Godfrey Sironka,2026-09-21,Rebecca Wanjala
BP-2026-2939,ADM-1542,Patrick Sironka,Grade 9 B,Term 3,2026,6700,M-PESA,QWH-13867,Godfrey Sironka,2026-10-19,Monica Wanjiru
BP-2026-2940,ADM-1543,Susan Mutoro,Grade 9 B,Term 1,2026,10600,M-PESA,QWH-10146,Emmanuel Mutoro,2026-01-17,Rebecca Wanjala
BP-2026-2941,ADM-1543,Susan Mutoro,Grade 9 B,Term 1,2026,19400,Bank Transfer,RTN-25078,Emmanuel Mutoro,2026-01-31,Andreah Smithh
BP-2026-2942,ADM-1543,Susan Mutoro,Grade 9 B,Term 2,2026,18000,Cash,CSH-57768,Emmanuel Mutoro,2026-05-21,Rebecca Wanjala
BP-2026-2943,ADM-1543,Susan Mutoro,Grade 9 B,Term 3,2026,1100,M-PESA,QWH-47761,Emmanuel Mutoro,2026-10-01,Rebecca Wanjala
BP-2026-2944,ADM-1543,Susan Mutoro,Grade 9 B,Term 3,2026,1500,Cash,CSH-50653,Emmanuel Mutoro,2026-09-25,Andreah Smithh
BP-2026-2945,ADM-1544,Joseph Maina,Grade 9 B,Term 1,2026,30000,Cheque,CHQ-62532,Ian Maina,2026-01-26,Monica Wanjiru
BP-2026-2946,ADM-1544,Joseph Maina,Grade 9 B,Term 2,2026,5200,Cash,CSH-38368,Ian Maina,2026-05-13,Rebecca Wanjala
BP-2026-2947,ADM-1544,Joseph Maina,Grade 9 B,Term 2,2026,9800,Bank Transfer,RTN-46338,Ian Maina,2026-06-06,Rebecca Wanjala
BP-2026-2948,ADM-1544,Joseph Maina,Grade 9 B,Term 3,2026,1900,Bank Transfer,RTN-10648,Ian Maina,2026-09-21,Rebecca Wanjala
BP-2026-2949,ADM-1544,Joseph Maina,Grade 9 B,Term 3,2026,2000,Cheque,CHQ-10063,Ian Maina,2026-10-14,Rebecca Wanjala
BP-2026-2950,ADM-1545,Brenda Kariuki,Grade 9 B,Term 1,2026,30000,M-PESA,QWH-48333,Maureen Kariuki,2026-01-20,Andreah Smithh
BP-2026-2951,ADM-1545,Brenda Kariuki,Grade 9 B,Term 2,2026,15000,M-PESA,QWH-87838,Maureen Kariuki,2026-05-30,Rebecca Wanjala
BP-2026-2952,ADM-1545,Brenda Kariuki,Grade 9 B,Term 3,2026,9000,Cash,CSH-75984,Maureen Kariuki,2026-09-13,Rebecca Wanjala
BP-2026-2953,ADM-1546,Nathaniel Njeri,Grade 9 B,Term 1,2026,8800,Cheque,CHQ-40264,Charles Njeri,2026-01-31,Andreah Smithh
BP-2026-2954,ADM-1546,Nathaniel Njeri,Grade 9 B,Term 1,2026,21200,M-PESA,QWH-67122,Charles Njeri,2026-01-31,Monica Wanjiru
BP-2026-2955,ADM-1546,Nathaniel Njeri,Grade 9 B,Term 2,2026,15000,M-PESA,QWH-61379,Charles Njeri,2026-05-16,Rebecca Wanjala
BP-2026-2956,ADM-1546,Nathaniel Njeri,Grade 9 B,Term 3,2026,3100,M-PESA,QWH-37043,Charles Njeri,2026-09-19,Rebecca Wanjala
BP-2026-2957,ADM-1546,Nathaniel Njeri,Grade 9 B,Term 3,2026,1500,Bank Transfer,RTN-15616,Charles Njeri,2026-10-15,Rebecca Wanjala
BP-2026-2958,ADM-1546,Nathaniel Njeri,Grade 9 B,Term 3,2026,1600,M-PESA,QWH-84662,Charles Njeri,2026-10-11,Andreah Smithh
BP-2026-2959,ADM-1547,Benjamin Langat,Grade 9 B,Term 1,2026,30000,Cash,CSH-39327,Ian Langat,2026-01-15,Monica Wanjiru
BP-2026-2960,ADM-1547,Benjamin Langat,Grade 9 B,Term 2,2026,15000,Bank Transfer,RTN-50458,Ian Langat,2026-05-06,Rebecca Wanjala
BP-2026-2961,ADM-1547,Benjamin Langat,Grade 9 B,Term 3,2026,1700,Bank Transfer,RTN-47365,Ian Langat,2026-09-23,Rebecca Wanjala
BP-2026-2962,ADM-1547,Benjamin Langat,Grade 9 B,Term 3,2026,600,Bank Transfer,RTN-90555,Ian Langat,2026-10-09,Monica Wanjiru
BP-2026-2963,ADM-1547,Benjamin Langat,Grade 9 B,Term 3,2026,1400,Cheque,CHQ-12735,Ian Langat,2026-10-31,Rebecca Wanjala
BP-2026-2964,ADM-1548,Tabitha Mutua,Grade 9 B,Term 1,2026,30000,M-PESA,QWH-41232,Kipchoge Mutua,2026-01-16,Andreah Smithh
BP-2026-2965,ADM-1548,Tabitha Mutua,Grade 9 B,Term 2,2026,4600,Cash,CSH-13523,Kipchoge Mutua,2026-05-18,Andreah Smithh
BP-2026-2966,ADM-1548,Tabitha Mutua,Grade 9 B,Term 2,2026,2800,M-PESA,QWH-85582,Kipchoge Mutua,2026-05-30,Andreah Smithh
BP-2026-2967,ADM-1548,Tabitha Mutua,Grade 9 B,Term 2,2026,7600,M-PESA,QWH-67226,Kipchoge Mutua,2026-06-16,Rebecca Wanjala
BP-2026-2968,ADM-1548,Tabitha Mutua,Grade 9 B,Term 3,2026,2400,Cheque,CHQ-57397,Kipchoge Mutua,2026-09-16,Rebecca Wanjala
BP-2026-2969,ADM-1548,Tabitha Mutua,Grade 9 B,Term 3,2026,2700,M-PESA,QWH-48715,Kipchoge Mutua,2026-10-10,Rebecca Wanjala
BP-2026-2970,ADM-1549,Moses Syombua,Grade 9 B,Term 1,2026,8700,Cheque,CHQ-30697,Priscilla Syombua,2026-01-19,Andreah Smithh
BP-2026-2971,ADM-1549,Moses Syombua,Grade 9 B,Term 1,2026,5000,Cash,CSH-53722,Priscilla Syombua,2026-01-23,Andreah Smithh
BP-2026-2972,ADM-1549,Moses Syombua,Grade 9 B,Term 1,2026,8500,M-PESA,QWH-85723,Priscilla Syombua,2026-02-10,Andreah Smithh
BP-2026-2973,ADM-1549,Moses Syombua,Grade 9 B,Term 2,2026,5500,Cash,CSH-91447,Priscilla Syombua,2026-05-21,Rebecca Wanjala
BP-2026-2974,ADM-1549,Moses Syombua,Grade 9 B,Term 2,2026,3200,Cash,CSH-31532,Priscilla Syombua,2026-06-20,Rebecca Wanjala
BP-2026-2975,ADM-1549,Moses Syombua,Grade 9 B,Term 2,2026,6300,Cheque,CHQ-96332,Priscilla Syombua,2026-06-12,Rebecca Wanjala
BP-2026-2976,ADM-1549,Moses Syombua,Grade 9 B,Term 3,2026,9000,Cash,CSH-75521,Priscilla Syombua,2026-09-25,Rebecca Wanjala
BP-2026-2977,ADM-1550,Godfrey Wambua,Grade 9 B,Term 1,2026,15200,Bank Transfer,RTN-71526,Kipchoge Wambua,2026-01-23,Andreah Smithh
BP-2026-2978,ADM-1550,Godfrey Wambua,Grade 9 B,Term 1,2026,7700,Bank Transfer,RTN-25297,Kipchoge Wambua,2026-02-05,Rebecca Wanjala
BP-2026-2979,ADM-1550,Godfrey Wambua,Grade 9 B,Term 1,2026,7100,Cheque,CHQ-61001,Kipchoge Wambua,2026-02-12,Monica Wanjiru
BP-2026-2980,ADM-1550,Godfrey Wambua,Grade 9 B,Term 2,2026,6900,M-PESA,QWH-40451,Kipchoge Wambua,2026-05-14,Rebecca Wanjala
BP-2026-2981,ADM-1550,Godfrey Wambua,Grade 9 B,Term 2,2026,8100,Bank Transfer,RTN-74150,Kipchoge Wambua,2026-05-28,Andreah Smithh
BP-2026-2982,ADM-1550,Godfrey Wambua,Grade 9 B,Term 3,2026,2100,M-PESA,QWH-67275,Kipchoge Wambua,2026-09-21,Andreah Smithh
BP-2026-2983,ADM-1550,Godfrey Wambua,Grade 9 B,Term 3,2026,1400,M-PESA,QWH-70874,Kipchoge Wambua,2026-10-16,Rebecca Wanjala
BP-2026-2984,ADM-1550,Godfrey Wambua,Grade 9 B,Term 3,2026,2900,Bank Transfer,RTN-80045,Kipchoge Wambua,2026-10-15,Monica Wanjiru
BP-2026-2985,ADM-1551,Charity Kimeu,Grade 9 B,Term 1,2026,30000,M-PESA,QWH-70042,Trevor Kimeu,2026-01-28,Monica Wanjiru
BP-2026-2986,ADM-1551,Charity Kimeu,Grade 9 B,Term 2,2026,5400,Cash,CSH-36568,Trevor Kimeu,2026-05-26,Andreah Smithh
BP-2026-2987,ADM-1551,Charity Kimeu,Grade 9 B,Term 2,2026,9600,Bank Transfer,RTN-10314,Trevor Kimeu,2026-06-16,Rebecca Wanjala
BP-2026-2988,ADM-1551,Charity Kimeu,Grade 9 B,Term 3,2026,9000,M-PESA,QWH-88518,Trevor Kimeu,2026-10-03,Monica Wanjiru
BP-2026-2989,ADM-1552,Gloria Chemtai,Grade 9 B,Term 1,2026,30000,M-PESA,QWH-46123,Dennis Chemtai,2026-01-12,Andreah Smithh
BP-2026-2990,ADM-1552,Gloria Chemtai,Grade 9 B,Term 2,2026,7200,M-PESA,QWH-57431,Dennis Chemtai,2026-05-11,Rebecca Wanjala
BP-2026-2991,ADM-1552,Gloria Chemtai,Grade 9 B,Term 2,2026,2200,Cash,CSH-28914,Dennis Chemtai,2026-06-11,Monica Wanjiru
BP-2026-2992,ADM-1552,Gloria Chemtai,Grade 9 B,Term 2,2026,5600,M-PESA,QWH-32068,Dennis Chemtai,2026-06-24,Monica Wanjiru
BP-2026-2993,ADM-1552,Gloria Chemtai,Grade 9 B,Term 3,2026,4800,Cheque,CHQ-17941,Dennis Chemtai,2026-10-04,Monica Wanjiru
BP-2026-2994,ADM-1552,Gloria Chemtai,Grade 9 B,Term 3,2026,1700,M-PESA,QWH-32190,Dennis Chemtai,2026-10-09,Andreah Smithh
BP-2026-2995,ADM-1552,Gloria Chemtai,Grade 9 B,Term 3,2026,2500,Cash,CSH-71703,Dennis Chemtai,2026-10-11,Rebecca Wanjala
BP-2026-2996,ADM-1553,Godfrey Makhoha,Grade 9 B,Term 1,2026,13800,M-PESA,QWH-41673,Brian Makhoha,2026-01-09,Andreah Smithh
BP-2026-2997,ADM-1553,Godfrey Makhoha,Grade 9 B,Term 1,2026,16200,M-PESA,QWH-44702,Brian Makhoha,2026-02-13,Monica Wanjiru
BP-2026-2998,ADM-1553,Godfrey Makhoha,Grade 9 B,Term 2,2026,4000,Cash,CSH-35602,Brian Makhoha,2026-05-12,Andreah Smithh
BP-2026-2999,ADM-1553,Godfrey Makhoha,Grade 9 B,Term 2,2026,11000,M-PESA,QWH-79624,Brian Makhoha,2026-06-13,Rebecca Wanjala
BP-2026-3000,ADM-1554,Lawrence Wafula,Grade 9 B,Term 1,2026,30000,M-PESA,QWH-23393,Felix Wafula,2026-01-25,Rebecca Wanjala
BP-2026-3001,ADM-1554,Lawrence Wafula,Grade 9 B,Term 2,2026,7500,Cash,CSH-78692,Felix Wafula,2026-05-20,Rebecca Wanjala
BP-2026-3002,ADM-1554,Lawrence Wafula,Grade 9 B,Term 2,2026,7500,Cheque,CHQ-48109,Felix Wafula,2026-05-26,Rebecca Wanjala
BP-2026-3003,ADM-1554,Lawrence Wafula,Grade 9 B,Term 3,2026,1300,Bank Transfer,RTN-22069,Felix Wafula,2026-09-10,Rebecca Wanjala
BP-2026-3004,ADM-1554,Lawrence Wafula,Grade 9 B,Term 3,2026,3600,Bank Transfer,RTN-77303,Felix Wafula,2026-10-14,Rebecca Wanjala
BP-2026-3005,ADM-1555,Benjamin Juma,Grade 9 B,Term 1,2026,20100,M-PESA,QWH-25268,Alex Juma,2026-01-18,Monica Wanjiru
BP-2026-3006,ADM-1555,Benjamin Juma,Grade 9 B,Term 2,2026,15000,Bank Transfer,RTN-98687,Alex Juma,2026-05-13,Andreah Smithh
BP-2026-3007,ADM-1555,Benjamin Juma,Grade 9 B,Term 3,2026,1900,Bank Transfer,RTN-13052,Alex Juma,2026-09-12,Monica Wanjiru
BP-2026-3008,ADM-1555,Benjamin Juma,Grade 9 B,Term 3,2026,2200,M-PESA,QWH-27321,Alex Juma,2026-10-07,Monica Wanjiru
BP-2026-3009,ADM-1556,Veronica Mugo,Grade 9 B,Term 1,2026,9900,Cash,CSH-22743,Harrison Mugo,2026-01-21,Rebecca Wanjala
BP-2026-3010,ADM-1556,Veronica Mugo,Grade 9 B,Term 1,2026,8200,Bank Transfer,RTN-36814,Harrison Mugo,2026-01-23,Monica Wanjiru
BP-2026-3011,ADM-1556,Veronica Mugo,Grade 9 B,Term 1,2026,11900,Cheque,CHQ-29141,Harrison Mugo,2026-02-14,Andreah Smithh
BP-2026-3012,ADM-1556,Veronica Mugo,Grade 9 B,Term 2,2026,6800,Bank Transfer,RTN-57236,Harrison Mugo,2026-05-16,Monica Wanjiru
BP-2026-3013,ADM-1556,Veronica Mugo,Grade 9 B,Term 2,2026,8200,Cheque,CHQ-52322,Harrison Mugo,2026-05-23,Andreah Smithh
BP-2026-3014,ADM-1556,Veronica Mugo,Grade 9 B,Term 3,2026,6000,Bank Transfer,RTN-29706,Harrison Mugo,2026-09-28,Rebecca Wanjala
BP-2026-3015,ADM-1557,Harrison Odera,Grade 9 B,Term 1,2026,8300,Cash,CSH-89597,Alice Odera,2026-01-10,Rebecca Wanjala
BP-2026-3016,ADM-1557,Harrison Odera,Grade 9 B,Term 1,2026,21700,M-PESA,QWH-84072,Alice Odera,2026-02-13,Rebecca Wanjala
BP-2026-3017,ADM-1557,Harrison Odera,Grade 9 B,Term 2,2026,8200,Bank Transfer,RTN-90878,Alice Odera,2026-05-12,Andreah Smithh
BP-2026-3018,ADM-1557,Harrison Odera,Grade 9 B,Term 2,2026,6800,M-PESA,QWH-87348,Alice Odera,2026-06-14,Rebecca Wanjala
BP-2026-3019,ADM-1557,Harrison Odera,Grade 9 B,Term 3,2026,9000,Cash,CSH-20171,Alice Odera,2026-10-03,Monica Wanjiru
BP-2026-3020,ADM-1558,Peter Igweta,Grade 9 B,Term 1,2026,30000,M-PESA,QWH-60431,Thomas Igweta,2026-01-13,Rebecca Wanjala
BP-2026-3021,ADM-1558,Peter Igweta,Grade 9 B,Term 2,2026,15000,Bank Transfer,RTN-13472,Thomas Igweta,2026-05-18,Andreah Smithh
BP-2026-3022,ADM-1558,Peter Igweta,Grade 9 B,Term 3,2026,1800,M-PESA,QWH-56399,Thomas Igweta,2026-09-21,Monica Wanjiru
BP-2026-3023,ADM-1558,Peter Igweta,Grade 9 B,Term 3,2026,2000,Cheque,CHQ-51666,Thomas Igweta,2026-10-14,Monica Wanjiru
BP-2026-3024,ADM-1559,Monica Anyango,Grade 9 B,Term 1,2026,30000,Cash,CSH-14681,Gideon Anyango,2026-01-28,Monica Wanjiru
BP-2026-3025,ADM-1559,Monica Anyango,Grade 9 B,Term 2,2026,15000,Cash,CSH-56708,Gideon Anyango,2026-05-06,Andreah Smithh
BP-2026-3026,ADM-1560,Daniel Kamau,Grade 9 B,Term 1,2026,9800,M-PESA,QWH-55910,Harrison Kamau,2026-01-09,Monica Wanjiru
BP-2026-3027,ADM-1560,Daniel Kamau,Grade 9 B,Term 1,2026,3000,M-PESA,QWH-20742,Harrison Kamau,2026-01-30,Andreah Smithh
BP-2026-3028,ADM-1560,Daniel Kamau,Grade 9 B,Term 1,2026,7300,M-PESA,QWH-39428,Harrison Kamau,2026-02-28,Monica Wanjiru
BP-2026-3029,ADM-1560,Daniel Kamau,Grade 9 B,Term 3,2026,4300,M-PESA,QWH-31720,Harrison Kamau,2026-10-01,Rebecca Wanjala
BP-2026-3030,ADM-1560,Daniel Kamau,Grade 9 B,Term 3,2026,2100,Bank Transfer,RTN-73952,Harrison Kamau,2026-10-20,Monica Wanjiru
BP-2026-3031,ADM-1560,Daniel Kamau,Grade 9 B,Term 3,2026,2600,Bank Transfer,RTN-40002,Harrison Kamau,2026-11-01,Rebecca Wanjala