Admission No,Student Name,Class,Term,Year,Subject,Score,Grade,Class Rank,Teacher Comment
ADM-1001,Gideon Waweru,Grade 1 A,Term 1,2026,English,72,B+,14,Steady progress. Do more revision.
ADM-1001,Gideon Waweru,Grade 1 A,Term 1,2026,Kiswahili,80,A,7,Average. Put more effort into homework.
ADM-1001,Gideon Waweru,Grade 1 A,Term 1,2026,Mathematics,72,B+,14,Very good performance. Focus on the few weak areas.
ADM-1001,Gideon Waweru,Grade 1 A,Term 1,2026,Environmental Activities,88,A,3,Good effort. Can improve with more practice.
ADM-1001,Gideon Waweru,Grade 1 A,Term 1,2026,Religious Education,82,A,8,Very good performance. Focus on the few weak areas.
ADM-1001,Gideon Waweru,Grade 1 A,Term 1,2026,Creative Activities,87,A,4,Below average. Extra tuition recommended.
ADM-1001,Gideon Waweru,Grade 1 A,Term 1,2026,Physical & Health Education,66,B,24,Excellent work. Keep it up!
ADM-1002,George Ndolo,Grade 1 A,Term 1,2026,English,68,B,22,Good effort. Can improve with more practice.
ADM-1002,George Ndolo,Grade 1 A,Term 1,2026,Kiswahili,75,A-,15,Very good performance. Focus on the few weak areas.
ADM-1002,George Ndolo,Grade 1 A,Term 1,2026,Mathematics,53,C,30,Satisfactory. Needs consistent practice.
ADM-1002,George Ndolo,Grade 1 A,Term 1,2026,Environmental Activities,62,B-,24,Excellent work. Keep it up!
ADM-1002,George Ndolo,Grade 1 A,Term 1,2026,Religious Education,80,A,10,Performs well under guidance. Keep practising.
ADM-1002,George Ndolo,Grade 1 A,Term 1,2026,Creative Activities,81,A,6,Excellent work. Keep it up!
ADM-1002,George Ndolo,Grade 1 A,Term 1,2026,Physical & Health Education,66,B,25,Satisfactory. Needs consistent practice.
ADM-1003,John Njuguna,Grade 1 A,Term 1,2026,English,62,B-,29,Excellent work. Keep it up!
ADM-1003,John Njuguna,Grade 1 A,Term 1,2026,Kiswahili,63,B-,27,Excellent work. Keep it up!
ADM-1003,John Njuguna,Grade 1 A,Term 1,2026,Mathematics,48,C-,31,Good effort. Can improve with more practice.
ADM-1003,John Njuguna,Grade 1 A,Term 1,2026,Environmental Activities,62,B-,25,Good effort. Can improve with more practice.
ADM-1003,John Njuguna,Grade 1 A,Term 1,2026,Religious Education,53,C,32,Good effort. Can improve with more practice.
ADM-1003,John Njuguna,Grade 1 A,Term 1,2026,Creative Activities,40,D+,34,Lacks interest; encourage reading at home.
ADM-1003,John Njuguna,Grade 1 A,Term 1,2026,Physical & Health Education,43,D+,34,Struggles with this subject. Seek remedial help.
ADM-1004,Samuel Hassan,Grade 1 A,Term 1,2026,English,66,B,27,Average. Put more effort into homework.
ADM-1004,Samuel Hassan,Grade 1 A,Term 1,2026,Kiswahili,77,A-,13,Performs well under guidance. Keep practising.
ADM-1004,Samuel Hassan,Grade 1 A,Term 1,2026,Mathematics,66,B,20,Good effort. Can improve with more practice.
ADM-1004,Samuel Hassan,Grade 1 A,Term 1,2026,Environmental Activities,71,B+,18,Average. Put more effort into homework.
ADM-1004,Samuel Hassan,Grade 1 A,Term 1,2026,Religious Education,82,A,9,Very good performance. Focus on the few weak areas.
ADM-1004,Samuel Hassan,Grade 1 A,Term 1,2026,Creative Activities,70,B+,20,Good effort. Can improve with more practice.
ADM-1004,Samuel Hassan,Grade 1 A,Term 1,2026,Physical & Health Education,70,B+,21,Steady progress. Do more revision.
ADM-1005,Alice Farah,Grade 1 A,Term 1,2026,English,86,A,4,Needs significant improvement. Revise earlier topics.
ADM-1005,Alice Farah,Grade 1 A,Term 1,2026,Kiswahili,75,A-,16,Good effort. Can improve with more practice.
ADM-1005,Alice Farah,Grade 1 A,Term 1,2026,Mathematics,83,A,5,Excellent work. Keep it up!
ADM-1005,Alice Farah,Grade 1 A,Term 1,2026,Environmental Activities,ABS,ABS,,Absent for the examination.
ADM-1005,Alice Farah,Grade 1 A,Term 1,2026,Religious Education,74,B+,14,Excellent work. Keep it up!
ADM-1005,Alice Farah,Grade 1 A,Term 1,2026,Creative Activities,66,B,26,Very good performance. Focus on the few weak areas.
ADM-1005,Alice Farah,Grade 1 A,Term 1,2026,Physical & Health Education,66,B,26,Steady progress. Do more revision.
ADM-1006,Anthony Omar,Grade 1 A,Term 1,2026,English,67,B,25,Excellent work. Keep it up!
ADM-1006,Anthony Omar,Grade 1 A,Term 1,2026,Kiswahili,83,A,5,Satisfactory. Needs consistent practice.
ADM-1006,Anthony Omar,Grade 1 A,Term 1,2026,Mathematics,68,B,18,Very good performance. Focus on the few weak areas.
ADM-1006,Anthony Omar,Grade 1 A,Term 1,2026,Environmental Activities,79,A-,9,Shows understanding of key concepts.
ADM-1006,Anthony Omar,Grade 1 A,Term 1,2026,Religious Education,71,B+,17,Very good performance. Focus on the few weak areas.
ADM-1006,Anthony Omar,Grade 1 A,Term 1,2026,Creative Activities,77,A-,8,Shows understanding of key concepts.
ADM-1006,Anthony Omar,Grade 1 A,Term 1,2026,Physical & Health Education,83,A,5,Excellent work. Keep it up!
ADM-1007,Abigail Mutuku,Grade 1 A,Term 1,2026,English,58,C+,32,Very good performance. Focus on the few weak areas.
ADM-1007,Abigail Mutuku,Grade 1 A,Term 1,2026,Kiswahili,72,B+,17,Steady progress. Do more revision.
ADM-1007,Abigail Mutuku,Grade 1 A,Term 1,2026,Mathematics,46,C-,33,Very good performance. Focus on the few weak areas.
ADM-1007,Abigail Mutuku,Grade 1 A,Term 1,2026,Environmental Activities,54,C,32,Steady progress. Do more revision.
ADM-1007,Abigail Mutuku,Grade 1 A,Term 1,2026,Religious Education,54,C,30,Very good performance. Focus on the few weak areas.
ADM-1007,Abigail Mutuku,Grade 1 A,Term 1,2026,Creative Activities,65,B,27,Satisfactory. Needs consistent practice.
ADM-1007,Abigail Mutuku,Grade 1 A,Term 1,2026,Physical & Health Education,50,C,32,Excellent work. Keep it up!
ADM-1008,Eric Odera,Grade 1 A,Term 1,2026,English,64,B-,28,Very good performance. Focus on the few weak areas.
ADM-1008,Eric Odera,Grade 1 A,Term 1,2026,Kiswahili,68,B,21,Excellent work. Keep it up!
ADM-1008,Eric Odera,Grade 1 A,Term 1,2026,Mathematics,64,B-,28,Average. Put more effort into homework.
ADM-1008,Eric Odera,Grade 1 A,Term 1,2026,Environmental Activities,70,B+,20,Excellent work. Keep it up!
ADM-1008,Eric Odera,Grade 1 A,Term 1,2026,Religious Education,65,B,21,Average. Put more effort into homework.
ADM-1008,Eric Odera,Grade 1 A,Term 1,2026,Creative Activities,70,B+,21,Satisfactory. Needs consistent practice.
ADM-1008,Eric Odera,Grade 1 A,Term 1,2026,Physical & Health Education,82,A,8,Average. Put more effort into homework.
ADM-1009,Dorcas Bakari,Grade 1 A,Term 1,2026,English,68,B,23,Satisfactory. Needs consistent practice.
ADM-1009,Dorcas Bakari,Grade 1 A,Term 1,2026,Kiswahili,59,C+,30,Steady progress. Do more revision.
ADM-1009,Dorcas Bakari,Grade 1 A,Term 1,2026,Mathematics,62,B-,29,Excellent work. Keep it up!
ADM-1009,Dorcas Bakari,Grade 1 A,Term 1,2026,Environmental Activities,60,B-,27,Very good performance. Focus on the few weak areas.
ADM-1009,Dorcas Bakari,Grade 1 A,Term 1,2026,Religious Education,54,C,31,Average. Put more effort into homework.
ADM-1009,Dorcas Bakari,Grade 1 A,Term 1,2026,Creative Activities,69,B,22,Average. Put more effort into homework.
ADM-1009,Dorcas Bakari,Grade 1 A,Term 1,2026,Physical & Health Education,53,C,28,Average. Put more effort into homework.
ADM-1010,Kevin Pashua,Grade 1 A,Term 1,2026,English,86,A,5,Steady progress. Do more revision.
ADM-1010,Kevin Pashua,Grade 1 A,Term 1,2026,Kiswahili,100,A,1,Performs well under guidance. Keep practising.
ADM-1010,Kevin Pashua,Grade 1 A,Term 1,2026,Mathematics,79,A-,8,Needs significant improvement. Revise earlier topics.
ADM-1010,Kevin Pashua,Grade 1 A,Term 1,2026,Environmental Activities,87,A,4,Satisfactory. Needs consistent practice.
ADM-1010,Kevin Pashua,Grade 1 A,Term 1,2026,Religious Education,83,A,6,Below average. Extra tuition recommended.
ADM-1010,Kevin Pashua,Grade 1 A,Term 1,2026,Creative Activities,89,A,3,Performs well under guidance. Keep practising.
ADM-1010,Kevin Pashua,Grade 1 A,Term 1,2026,Physical & Health Education,80,A,10,Good effort. Can improve with more practice.
ADM-1011,Winfred Bakari,Grade 1 A,Term 1,2026,English,70,B+,18,Average. Put more effort into homework.
ADM-1011,Winfred Bakari,Grade 1 A,Term 1,2026,Kiswahili,80,A,8,Below average. Extra tuition recommended.
ADM-1011,Winfred Bakari,Grade 1 A,Term 1,2026,Mathematics,65,B,21,Average. Put more effort into homework.
ADM-1011,Winfred Bakari,Grade 1 A,Term 1,2026,Environmental Activities,82,A,7,Very good performance. Focus on the few weak areas.
ADM-1011,Winfred Bakari,Grade 1 A,Term 1,2026,Religious Education,63,B-,23,Good effort. Can improve with more practice.
ADM-1011,Winfred Bakari,Grade 1 A,Term 1,2026,Creative Activities,60,B-,30,Average. Put more effort into homework.
ADM-1011,Winfred Bakari,Grade 1 A,Term 1,2026,Physical & Health Education,71,B+,19,Average. Put more effort into homework.
ADM-1012,Diana Khaemba,Grade 1 A,Term 1,2026,English,68,B,24,Good effort. Can improve with more practice.
ADM-1012,Diana Khaemba,Grade 1 A,Term 1,2026,Kiswahili,51,C,34,Very good performance. Focus on the few weak areas.
ADM-1012,Diana Khaemba,Grade 1 A,Term 1,2026,Mathematics,65,B,22,Steady progress. Do more revision.
ADM-1012,Diana Khaemba,Grade 1 A,Term 1,2026,Environmental Activities,53,C,33,Steady progress. Do more revision.
ADM-1012,Diana Khaemba,Grade 1 A,Term 1,2026,Religious Education,56,C+,29,Very good performance. Focus on the few weak areas.
ADM-1012,Diana Khaemba,Grade 1 A,Term 1,2026,Creative Activities,49,C-,33,Excellent work. Keep it up!
ADM-1012,Diana Khaemba,Grade 1 A,Term 1,2026,Physical & Health Education,53,C,29,Excellent work. Keep it up!
ADM-1013,Purity Nzioka,Grade 1 A,Term 1,2026,English,82,A,6,Satisfactory. Needs consistent practice.
ADM-1013,Purity Nzioka,Grade 1 A,Term 1,2026,Kiswahili,79,A-,9,Excellent work. Keep it up!
ADM-1013,Purity Nzioka,Grade 1 A,Term 1,2026,Mathematics,72,B+,15,Excellent work. Keep it up!
ADM-1013,Purity Nzioka,Grade 1 A,Term 1,2026,Environmental Activities,76,A-,16,Satisfactory. Needs consistent practice.
ADM-1013,Purity Nzioka,Grade 1 A,Term 1,2026,Religious Education,95,A,1,Excellent work. Keep it up!
ADM-1013,Purity Nzioka,Grade 1 A,Term 1,2026,Creative Activities,76,A-,9,Steady progress. Do more revision.
ADM-1013,Purity Nzioka,Grade 1 A,Term 1,2026,Physical & Health Education,71,B+,20,Very good performance. Focus on the few weak areas.
ADM-1014,Eric Mutoro,Grade 1 A,Term 1,2026,English,69,B,20,Steady progress. Do more revision.
ADM-1014,Eric Mutoro,Grade 1 A,Term 1,2026,Kiswahili,55,C+,31,Average. Put more effort into homework.
ADM-1014,Eric Mutoro,Grade 1 A,Term 1,2026,Mathematics,86,A,4,Performs well under guidance. Keep practising.
ADM-1014,Eric Mutoro,Grade 1 A,Term 1,2026,Environmental Activities,70,B+,21,Excellent work. Keep it up!
ADM-1014,Eric Mutoro,Grade 1 A,Term 1,2026,Religious Education,79,A-,11,Very good performance. Focus on the few weak areas.
ADM-1014,Eric Mutoro,Grade 1 A,Term 1,2026,Creative Activities,72,B+,16,Very good performance. Focus on the few weak areas.
ADM-1014,Eric Mutoro,Grade 1 A,Term 1,2026,Physical & Health Education,87,A,3,Below average. Extra tuition recommended.
ADM-1015,Yvonne Kariuki,Grade 1 A,Term 1,2026,English,69,B,21,Average. Put more effort into homework.
ADM-1015,Yvonne Kariuki,Grade 1 A,Term 1,2026,Kiswahili,67,B,24,Average. Put more effort into homework.
ADM-1015,Yvonne Kariuki,Grade 1 A,Term 1,2026,Mathematics,73,B+,12,Satisfactory. Needs consistent practice.
ADM-1015,Yvonne Kariuki,Grade 1 A,Term 1,2026,Environmental Activities,79,A-,10,Very good performance. Focus on the few weak areas.
ADM-1015,Yvonne Kariuki,Grade 1 A,Term 1,2026,Religious Education,69,B,18,Satisfactory. Needs consistent practice.
ADM-1015,Yvonne Kariuki,Grade 1 A,Term 1,2026,Creative Activities,75,A-,12,Needs significant improvement. Revise earlier topics.
ADM-1015,Yvonne Kariuki,Grade 1 A,Term 1,2026,Physical & Health Education,66,B,27,Satisfactory. Needs consistent practice.
ADM-1016,John Lugalia,Grade 1 A,Term 1,2026,English,76,A-,11,Steady progress. Do more revision.
ADM-1016,John Lugalia,Grade 1 A,Term 1,2026,Kiswahili,66,B,25,Good effort. Can improve with more practice.
ADM-1016,John Lugalia,Grade 1 A,Term 1,2026,Mathematics,65,B,23,Steady progress. Do more revision.
ADM-1016,John Lugalia,Grade 1 A,Term 1,2026,Environmental Activities,81,A,8,Steady progress. Do more revision.
ADM-1016,John Lugalia,Grade 1 A,Term 1,2026,Religious Education,61,B-,25,Steady progress. Do more revision.
ADM-1016,John Lugalia,Grade 1 A,Term 1,2026,Creative Activities,75,A-,13,Performs well under guidance. Keep practising.
ADM-1016,John Lugalia,Grade 1 A,Term 1,2026,Physical & Health Education,76,A-,15,Performs well under guidance. Keep practising.
ADM-1017,Fridah Oluoch,Grade 1 A,Term 1,2026,English,78,A-,10,Very good performance. Focus on the few weak areas.
ADM-1017,Fridah Oluoch,Grade 1 A,Term 1,2026,Kiswahili,84,A,4,Average. Put more effort into homework.
ADM-1017,Fridah Oluoch,Grade 1 A,Term 1,2026,Mathematics,91,A,1,Excellent work. Keep it up!
ADM-1017,Fridah Oluoch,Grade 1 A,Term 1,2026,Environmental Activities,87,A,5,Average. Put more effort into homework.
ADM-1017,Fridah Oluoch,Grade 1 A,Term 1,2026,Religious Education,87,A,4,Needs significant improvement. Revise earlier topics.
ADM-1017,Fridah Oluoch,Grade 1 A,Term 1,2026,Creative Activities,99,A,2,Shows understanding of key concepts.
ADM-1017,Fridah Oluoch,Grade 1 A,Term 1,2026,Physical & Health Education,92,A,1,Below average. Extra tuition recommended.
ADM-1018,Charity Sichangi,Grade 1 A,Term 1,2026,English,72,B+,15,Average. Put more effort into homework.
ADM-1018,Charity Sichangi,Grade 1 A,Term 1,2026,Kiswahili,68,B,22,Satisfactory. Needs consistent practice.
ADM-1018,Charity Sichangi,Grade 1 A,Term 1,2026,Mathematics,68,B,19,Good effort. Can improve with more practice.
ADM-1018,Charity Sichangi,Grade 1 A,Term 1,2026,Environmental Activities,58,C+,29,Very good performance. Focus on the few weak areas.
ADM-1018,Charity Sichangi,Grade 1 A,Term 1,2026,Religious Education,49,C-,34,Satisfactory. Needs consistent practice.
ADM-1018,Charity Sichangi,Grade 1 A,Term 1,2026,Creative Activities,50,C,32,Very good performance. Focus on the few weak areas.
ADM-1018,Charity Sichangi,Grade 1 A,Term 1,2026,Physical & Health Education,75,A-,16,Excellent work. Keep it up!
ADM-1019,Stephen Kinyua,Grade 1 A,Term 1,2026,English,81,A,7,Performs well under guidance. Keep practising.
ADM-1019,Stephen Kinyua,Grade 1 A,Term 1,2026,Kiswahili,66,B,26,Excellent work. Keep it up!
ADM-1019,Stephen Kinyua,Grade 1 A,Term 1,2026,Mathematics,65,B,24,Satisfactory. Needs consistent practice.
ADM-1019,Stephen Kinyua,Grade 1 A,Term 1,2026,Environmental Activities,79,A-,11,Good effort. Can improve with more practice.
ADM-1019,Stephen Kinyua,Grade 1 A,Term 1,2026,Religious Education,76,A-,12,Below average. Extra tuition recommended.
ADM-1019,Stephen Kinyua,Grade 1 A,Term 1,2026,Creative Activities,87,A,5,Below average. Extra tuition recommended.
ADM-1019,Stephen Kinyua,Grade 1 A,Term 1,2026,Physical & Health Education,74,B+,18,Satisfactory. Needs consistent practice.
ADM-1020,James Mganga,Grade 1 A,Term 1,2026,English,72,B+,16,Average. Put more effort into homework.
ADM-1020,James Mganga,Grade 1 A,Term 1,2026,Kiswahili,63,B-,28,Satisfactory. Needs consistent practice.
ADM-1020,James Mganga,Grade 1 A,Term 1,2026,Mathematics,74,B+,11,Satisfactory. Needs consistent practice.
ADM-1020,James Mganga,Grade 1 A,Term 1,2026,Environmental Activities,71,B+,19,Satisfactory. Needs consistent practice.
ADM-1020,James Mganga,Grade 1 A,Term 1,2026,Religious Education,88,A,3,Average. Put more effort into homework.
ADM-1020,James Mganga,Grade 1 A,Term 1,2026,Creative Activities,67,B,25,Satisfactory. Needs consistent practice.
ADM-1020,James Mganga,Grade 1 A,Term 1,2026,Physical & Health Education,75,A-,17,Needs significant improvement. Revise earlier topics.
ADM-1021,Brenda Oduor,Grade 1 A,Term 1,2026,English,80,A,8,Shows understanding of key concepts.
ADM-1021,Brenda Oduor,Grade 1 A,Term 1,2026,Kiswahili,76,A-,14,Shows understanding of key concepts.
ADM-1021,Brenda Oduor,Grade 1 A,Term 1,2026,Mathematics,78,A-,9,Satisfactory. Needs consistent practice.
ADM-1021,Brenda Oduor,Grade 1 A,Term 1,2026,Environmental Activities,79,A-,12,Excellent work. Keep it up!
ADM-1021,Brenda Oduor,Grade 1 A,Term 1,2026,Religious Education,68,B,19,Excellent work. Keep it up!
ADM-1021,Brenda Oduor,Grade 1 A,Term 1,2026,Creative Activities,68,B,24,Excellent work. Keep it up!
ADM-1021,Brenda Oduor,Grade 1 A,Term 1,2026,Physical & Health Education,51,C,30,Satisfactory. Needs consistent practice.
ADM-1022,Kiplangat Wafula,Grade 1 A,Term 1,2026,English,91,A,2,Steady progress. Do more revision.
ADM-1022,Kiplangat Wafula,Grade 1 A,Term 1,2026,Kiswahili,91,A,2,Satisfactory. Needs consistent practice.
ADM-1022,Kiplangat Wafula,Grade 1 A,Term 1,2026,Mathematics,87,A,3,Good effort. Can improve with more practice.
ADM-1022,Kiplangat Wafula,Grade 1 A,Term 1,2026,Environmental Activities,100,A,1,Performs well under guidance. Keep practising.
ADM-1022,Kiplangat Wafula,Grade 1 A,Term 1,2026,Religious Education,94,A,2,Satisfactory. Needs consistent practice.
ADM-1022,Kiplangat Wafula,Grade 1 A,Term 1,2026,Creative Activities,100,A,1,Excellent work. Keep it up!
ADM-1022,Kiplangat Wafula,Grade 1 A,Term 1,2026,Physical & Health Education,89,A,2,Needs significant improvement. Revise earlier topics.
ADM-1023,Karen Makokha,Grade 1 A,Term 1,2026,English,67,B,26,Satisfactory. Needs consistent practice.
ADM-1023,Karen Makokha,Grade 1 A,Term 1,2026,Kiswahili,68,B,23,Very good performance. Focus on the few weak areas.
ADM-1023,Karen Makokha,Grade 1 A,Term 1,2026,Mathematics,83,A,6,Performs well under guidance. Keep practising.
ADM-1023,Karen Makokha,Grade 1 A,Term 1,2026,Environmental Activities,79,A-,13,Shows understanding of key concepts.
ADM-1023,Karen Makokha,Grade 1 A,Term 1,2026,Religious Education,63,B-,24,Very good performance. Focus on the few weak areas.
ADM-1023,Karen Makokha,Grade 1 A,Term 1,2026,Creative Activities,78,A-,7,Good effort. Can improve with more practice.
ADM-1023,Karen Makokha,Grade 1 A,Term 1,2026,Physical & Health Education,69,B,23,Average. Put more effort into homework.
ADM-1024,Tabitha Ndungu,Grade 1 A,Term 1,2026,English,54,C,33,Very good performance. Focus on the few weak areas.
ADM-1024,Tabitha Ndungu,Grade 1 A,Term 1,2026,Kiswahili,53,C,32,Satisfactory. Needs consistent practice.
ADM-1024,Tabitha Ndungu,Grade 1 A,Term 1,2026,Mathematics,48,C-,32,Very good performance. Focus on the few weak areas.
ADM-1024,Tabitha Ndungu,Grade 1 A,Term 1,2026,Environmental Activities,61,B-,26,Steady progress. Do more revision.
ADM-1024,Tabitha Ndungu,Grade 1 A,Term 1,2026,Religious Education,52,C,33,Satisfactory. Needs consistent practice.
ADM-1024,Tabitha Ndungu,Grade 1 A,Term 1,2026,Creative Activities,64,B-,28,Steady progress. Do more revision.
ADM-1024,Tabitha Ndungu,Grade 1 A,Term 1,2026,Physical & Health Education,51,C,31,Good effort. Can improve with more practice.
ADM-1025,Mark Kioko,Grade 1 A,Term 1,2026,English,70,B+,19,Good effort. Can improve with more practice.
ADM-1025,Mark Kioko,Grade 1 A,Term 1,2026,Kiswahili,81,A,6,Shows understanding of key concepts.
ADM-1025,Mark Kioko,Grade 1 A,Term 1,2026,Mathematics,71,B+,16,Average. Put more effort into homework.
ADM-1025,Mark Kioko,Grade 1 A,Term 1,2026,Environmental Activities,73,B+,17,Satisfactory. Needs consistent practice.
ADM-1025,Mark Kioko,Grade 1 A,Term 1,2026,Religious Education,73,B+,15,Steady progress. Do more revision.
ADM-1025,Mark Kioko,Grade 1 A,Term 1,2026,Creative Activities,76,A-,10,Below average. Extra tuition recommended.
ADM-1025,Mark Kioko,Grade 1 A,Term 1,2026,Physical & Health Education,77,A-,13,Performs well under guidance. Keep practising.
ADM-1026,Eric Obiero,Grade 1 A,Term 1,2026,English,80,A,9,Shows understanding of key concepts.
ADM-1026,Eric Obiero,Grade 1 A,Term 1,2026,Kiswahili,69,B,19,Very good performance. Focus on the few weak areas.
ADM-1026,Eric Obiero,Grade 1 A,Term 1,2026,Mathematics,71,B+,17,Excellent work. Keep it up!
ADM-1026,Eric Obiero,Grade 1 A,Term 1,2026,Environmental Activities,55,C+,31,Excellent work. Keep it up!
ADM-1026,Eric Obiero,Grade 1 A,Term 1,2026,Religious Education,57,C+,26,Very good performance. Focus on the few weak areas.
ADM-1026,Eric Obiero,Grade 1 A,Term 1,2026,Creative Activities,62,B-,29,Good effort. Can improve with more practice.
ADM-1026,Eric Obiero,Grade 1 A,Term 1,2026,Physical & Health Education,84,A,4,Average. Put more effort into homework.
ADM-1027,Michael Ndolo,Grade 1 A,Term 1,2026,English,62,B-,30,Very good performance. Focus on the few weak areas.
ADM-1027,Michael Ndolo,Grade 1 A,Term 1,2026,Kiswahili,60,B-,29,Steady progress. Do more revision.
ADM-1027,Michael Ndolo,Grade 1 A,Term 1,2026,Mathematics,77,A-,10,Performs well under guidance. Keep practising.
ADM-1027,Michael Ndolo,Grade 1 A,Term 1,2026,Environmental Activities,64,B-,23,Very good performance. Focus on the few weak areas.
ADM-1027,Michael Ndolo,Grade 1 A,Term 1,2026,Religious Education,68,B,20,Satisfactory. Needs consistent practice.
ADM-1027,Michael Ndolo,Grade 1 A,Term 1,2026,Creative Activities,72,B+,17,Good effort. Can improve with more practice.
ADM-1027,Michael Ndolo,Grade 1 A,Term 1,2026,Physical & Health Education,70,B+,22,Steady progress. Do more revision.
ADM-1028,Lawrence Chemtai,Grade 1 A,Term 1,2026,English,94,A,1,Steady progress. Do more revision.
ADM-1028,Lawrence Chemtai,Grade 1 A,Term 1,2026,Kiswahili,79,A-,10,Average. Put more effort into homework.
ADM-1028,Lawrence Chemtai,Grade 1 A,Term 1,2026,Mathematics,88,A,2,Below average. Extra tuition recommended.
ADM-1028,Lawrence Chemtai,Grade 1 A,Term 1,2026,Environmental Activities,66,B,22,Steady progress. Do more revision.
ADM-1028,Lawrence Chemtai,Grade 1 A,Term 1,2026,Religious Education,76,A-,13,Needs significant improvement. Revise earlier topics.
ADM-1028,Lawrence Chemtai,Grade 1 A,Term 1,2026,Creative Activities,74,B+,15,Average. Put more effort into homework.
ADM-1028,Lawrence Chemtai,Grade 1 A,Term 1,2026,Physical & Health Education,83,A,6,Satisfactory. Needs consistent practice.
ADM-1029,Emmanuel Njenga,Grade 1 A,Term 1,2026,English,73,B+,13,Satisfactory. Needs consistent practice.
ADM-1029,Emmanuel Njenga,Grade 1 A,Term 1,2026,Kiswahili,72,B+,18,Good effort. Can improve with more practice.
ADM-1029,Emmanuel Njenga,Grade 1 A,Term 1,2026,Mathematics,73,B+,13,Excellent work. Keep it up!
ADM-1029,Emmanuel Njenga,Grade 1 A,Term 1,2026,Environmental Activities,84,A,6,Average. Put more effort into homework.
ADM-1029,Emmanuel Njenga,Grade 1 A,Term 1,2026,Religious Education,72,B+,16,Steady progress. Do more revision.
ADM-1029,Emmanuel Njenga,Grade 1 A,Term 1,2026,Creative Activities,76,A-,11,Steady progress. Do more revision.
ADM-1029,Emmanuel Njenga,Grade 1 A,Term 1,2026,Physical & Health Education,80,A,11,Very good performance. Focus on the few weak areas.
ADM-1030,Yvonne Karanja,Grade 1 A,Term 1,2026,English,72,B+,17,Excellent work. Keep it up!
ADM-1030,Yvonne Karanja,Grade 1 A,Term 1,2026,Kiswahili,79,A-,11,Needs significant improvement. Revise earlier topics.
ADM-1030,Yvonne Karanja,Grade 1 A,Term 1,2026,Mathematics,65,B,25,Very good performance. Focus on the few weak areas.
ADM-1030,Yvonne Karanja,Grade 1 A,Term 1,2026,Environmental Activities,77,A-,14,Excellent work. Keep it up!
ADM-1030,Yvonne Karanja,Grade 1 A,Term 1,2026,Religious Education,65,B,22,Excellent work. Keep it up!
ADM-1030,Yvonne Karanja,Grade 1 A,Term 1,2026,Creative Activities,69,B,23,Satisfactory. Needs consistent practice.
ADM-1030,Yvonne Karanja,Grade 1 A,Term 1,2026,Physical & Health Education,78,A-,12,Performs well under guidance. Keep practising.
ADM-1031,Yvonne Njeri,Grade 1 A,Term 1,2026,English,88,A,3,Good effort. Can improve with more practice.
ADM-1031,Yvonne Njeri,Grade 1 A,Term 1,2026,Kiswahili,85,A,3,Needs significant improvement. Revise earlier topics.
ADM-1031,Yvonne Njeri,Grade 1 A,Term 1,2026,Mathematics,65,B,26,Satisfactory. Needs consistent practice.
ADM-1031,Yvonne Njeri,Grade 1 A,Term 1,2026,Environmental Activities,90,A,2,Average. Put more effort into homework.
ADM-1031,Yvonne Njeri,Grade 1 A,Term 1,2026,Religious Education,83,A,7,Shows understanding of key concepts.
ADM-1031,Yvonne Njeri,Grade 1 A,Term 1,2026,Creative Activities,71,B+,18,Good effort. Can improve with more practice.
ADM-1031,Yvonne Njeri,Grade 1 A,Term 1,2026,Physical & Health Education,83,A,7,Good effort. Can improve with more practice.
ADM-1032,Esther Mutiso,Grade 1 A,Term 1,2026,English,74,B+,12,Good effort. Can improve with more practice.
ADM-1032,Esther Mutiso,Grade 1 A,Term 1,2026,Kiswahili,78,A-,12,Average. Put more effort into homework.
ADM-1032,Esther Mutiso,Grade 1 A,Term 1,2026,Mathematics,81,A,7,Performs well under guidance. Keep practising.
ADM-1032,Esther Mutiso,Grade 1 A,Term 1,2026,Environmental Activities,77,A-,15,Needs significant improvement. Revise earlier topics.
ADM-1032,Esther Mutiso,Grade 1 A,Term 1,2026,Religious Education,87,A,5,Very good performance. Focus on the few weak areas.
ADM-1032,Esther Mutiso,Grade 1 A,Term 1,2026,Creative Activities,75,A-,14,Performs well under guidance. Keep practising.
ADM-1032,Esther Mutiso,Grade 1 A,Term 1,2026,Physical & Health Education,81,A,9,Excellent work. Keep it up!
ADM-1033,Daniel Noor,Grade 1 A,Term 1,2026,English,61,B-,31,Excellent work. Keep it up!
ADM-1033,Daniel Noor,Grade 1 A,Term 1,2026,Kiswahili,69,B,20,Average. Put more effort into homework.
ADM-1033,Daniel Noor,Grade 1 A,Term 1,2026,Mathematics,65,B,27,Good effort. Can improve with more practice.
ADM-1033,Daniel Noor,Grade 1 A,Term 1,2026,Environmental Activities,59,C+,28,Satisfactory. Needs consistent practice.
ADM-1033,Daniel Noor,Grade 1 A,Term 1,2026,Religious Education,57,C+,27,Average. Put more effort into homework.
ADM-1033,Daniel Noor,Grade 1 A,Term 1,2026,Creative Activities,58,C+,31,Good effort. Can improve with more practice.
ADM-1033,Daniel Noor,Grade 1 A,Term 1,2026,Physical & Health Education,77,A-,14,Satisfactory. Needs consistent practice.
ADM-1034,Alice Metto,Grade 1 A,Term 1,2026,English,54,C,34,Average. Put more effort into homework.
ADM-1034,Alice Metto,Grade 1 A,Term 1,2026,Kiswahili,52,C,33,Very good performance. Focus on the few weak areas.
ADM-1034,Alice Metto,Grade 1 A,Term 1,2026,Mathematics,46,C-,34,Excellent work. Keep it up!
ADM-1034,Alice Metto,Grade 1 A,Term 1,2026,Environmental Activities,57,C+,30,Good effort. Can improve with more practice.
ADM-1034,Alice Metto,Grade 1 A,Term 1,2026,Religious Education,57,C+,28,Steady progress. Do more revision.
ADM-1034,Alice Metto,Grade 1 A,Term 1,2026,Creative Activities,71,B+,19,Excellent work. Keep it up!
ADM-1034,Alice Metto,Grade 1 A,Term 1,2026,Physical & Health Education,48,C-,33,Steady progress. Do more revision.
ADM-1035,Maureen Muthoka,Grade 1 B,Term 1,2026,English,75,A-,8,Excellent work. Keep it up!
ADM-1035,Maureen Muthoka,Grade 1 B,Term 1,2026,Kiswahili,72,B+,14,Very good performance. Focus on the few weak areas.
ADM-1035,Maureen Muthoka,Grade 1 B,Term 1,2026,Mathematics,75,A-,12,Very good performance. Focus on the few weak areas.
ADM-1035,Maureen Muthoka,Grade 1 B,Term 1,2026,Environmental Activities,67,B,14,Average. Put more effort into homework.
ADM-1035,Maureen Muthoka,Grade 1 B,Term 1,2026,Religious Education,72,B+,13,Good effort. Can improve with more practice.
ADM-1035,Maureen Muthoka,Grade 1 B,Term 1,2026,Creative Activities,73,B+,17,Good effort. Can improve with more practice.
ADM-1035,Maureen Muthoka,Grade 1 B,Term 1,2026,Physical & Health Education,91,A,3,Satisfactory. Needs consistent practice.
ADM-1036,Alice Abdi,Grade 1 B,Term 1,2026,English,93,A,4,Good effort. Can improve with more practice.
ADM-1036,Alice Abdi,Grade 1 B,Term 1,2026,Kiswahili,96,A,1,Excellent work. Keep it up!
ADM-1036,Alice Abdi,Grade 1 B,Term 1,2026,Mathematics,89,A,4,Very good performance. Focus on the few weak areas.
ADM-1036,Alice Abdi,Grade 1 B,Term 1,2026,Environmental Activities,88,A,2,Excellent work. Keep it up!
ADM-1036,Alice Abdi,Grade 1 B,Term 1,2026,Religious Education,86,A,4,Excellent work. Keep it up!
ADM-1036,Alice Abdi,Grade 1 B,Term 1,2026,Creative Activities,96,A,1,Performs well under guidance. Keep practising.
ADM-1036,Alice Abdi,Grade 1 B,Term 1,2026,Physical & Health Education,93,A,2,Excellent work. Keep it up!
ADM-1037,Kipchoge Akoth,Grade 1 B,Term 1,2026,English,53,C,27,Average. Put more effort into homework.
ADM-1037,Kipchoge Akoth,Grade 1 B,Term 1,2026,Kiswahili,58,C+,27,Satisfactory. Needs consistent practice.
ADM-1037,Kipchoge Akoth,Grade 1 B,Term 1,2026,Mathematics,52,C,29,Average. Put more effort into homework.
ADM-1037,Kipchoge Akoth,Grade 1 B,Term 1,2026,Environmental Activities,66,B,16,Good effort. Can improve with more practice.
ADM-1037,Kipchoge Akoth,Grade 1 B,Term 1,2026,Religious Education,61,B-,25,Satisfactory. Needs consistent practice.
ADM-1037,Kipchoge Akoth,Grade 1 B,Term 1,2026,Creative Activities,63,B-,22,Very good performance. Focus on the few weak areas.
ADM-1037,Kipchoge Akoth,Grade 1 B,Term 1,2026,Physical & Health Education,76,A-,12,Excellent work. Keep it up!
ADM-1038,Abigail Yusuf,Grade 1 B,Term 1,2026,English,40,D+,32,Homework not done regularly.
ADM-1038,Abigail Yusuf,Grade 1 B,Term 1,2026,Kiswahili,53,C,31,Good effort. Can improve with more practice.
ADM-1038,Abigail Yusuf,Grade 1 B,Term 1,2026,Mathematics,60,B-,24,Average. Put more effort into homework.
ADM-1038,Abigail Yusuf,Grade 1 B,Term 1,2026,Environmental Activities,54,C,29,Excellent work. Keep it up!
ADM-1038,Abigail Yusuf,Grade 1 B,Term 1,2026,Religious Education,44,D+,31,Lacks interest; encourage reading at home.
ADM-1038,Abigail Yusuf,Grade 1 B,Term 1,2026,Creative Activities,54,C,30,Good effort. Can improve with more practice.
ADM-1038,Abigail Yusuf,Grade 1 B,Term 1,2026,Physical & Health Education,61,B-,28,Steady progress. Do more revision.
ADM-1039,Peter Choge,Grade 1 B,Term 1,2026,English,74,B+,11,Steady progress. Do more revision.
ADM-1039,Peter Choge,Grade 1 B,Term 1,2026,Kiswahili,79,A-,10,Average. Put more effort into homework.
ADM-1039,Peter Choge,Grade 1 B,Term 1,2026,Mathematics,83,A,7,Shows understanding of key concepts.
ADM-1039,Peter Choge,Grade 1 B,Term 1,2026,Environmental Activities,66,B,17,Very good performance. Focus on the few weak areas.
ADM-1039,Peter Choge,Grade 1 B,Term 1,2026,Religious Education,65,B,18,Excellent work. Keep it up!
ADM-1039,Peter Choge,Grade 1 B,Term 1,2026,Creative Activities,69,B,20,Satisfactory. Needs consistent practice.
ADM-1039,Peter Choge,Grade 1 B,Term 1,2026,Physical & Health Education,75,A-,13,Needs significant improvement. Revise earlier topics.
ADM-1040,Joshua Nzioka,Grade 1 B,Term 1,2026,English,62,B-,21,Steady progress. Do more revision.
ADM-1040,Joshua Nzioka,Grade 1 B,Term 1,2026,Kiswahili,73,B+,13,Good effort. Can improve with more practice.
ADM-1040,Joshua Nzioka,Grade 1 B,Term 1,2026,Mathematics,56,C+,26,Average. Put more effort into homework.
ADM-1040,Joshua Nzioka,Grade 1 B,Term 1,2026,Environmental Activities,65,B,18,Satisfactory. Needs consistent practice.
ADM-1040,Joshua Nzioka,Grade 1 B,Term 1,2026,Religious Education,62,B-,23,Satisfactory. Needs consistent practice.
ADM-1040,Joshua Nzioka,Grade 1 B,Term 1,2026,Creative Activities,62,B-,24,Satisfactory. Needs consistent practice.
ADM-1040,Joshua Nzioka,Grade 1 B,Term 1,2026,Physical & Health Education,67,B,21,Good effort. Can improve with more practice.
ADM-1041,Winnie Suleiman,Grade 1 B,Term 1,2026,English,62,B-,22,Very good performance. Focus on the few weak areas.
ADM-1041,Winnie Suleiman,Grade 1 B,Term 1,2026,Kiswahili,82,A,7,Satisfactory. Needs consistent practice.
ADM-1041,Winnie Suleiman,Grade 1 B,Term 1,2026,Mathematics,66,B,20,Good effort. Can improve with more practice.
ADM-1041,Winnie Suleiman,Grade 1 B,Term 1,2026,Environmental Activities,65,B,19,Steady progress. Do more revision.
ADM-1041,Winnie Suleiman,Grade 1 B,Term 1,2026,Religious Education,70,B+,15,Steady progress. Do more revision.
ADM-1041,Winnie Suleiman,Grade 1 B,Term 1,2026,Creative Activities,77,A-,10,Excellent work. Keep it up!
ADM-1041,Winnie Suleiman,Grade 1 B,Term 1,2026,Physical & Health Education,65,B,23,Very good performance. Focus on the few weak areas.
ADM-1042,John Pekeri,Grade 1 B,Term 1,2026,English,ABS,ABS,,Absent for the examination.
ADM-1042,John Pekeri,Grade 1 B,Term 1,2026,Kiswahili,74,B+,12,Steady progress. Do more revision.
ADM-1042,John Pekeri,Grade 1 B,Term 1,2026,Mathematics,80,A,9,Excellent work. Keep it up!
ADM-1042,John Pekeri,Grade 1 B,Term 1,2026,Environmental Activities,68,B,12,Satisfactory. Needs consistent practice.
ADM-1042,John Pekeri,Grade 1 B,Term 1,2026,Religious Education,72,B+,14,Excellent work. Keep it up!
ADM-1042,John Pekeri,Grade 1 B,Term 1,2026,Creative Activities,76,A-,13,Very good performance. Focus on the few weak areas.
ADM-1042,John Pekeri,Grade 1 B,Term 1,2026,Physical & Health Education,65,B,24,Good effort. Can improve with more practice.
ADM-1043,Judith Njuguna,Grade 1 B,Term 1,2026,English,54,C,26,Good effort. Can improve with more practice.
ADM-1043,Judith Njuguna,Grade 1 B,Term 1,2026,Kiswahili,37,D,33,Lacks interest; encourage reading at home.
ADM-1043,Judith Njuguna,Grade 1 B,Term 1,2026,Mathematics,51,C,30,Good effort. Can improve with more practice.
ADM-1043,Judith Njuguna,Grade 1 B,Term 1,2026,Environmental Activities,55,C+,27,Average. Put more effort into homework.
ADM-1043,Judith Njuguna,Grade 1 B,Term 1,2026,Religious Education,51,C,30,Satisfactory. Needs consistent practice.
ADM-1043,Judith Njuguna,Grade 1 B,Term 1,2026,Creative Activities,48,C-,32,Very good performance. Focus on the few weak areas.
ADM-1043,Judith Njuguna,Grade 1 B,Term 1,2026,Physical & Health Education,40,D+,32,Careless mistakes in simple calculations. Slow down.
ADM-1044,Joyce Mutoro,Grade 1 B,Term 1,2026,English,63,B-,18,Excellent work. Keep it up!
ADM-1044,Joyce Mutoro,Grade 1 B,Term 1,2026,Kiswahili,70,B+,15,Excellent work. Keep it up!
ADM-1044,Joyce Mutoro,Grade 1 B,Term 1,2026,Mathematics,49,C-,31,Very good performance. Focus on the few weak areas.
ADM-1044,Joyce Mutoro,Grade 1 B,Term 1,2026,Environmental Activities,61,B-,22,Satisfactory. Needs consistent practice.
ADM-1044,Joyce Mutoro,Grade 1 B,Term 1,2026,Religious Education,63,B-,21,Good effort. Can improve with more practice.
ADM-1044,Joyce Mutoro,Grade 1 B,Term 1,2026,Creative Activities,72,B+,18,Satisfactory. Needs consistent practice.
ADM-1044,Joyce Mutoro,Grade 1 B,Term 1,2026,Physical & Health Education,63,B-,27,Very good performance. Focus on the few weak areas.
ADM-1045,Yvonne Choge,Grade 1 B,Term 1,2026,English,52,C,28,Steady progress. Do more revision.
ADM-1045,Yvonne Choge,Grade 1 B,Term 1,2026,Kiswahili,50,C,32,Steady progress. Do more revision.
ADM-1045,Yvonne Choge,Grade 1 B,Term 1,2026,Mathematics,42,D+,33,Struggles with this subject. Seek remedial help.
ADM-1045,Yvonne Choge,Grade 1 B,Term 1,2026,Environmental Activities,48,C-,32,Very good performance. Focus on the few weak areas.
ADM-1045,Yvonne Choge,Grade 1 B,Term 1,2026,Religious Education,44,D+,32,Needs to complete assignments on time.
ADM-1045,Yvonne Choge,Grade 1 B,Term 1,2026,Creative Activities,58,C+,27,Satisfactory. Needs consistent practice.
ADM-1045,Yvonne Choge,Grade 1 B,Term 1,2026,Physical & Health Education,40,D+,33,Careless mistakes in simple calculations. Slow down.
ADM-1046,Timothy Khisa,Grade 1 B,Term 1,2026,English,95,A,2,Excellent work. Keep it up!
ADM-1046,Timothy Khisa,Grade 1 B,Term 1,2026,Kiswahili,93,A,3,Excellent work. Keep it up!
ADM-1046,Timothy Khisa,Grade 1 B,Term 1,2026,Mathematics,92,A,2,Excellent work. Keep it up!
ADM-1046,Timothy Khisa,Grade 1 B,Term 1,2026,Environmental Activities,84,A,3,Below average. Extra tuition recommended.
ADM-1046,Timothy Khisa,Grade 1 B,Term 1,2026,Religious Education,84,A,6,Steady progress. Do more revision.
ADM-1046,Timothy Khisa,Grade 1 B,Term 1,2026,Creative Activities,82,A,5,Satisfactory. Needs consistent practice.
ADM-1046,Timothy Khisa,Grade 1 B,Term 1,2026,Physical & Health Education,75,A-,14,Very good performance. Focus on the few weak areas.
ADM-1047,Charles Njeru,Grade 1 B,Term 1,2026,English,63,B-,19,Satisfactory. Needs consistent practice.
ADM-1047,Charles Njeru,Grade 1 B,Term 1,2026,Kiswahili,68,B,20,Steady progress. Do more revision.
ADM-1047,Charles Njeru,Grade 1 B,Term 1,2026,Mathematics,74,B+,13,Satisfactory. Needs consistent practice.
ADM-1047,Charles Njeru,Grade 1 B,Term 1,2026,Environmental Activities,56,C+,26,Excellent work. Keep it up!
ADM-1047,Charles Njeru,Grade 1 B,Term 1,2026,Religious Education,79,A-,11,Performs well under guidance. Keep practising.
ADM-1047,Charles Njeru,Grade 1 B,Term 1,2026,Creative Activities,72,B+,19,Excellent work. Keep it up!
ADM-1047,Charles Njeru,Grade 1 B,Term 1,2026,Physical & Health Education,69,B,18,Good effort. Can improve with more practice.
ADM-1048,Vincent Wamalwa,Grade 1 B,Term 1,2026,English,59,C+,25,Satisfactory. Needs consistent practice.
ADM-1048,Vincent Wamalwa,Grade 1 B,Term 1,2026,Kiswahili,60,B-,25,Steady progress. Do more revision.
ADM-1048,Vincent Wamalwa,Grade 1 B,Term 1,2026,Mathematics,73,B+,15,Average. Put more effort into homework.
ADM-1048,Vincent Wamalwa,Grade 1 B,Term 1,2026,Environmental Activities,78,A-,7,Shows understanding of key concepts.
ADM-1048,Vincent Wamalwa,Grade 1 B,Term 1,2026,Religious Education,65,B,19,Satisfactory. Needs consistent practice.
ADM-1048,Vincent Wamalwa,Grade 1 B,Term 1,2026,Creative Activities,79,A-,9,Excellent work. Keep it up!
ADM-1048,Vincent Wamalwa,Grade 1 B,Term 1,2026,Physical & Health Education,64,B-,25,Excellent work. Keep it up!
ADM-1049,Isaac Mwirigi,Grade 1 B,Term 1,2026,English,70,B+,15,Steady progress. Do more revision.
ADM-1049,Isaac Mwirigi,Grade 1 B,Term 1,2026,Kiswahili,66,B,21,Steady progress. Do more revision.
ADM-1049,Isaac Mwirigi,Grade 1 B,Term 1,2026,Mathematics,69,B,17,Excellent work. Keep it up!
ADM-1049,Isaac Mwirigi,Grade 1 B,Term 1,2026,Environmental Activities,82,A,4,Average. Put more effort into homework.
ADM-1049,Isaac Mwirigi,Grade 1 B,Term 1,2026,Religious Education,63,B-,22,Average. Put more effort into homework.
ADM-1049,Isaac Mwirigi,Grade 1 B,Term 1,2026,Creative Activities,75,A-,15,Satisfactory. Needs consistent practice.
ADM-1049,Isaac Mwirigi,Grade 1 B,Term 1,2026,Physical & Health Education,64,B-,26,Satisfactory. Needs consistent practice.
ADM-1050,David Kaelo,Grade 1 B,Term 1,2026,English,63,B-,20,Average. Put more effort into homework.
ADM-1050,David Kaelo,Grade 1 B,Term 1,2026,Kiswahili,58,C+,28,Excellent work. Keep it up!
ADM-1050,David Kaelo,Grade 1 B,Term 1,2026,Mathematics,54,C,28,Excellent work. Keep it up!
ADM-1050,David Kaelo,Grade 1 B,Term 1,2026,Environmental Activities,45,C-,33,Average. Put more effort into homework.
ADM-1050,David Kaelo,Grade 1 B,Term 1,2026,Religious Education,52,C,29,Steady progress. Do more revision.
ADM-1050,David Kaelo,Grade 1 B,Term 1,2026,Creative Activities,57,C+,28,Excellent work. Keep it up!
ADM-1050,David Kaelo,Grade 1 B,Term 1,2026,Physical & Health Education,53,C,30,Excellent work. Keep it up!
ADM-1051,Purity Kioko,Grade 1 B,Term 1,2026,English,94,A,3,Shows understanding of key concepts.
ADM-1051,Purity Kioko,Grade 1 B,Term 1,2026,Kiswahili,81,A,8,Satisfactory. Needs consistent practice.
ADM-1051,Purity Kioko,Grade 1 B,Term 1,2026,Mathematics,68,B,18,Excellent work. Keep it up!
ADM-1051,Purity Kioko,Grade 1 B,Term 1,2026,Environmental Activities,73,B+,10,Very good performance. Focus on the few weak areas.
ADM-1051,Purity Kioko,Grade 1 B,Term 1,2026,Religious Education,84,A,7,Performs well under guidance. Keep practising.
ADM-1051,Purity Kioko,Grade 1 B,Term 1,2026,Creative Activities,94,A,2,Performs well under guidance. Keep practising.
ADM-1051,Purity Kioko,Grade 1 B,Term 1,2026,Physical & Health Education,80,A,9,Needs significant improvement. Revise earlier topics.
ADM-1052,Thomas Korir,Grade 1 B,Term 1,2026,English,68,B,16,Excellent work. Keep it up!
ADM-1052,Thomas Korir,Grade 1 B,Term 1,2026,Kiswahili,64,B-,23,Steady progress. Do more revision.
ADM-1052,Thomas Korir,Grade 1 B,Term 1,2026,Mathematics,83,A,8,Performs well under guidance. Keep practising.
ADM-1052,Thomas Korir,Grade 1 B,Term 1,2026,Environmental Activities,80,A,5,Steady progress. Do more revision.
ADM-1052,Thomas Korir,Grade 1 B,Term 1,2026,Religious Education,84,A,8,Excellent work. Keep it up!
ADM-1052,Thomas Korir,Grade 1 B,Term 1,2026,Creative Activities,63,B-,23,Very good performance. Focus on the few weak areas.
ADM-1052,Thomas Korir,Grade 1 B,Term 1,2026,Physical & Health Education,71,B+,15,Steady progress. Do more revision.
ADM-1053,Zachary Omollo,Grade 1 B,Term 1,2026,English,42,D+,31,Frequent absenteeism is affecting performance.
ADM-1053,Zachary Omollo,Grade 1 B,Term 1,2026,Kiswahili,56,C+,29,Satisfactory. Needs consistent practice.
ADM-1053,Zachary Omollo,Grade 1 B,Term 1,2026,Mathematics,72,B+,16,Excellent work. Keep it up!
ADM-1053,Zachary Omollo,Grade 1 B,Term 1,2026,Environmental Activities,54,C,30,Average. Put more effort into homework.
ADM-1053,Zachary Omollo,Grade 1 B,Term 1,2026,Religious Education,56,C+,27,Very good performance. Focus on the few weak areas.
ADM-1053,Zachary Omollo,Grade 1 B,Term 1,2026,Creative Activities,50,C,31,Satisfactory. Needs consistent practice.
ADM-1053,Zachary Omollo,Grade 1 B,Term 1,2026,Physical & Health Education,68,B,19,Steady progress. Do more revision.
ADM-1054,Sharon Kombo,Grade 1 B,Term 1,2026,English,75,A-,9,Satisfactory. Needs consistent practice.
ADM-1054,Sharon Kombo,Grade 1 B,Term 1,2026,Kiswahili,78,A-,11,Good effort. Can improve with more practice.
ADM-1054,Sharon Kombo,Grade 1 B,Term 1,2026,Mathematics,76,A-,11,Below average. Extra tuition recommended.
ADM-1054,Sharon Kombo,Grade 1 B,Term 1,2026,Environmental Activities,67,B,15,Average. Put more effort into homework.
ADM-1054,Sharon Kombo,Grade 1 B,Term 1,2026,Religious Education,82,A,10,Satisfactory. Needs consistent practice.
ADM-1054,Sharon Kombo,Grade 1 B,Term 1,2026,Creative Activities,82,A,6,Excellent work. Keep it up!
ADM-1054,Sharon Kombo,Grade 1 B,Term 1,2026,Physical & Health Education,70,B+,17,Excellent work. Keep it up!
ADM-1055,Luke Bunoro,Grade 1 B,Term 1,2026,English,71,B+,13,Very good performance. Focus on the few weak areas.
ADM-1055,Luke Bunoro,Grade 1 B,Term 1,2026,Kiswahili,65,B,22,Good effort. Can improve with more practice.
ADM-1055,Luke Bunoro,Grade 1 B,Term 1,2026,Mathematics,84,A,6,Average. Put more effort into homework.
ADM-1055,Luke Bunoro,Grade 1 B,Term 1,2026,Environmental Activities,54,C,31,Satisfactory. Needs consistent practice.
ADM-1055,Luke Bunoro,Grade 1 B,Term 1,2026,Religious Education,66,B,16,Good effort. Can improve with more practice.
ADM-1055,Luke Bunoro,Grade 1 B,Term 1,2026,Creative Activities,77,A-,11,Very good performance. Focus on the few weak areas.
ADM-1055,Luke Bunoro,Grade 1 B,Term 1,2026,Physical & Health Education,82,A,6,Very good performance. Focus on the few weak areas.
ADM-1056,Dorcas Nassor,Grade 1 B,Term 1,2026,English,79,A-,6,Needs significant improvement. Revise earlier topics.
ADM-1056,Dorcas Nassor,Grade 1 B,Term 1,2026,Kiswahili,85,A,6,Very good performance. Focus on the few weak areas.
ADM-1056,Dorcas Nassor,Grade 1 B,Term 1,2026,Mathematics,93,A,1,Very good performance. Focus on the few weak areas.
ADM-1056,Dorcas Nassor,Grade 1 B,Term 1,2026,Environmental Activities,76,A-,8,Average. Put more effort into homework.
ADM-1056,Dorcas Nassor,Grade 1 B,Term 1,2026,Religious Education,83,A,9,Very good performance. Focus on the few weak areas.
ADM-1056,Dorcas Nassor,Grade 1 B,Term 1,2026,Creative Activities,74,B+,16,Very good performance. Focus on the few weak areas.
ADM-1056,Dorcas Nassor,Grade 1 B,Term 1,2026,Physical & Health Education,79,A-,10,Excellent work. Keep it up!
ADM-1057,Wesley Bakari,Grade 1 B,Term 1,2026,English,79,A-,7,Below average. Extra tuition recommended.
ADM-1057,Wesley Bakari,Grade 1 B,Term 1,2026,Kiswahili,81,A,9,Shows understanding of key concepts.
ADM-1057,Wesley Bakari,Grade 1 B,Term 1,2026,Mathematics,92,A,3,Satisfactory. Needs consistent practice.
ADM-1057,Wesley Bakari,Grade 1 B,Term 1,2026,Environmental Activities,74,B+,9,Steady progress. Do more revision.
ADM-1057,Wesley Bakari,Grade 1 B,Term 1,2026,Religious Education,88,A,3,Very good performance. Focus on the few weak areas.
ADM-1057,Wesley Bakari,Grade 1 B,Term 1,2026,Creative Activities,77,A-,12,Excellent work. Keep it up!
ADM-1057,Wesley Bakari,Grade 1 B,Term 1,2026,Physical & Health Education,81,A,7,Performs well under guidance. Keep practising.
ADM-1058,Winfred Odera,Grade 1 B,Term 1,2026,English,61,B-,24,Excellent work. Keep it up!
ADM-1058,Winfred Odera,Grade 1 B,Term 1,2026,Kiswahili,87,A,5,Excellent work. Keep it up!
ADM-1058,Winfred Odera,Grade 1 B,Term 1,2026,Mathematics,67,B,19,Average. Put more effort into homework.
ADM-1058,Winfred Odera,Grade 1 B,Term 1,2026,Environmental Activities,68,B,13,Steady progress. Do more revision.
ADM-1058,Winfred Odera,Grade 1 B,Term 1,2026,Religious Education,75,A-,12,Good effort. Can improve with more practice.
ADM-1058,Winfred Odera,Grade 1 B,Term 1,2026,Creative Activities,62,B-,25,Good effort. Can improve with more practice.
ADM-1058,Winfred Odera,Grade 1 B,Term 1,2026,Physical & Health Education,78,A-,11,Performs well under guidance. Keep practising.
ADM-1059,Trevor Syombua,Grade 1 B,Term 1,2026,English,96,A,1,Needs significant improvement. Revise earlier topics.
ADM-1059,Trevor Syombua,Grade 1 B,Term 1,2026,Kiswahili,95,A,2,Steady progress. Do more revision.
ADM-1059,Trevor Syombua,Grade 1 B,Term 1,2026,Mathematics,78,A-,10,Satisfactory. Needs consistent practice.
ADM-1059,Trevor Syombua,Grade 1 B,Term 1,2026,Environmental Activities,79,A-,6,Below average. Extra tuition recommended.
ADM-1059,Trevor Syombua,Grade 1 B,Term 1,2026,Religious Education,93,A,1,Average. Put more effort into homework.
ADM-1059,Trevor Syombua,Grade 1 B,Term 1,2026,Creative Activities,81,A,7,Shows understanding of key concepts.
ADM-1059,Trevor Syombua,Grade 1 B,Term 1,2026,Physical & Health Education,98,A,1,Needs significant improvement. Revise earlier topics.
ADM-1060,Nancy Musalia,Grade 1 B,Term 1,2026,English,75,A-,10,Average. Put more effort into homework.
ADM-1060,Nancy Musalia,Grade 1 B,Term 1,2026,Kiswahili,69,B,18,Excellent work. Keep it up!
ADM-1060,Nancy Musalia,Grade 1 B,Term 1,2026,Mathematics,61,B-,23,Excellent work. Keep it up!
ADM-1060,Nancy Musalia,Grade 1 B,Term 1,2026,Environmental Activities,63,B-,21,Very good performance. Focus on the few weak areas.
ADM-1060,Nancy Musalia,Grade 1 B,Term 1,2026,Religious Education,66,B,17,Good effort. Can improve with more practice.
ADM-1060,Nancy Musalia,Grade 1 B,Term 1,2026,Creative Activities,80,A,8,Shows understanding of key concepts.
ADM-1060,Nancy Musalia,Grade 1 B,Term 1,2026,Physical & Health Education,84,A,5,Very good performance. Focus on the few weak areas.
ADM-1061,Eric Chepkirui,Grade 1 B,Term 1,2026,English,91,A,5,Needs significant improvement. Revise earlier topics.
ADM-1061,Eric Chepkirui,Grade 1 B,Term 1,2026,Kiswahili,88,A,4,Average. Put more effort into homework.
ADM-1061,Eric Chepkirui,Grade 1 B,Term 1,2026,Mathematics,74,B+,14,Good effort. Can improve with more practice.
ADM-1061,Eric Chepkirui,Grade 1 B,Term 1,2026,Environmental Activities,70,B+,11,Good effort. Can improve with more practice.
ADM-1061,Eric Chepkirui,Grade 1 B,Term 1,2026,Religious Education,85,A,5,Satisfactory. Needs consistent practice.
ADM-1061,Eric Chepkirui,Grade 1 B,Term 1,2026,Creative Activities,94,A,3,Below average. Extra tuition recommended.
ADM-1061,Eric Chepkirui,Grade 1 B,Term 1,2026,Physical & Health Education,87,A,4,Average. Put more effort into homework.
ADM-1062,Faith Owino,Grade 1 B,Term 1,2026,English,62,B-,23,Average. Put more effort into homework.
ADM-1062,Faith Owino,Grade 1 B,Term 1,2026,Kiswahili,70,B+,16,Steady progress. Do more revision.
ADM-1062,Faith Owino,Grade 1 B,Term 1,2026,Mathematics,56,C+,27,Very good performance. Focus on the few weak areas.
ADM-1062,Faith Owino,Grade 1 B,Term 1,2026,Environmental Activities,58,C+,25,Good effort. Can improve with more practice.
ADM-1062,Faith Owino,Grade 1 B,Term 1,2026,Religious Education,53,C,28,Average. Put more effort into homework.
ADM-1062,Faith Owino,Grade 1 B,Term 1,2026,Creative Activities,62,B-,26,Steady progress. Do more revision.
ADM-1062,Faith Owino,Grade 1 B,Term 1,2026,Physical & Health Education,67,B,22,Satisfactory. Needs consistent practice.
ADM-1063,Julia Kaelo,Grade 1 B,Term 1,2026,English,72,B+,12,Excellent work. Keep it up!
ADM-1063,Julia Kaelo,Grade 1 B,Term 1,2026,Kiswahili,69,B,19,Good effort. Can improve with more practice.
ADM-1063,Julia Kaelo,Grade 1 B,Term 1,2026,Mathematics,62,B-,22,Good effort. Can improve with more practice.
ADM-1063,Julia Kaelo,Grade 1 B,Term 1,2026,Environmental Activities,61,B-,23,Steady progress. Do more revision.
ADM-1063,Julia Kaelo,Grade 1 B,Term 1,2026,Religious Education,59,C+,26,Satisfactory. Needs consistent practice.
ADM-1063,Julia Kaelo,Grade 1 B,Term 1,2026,Creative Activities,76,A-,14,Steady progress. Do more revision.
ADM-1063,Julia Kaelo,Grade 1 B,Term 1,2026,Physical & Health Education,53,C,31,Average. Put more effort into homework.
ADM-1064,Andrew Suleiman,Grade 1 B,Term 1,2026,English,51,C,29,Excellent work. Keep it up!
ADM-1064,Andrew Suleiman,Grade 1 B,Term 1,2026,Kiswahili,63,B-,24,Very good performance. Focus on the few weak areas.
ADM-1064,Andrew Suleiman,Grade 1 B,Term 1,2026,Mathematics,48,C-,32,Satisfactory. Needs consistent practice.
ADM-1064,Andrew Suleiman,Grade 1 B,Term 1,2026,Environmental Activities,59,C+,24,Average. Put more effort into homework.
ADM-1064,Andrew Suleiman,Grade 1 B,Term 1,2026,Religious Education,65,B,20,Good effort. Can improve with more practice.
ADM-1064,Andrew Suleiman,Grade 1 B,Term 1,2026,Creative Activities,69,B,21,Steady progress. Do more revision.
ADM-1064,Andrew Suleiman,Grade 1 B,Term 1,2026,Physical & Health Education,71,B+,16,Steady progress. Do more revision.
ADM-1065,Julius Mutiso,Grade 1 B,Term 1,2026,English,66,B,17,Good effort. Can improve with more practice.
ADM-1065,Julius Mutiso,Grade 1 B,Term 1,2026,Kiswahili,54,C,30,Very good performance. Focus on the few weak areas.
ADM-1065,Julius Mutiso,Grade 1 B,Term 1,2026,Mathematics,57,C+,25,Average. Put more effort into homework.
ADM-1065,Julius Mutiso,Grade 1 B,Term 1,2026,Environmental Activities,64,B-,20,Good effort. Can improve with more practice.
ADM-1065,Julius Mutiso,Grade 1 B,Term 1,2026,Religious Education,62,B-,24,Excellent work. Keep it up!
ADM-1065,Julius Mutiso,Grade 1 B,Term 1,2026,Creative Activities,56,C+,29,Very good performance. Focus on the few weak areas.
ADM-1065,Julius Mutiso,Grade 1 B,Term 1,2026,Physical & Health Education,68,B,20,Good effort. Can improve with more practice.
ADM-1066,Nancy Abdi,Grade 1 B,Term 1,2026,English,71,B+,14,Satisfactory. Needs consistent practice.
ADM-1066,Nancy Abdi,Grade 1 B,Term 1,2026,Kiswahili,70,B+,17,Average. Put more effort into homework.
ADM-1066,Nancy Abdi,Grade 1 B,Term 1,2026,Mathematics,86,A,5,Good effort. Can improve with more practice.
ADM-1066,Nancy Abdi,Grade 1 B,Term 1,2026,Environmental Activities,93,A,1,Needs significant improvement. Revise earlier topics.
ADM-1066,Nancy Abdi,Grade 1 B,Term 1,2026,Religious Education,93,A,2,Performs well under guidance. Keep practising.
ADM-1066,Nancy Abdi,Grade 1 B,Term 1,2026,Creative Activities,91,A,4,Very good performance. Focus on the few weak areas.
ADM-1066,Nancy Abdi,Grade 1 B,Term 1,2026,Physical & Health Education,81,A,8,Needs significant improvement. Revise earlier topics.
ADM-1067,Joyce Kitonga,Grade 1 B,Term 1,2026,English,47,C-,30,Excellent work. Keep it up!
ADM-1067,Joyce Kitonga,Grade 1 B,Term 1,2026,Kiswahili,59,C+,26,Good effort. Can improve with more practice.
ADM-1067,Joyce Kitonga,Grade 1 B,Term 1,2026,Mathematics,65,B,21,Satisfactory. Needs consistent practice.
ADM-1067,Joyce Kitonga,Grade 1 B,Term 1,2026,Environmental Activities,55,C+,28,Satisfactory. Needs consistent practice.
ADM-1067,Joyce Kitonga,Grade 1 B,Term 1,2026,Religious Education,44,D+,33,Concept grasp is weak; repeat class exercises.
ADM-1067,Joyce Kitonga,Grade 1 B,Term 1,2026,Creative Activities,41,D+,33,Repeated the topic without mastering basics. Revise.
ADM-1067,Joyce Kitonga,Grade 1 B,Term 1,2026,Physical & Health Education,56,C+,29,Excellent work. Keep it up!
ADM-1068,Brenda Adan,Grade 1 C,Term 1,2026,English,49,C-,33,Good effort. Can improve with more practice.
ADM-1068,Brenda Adan,Grade 1 C,Term 1,2026,Kiswahili,54,C,30,Steady progress. Do more revision.
ADM-1068,Brenda Adan,Grade 1 C,Term 1,2026,Mathematics,61,B-,28,Satisfactory. Needs consistent practice.
ADM-1068,Brenda Adan,Grade 1 C,Term 1,2026,Environmental Activities,66,B,25,Excellent work. Keep it up!
ADM-1068,Brenda Adan,Grade 1 C,Term 1,2026,Religious Education,49,C-,32,Average. Put more effort into homework.
ADM-1068,Brenda Adan,Grade 1 C,Term 1,2026,Creative Activities,61,B-,25,Satisfactory. Needs consistent practice.
ADM-1068,Brenda Adan,Grade 1 C,Term 1,2026,Physical & Health Education,63,B-,27,Steady progress. Do more revision.
ADM-1069,Purity Mwende,Grade 1 C,Term 1,2026,English,78,A-,12,Below average. Extra tuition recommended.
ADM-1069,Purity Mwende,Grade 1 C,Term 1,2026,Kiswahili,73,B+,18,Steady progress. Do more revision.
ADM-1069,Purity Mwende,Grade 1 C,Term 1,2026,Mathematics,84,A,6,Excellent work. Keep it up!
ADM-1069,Purity Mwende,Grade 1 C,Term 1,2026,Environmental Activities,86,A,8,Excellent work. Keep it up!
ADM-1069,Purity Mwende,Grade 1 C,Term 1,2026,Religious Education,70,B+,20,Good effort. Can improve with more practice.
ADM-1069,Purity Mwende,Grade 1 C,Term 1,2026,Creative Activities,86,A,3,Performs well under guidance. Keep practising.
ADM-1069,Purity Mwende,Grade 1 C,Term 1,2026,Physical & Health Education,71,B+,21,Very good performance. Focus on the few weak areas.
ADM-1070,Judith Khisa,Grade 1 C,Term 1,2026,English,82,A,7,Average. Put more effort into homework.
ADM-1070,Judith Khisa,Grade 1 C,Term 1,2026,Kiswahili,91,A,5,Very good performance. Focus on the few weak areas.
ADM-1070,Judith Khisa,Grade 1 C,Term 1,2026,Mathematics,76,A-,15,Excellent work. Keep it up!
ADM-1070,Judith Khisa,Grade 1 C,Term 1,2026,Environmental Activities,74,B+,17,Steady progress. Do more revision.
ADM-1070,Judith Khisa,Grade 1 C,Term 1,2026,Religious Education,85,A,8,Shows understanding of key concepts.
ADM-1070,Judith Khisa,Grade 1 C,Term 1,2026,Creative Activities,86,A,4,Steady progress. Do more revision.
ADM-1070,Judith Khisa,Grade 1 C,Term 1,2026,Physical & Health Education,72,B+,19,Excellent work. Keep it up!
ADM-1071,Stephen Wekesa,Grade 1 C,Term 1,2026,English,69,B,22,Very good performance. Focus on the few weak areas.
ADM-1071,Stephen Wekesa,Grade 1 C,Term 1,2026,Kiswahili,87,A,8,Good effort. Can improve with more practice.
ADM-1071,Stephen Wekesa,Grade 1 C,Term 1,2026,Mathematics,86,A,5,Shows understanding of key concepts.
ADM-1071,Stephen Wekesa,Grade 1 C,Term 1,2026,Environmental Activities,86,A,9,Average. Put more effort into homework.
ADM-1071,Stephen Wekesa,Grade 1 C,Term 1,2026,Religious Education,60,B-,30,Satisfactory. Needs consistent practice.
ADM-1071,Stephen Wekesa,Grade 1 C,Term 1,2026,Creative Activities,69,B,22,Average. Put more effort into homework.
ADM-1071,Stephen Wekesa,Grade 1 C,Term 1,2026,Physical & Health Education,75,A-,12,Good effort. Can improve with more practice.
ADM-1072,Martin Bunoro,Grade 1 C,Term 1,2026,English,94,A,1,Steady progress. Do more revision.
ADM-1072,Martin Bunoro,Grade 1 C,Term 1,2026,Kiswahili,93,A,4,Performs well under guidance. Keep practising.
ADM-1072,Martin Bunoro,Grade 1 C,Term 1,2026,Mathematics,92,A,3,Good effort. Can improve with more practice.
ADM-1072,Martin Bunoro,Grade 1 C,Term 1,2026,Environmental Activities,88,A,7,Average. Put more effort into homework.
ADM-1072,Martin Bunoro,Grade 1 C,Term 1,2026,Religious Education,92,A,2,Shows understanding of key concepts.
ADM-1072,Martin Bunoro,Grade 1 C,Term 1,2026,Creative Activities,80,A,8,Below average. Extra tuition recommended.
ADM-1072,Martin Bunoro,Grade 1 C,Term 1,2026,Physical & Health Education,75,A-,13,Average. Put more effort into homework.
ADM-1073,Cynthia Zawadi,Grade 1 C,Term 1,2026,English,87,A,4,Satisfactory. Needs consistent practice.
ADM-1073,Cynthia Zawadi,Grade 1 C,Term 1,2026,Kiswahili,74,B+,16,Satisfactory. Needs consistent practice.
ADM-1073,Cynthia Zawadi,Grade 1 C,Term 1,2026,Mathematics,78,A-,11,Needs significant improvement. Revise earlier topics.
ADM-1073,Cynthia Zawadi,Grade 1 C,Term 1,2026,Environmental Activities,93,A,3,Performs well under guidance. Keep practising.
ADM-1073,Cynthia Zawadi,Grade 1 C,Term 1,2026,Religious Education,85,A,9,Steady progress. Do more revision.
ADM-1073,Cynthia Zawadi,Grade 1 C,Term 1,2026,Creative Activities,74,B+,18,Satisfactory. Needs consistent practice.
ADM-1073,Cynthia Zawadi,Grade 1 C,Term 1,2026,Physical & Health Education,82,A,8,Performs well under guidance. Keep practising.
ADM-1074,Hillary Njenga,Grade 1 C,Term 1,2026,English,57,C+,30,Steady progress. Do more revision.
ADM-1074,Hillary Njenga,Grade 1 C,Term 1,2026,Kiswahili,60,B-,27,Very good performance. Focus on the few weak areas.
ADM-1074,Hillary Njenga,Grade 1 C,Term 1,2026,Mathematics,61,B-,29,Satisfactory. Needs consistent practice.
ADM-1074,Hillary Njenga,Grade 1 C,Term 1,2026,Environmental Activities,53,C,33,Average. Put more effort into homework.
ADM-1074,Hillary Njenga,Grade 1 C,Term 1,2026,Religious Education,63,B-,27,Very good performance. Focus on the few weak areas.
ADM-1074,Hillary Njenga,Grade 1 C,Term 1,2026,Creative Activities,58,C+,30,Good effort. Can improve with more practice.
ADM-1074,Hillary Njenga,Grade 1 C,Term 1,2026,Physical & Health Education,61,B-,28,Excellent work. Keep it up!
ADM-1075,Amara Mugambi,Grade 1 C,Term 1,2026,English,53,C,31,Excellent work. Keep it up!
ADM-1075,Amara Mugambi,Grade 1 C,Term 1,2026,Kiswahili,48,C-,33,Very good performance. Focus on the few weak areas.
ADM-1075,Amara Mugambi,Grade 1 C,Term 1,2026,Mathematics,51,C,32,Satisfactory. Needs consistent practice.
ADM-1075,Amara Mugambi,Grade 1 C,Term 1,2026,Environmental Activities,58,C+,30,Average. Put more effort into homework.
ADM-1075,Amara Mugambi,Grade 1 C,Term 1,2026,Religious Education,46,C-,33,Average. Put more effort into homework.
ADM-1075,Amara Mugambi,Grade 1 C,Term 1,2026,Creative Activities,50,C,33,Steady progress. Do more revision.
ADM-1075,Amara Mugambi,Grade 1 C,Term 1,2026,Physical & Health Education,57,C+,30,Satisfactory. Needs consistent practice.
ADM-1076,Charles Kigen,Grade 1 C,Term 1,2026,English,75,A-,15,Good effort. Can improve with more practice.
ADM-1076,Charles Kigen,Grade 1 C,Term 1,2026,Kiswahili,65,B,22,Average. Put more effort into homework.
ADM-1076,Charles Kigen,Grade 1 C,Term 1,2026,Mathematics,70,B+,19,Good effort. Can improve with more practice.
ADM-1076,Charles Kigen,Grade 1 C,Term 1,2026,Environmental Activities,73,B+,20,Very good performance. Focus on the few weak areas.
ADM-1076,Charles Kigen,Grade 1 C,Term 1,2026,Religious Education,75,A-,14,Good effort. Can improve with more practice.
ADM-1076,Charles Kigen,Grade 1 C,Term 1,2026,Creative Activities,80,A,9,Satisfactory. Needs consistent practice.
ADM-1076,Charles Kigen,Grade 1 C,Term 1,2026,Physical & Health Education,71,B+,22,Excellent work. Keep it up!
ADM-1077,David Wanjala,Grade 1 C,Term 1,2026,English,94,A,2,Below average. Extra tuition recommended.
ADM-1077,David Wanjala,Grade 1 C,Term 1,2026,Kiswahili,83,A,11,Performs well under guidance. Keep practising.
ADM-1077,David Wanjala,Grade 1 C,Term 1,2026,Mathematics,88,A,4,Average. Put more effort into homework.
ADM-1077,David Wanjala,Grade 1 C,Term 1,2026,Environmental Activities,98,A,1,Average. Put more effort into homework.
ADM-1077,David Wanjala,Grade 1 C,Term 1,2026,Religious Education,97,A,1,Satisfactory. Needs consistent practice.
ADM-1077,David Wanjala,Grade 1 C,Term 1,2026,Creative Activities,98,A,2,Very good performance. Focus on the few weak areas.
ADM-1077,David Wanjala,Grade 1 C,Term 1,2026,Physical & Health Education,93,A,3,Good effort. Can improve with more practice.
ADM-1078,Lawrence Ciawi,Grade 1 C,Term 1,2026,English,73,B+,17,Excellent work. Keep it up!
ADM-1078,Lawrence Ciawi,Grade 1 C,Term 1,2026,Kiswahili,73,B+,19,Excellent work. Keep it up!
ADM-1078,Lawrence Ciawi,Grade 1 C,Term 1,2026,Mathematics,80,A,9,Below average. Extra tuition recommended.
ADM-1078,Lawrence Ciawi,Grade 1 C,Term 1,2026,Environmental Activities,74,B+,18,Average. Put more effort into homework.
ADM-1078,Lawrence Ciawi,Grade 1 C,Term 1,2026,Religious Education,69,B,21,Good effort. Can improve with more practice.
ADM-1078,Lawrence Ciawi,Grade 1 C,Term 1,2026,Creative Activities,58,C+,31,Excellent work. Keep it up!
ADM-1078,Lawrence Ciawi,Grade 1 C,Term 1,2026,Physical & Health Education,52,C,31,Satisfactory. Needs consistent practice.
ADM-1079,Benjamin Okello,Grade 1 C,Term 1,2026,English,69,B,23,Very good performance. Focus on the few weak areas.
ADM-1079,Benjamin Okello,Grade 1 C,Term 1,2026,Kiswahili,63,B-,24,Average. Put more effort into homework.
ADM-1079,Benjamin Okello,Grade 1 C,Term 1,2026,Mathematics,83,A,7,Steady progress. Do more revision.
ADM-1079,Benjamin Okello,Grade 1 C,Term 1,2026,Environmental Activities,82,A,10,Very good performance. Focus on the few weak areas.
ADM-1079,Benjamin Okello,Grade 1 C,Term 1,2026,Religious Education,62,B-,28,Average. Put more effort into homework.
ADM-1079,Benjamin Okello,Grade 1 C,Term 1,2026,Creative Activities,76,A-,13,Good effort. Can improve with more practice.
ADM-1079,Benjamin Okello,Grade 1 C,Term 1,2026,Physical & Health Education,74,B+,14,Steady progress. Do more revision.
ADM-1080,Samuel Sironka,Grade 1 C,Term 1,2026,English,61,B-,27,Satisfactory. Needs consistent practice.
ADM-1080,Samuel Sironka,Grade 1 C,Term 1,2026,Kiswahili,77,A-,14,Steady progress. Do more revision.
ADM-1080,Samuel Sironka,Grade 1 C,Term 1,2026,Mathematics,70,B+,20,Excellent work. Keep it up!
ADM-1080,Samuel Sironka,Grade 1 C,Term 1,2026,Environmental Activities,81,A,11,Satisfactory. Needs consistent practice.
ADM-1080,Samuel Sironka,Grade 1 C,Term 1,2026,Religious Education,69,B,22,Good effort. Can improve with more practice.
ADM-1080,Samuel Sironka,Grade 1 C,Term 1,2026,Creative Activities,58,C+,32,Average. Put more effort into homework.
ADM-1080,Samuel Sironka,Grade 1 C,Term 1,2026,Physical & Health Education,77,A-,11,Very good performance. Focus on the few weak areas.
ADM-1081,Nicholas Makokha,Grade 1 C,Term 1,2026,English,71,B+,18,Steady progress. Do more revision.
ADM-1081,Nicholas Makokha,Grade 1 C,Term 1,2026,Kiswahili,74,B+,17,Satisfactory. Needs consistent practice.
ADM-1081,Nicholas Makokha,Grade 1 C,Term 1,2026,Mathematics,74,B+,18,Very good performance. Focus on the few weak areas.
ADM-1081,Nicholas Makokha,Grade 1 C,Term 1,2026,Environmental Activities,74,B+,19,Average. Put more effort into homework.
ADM-1081,Nicholas Makokha,Grade 1 C,Term 1,2026,Religious Education,78,A-,12,Very good performance. Focus on the few weak areas.
ADM-1081,Nicholas Makokha,Grade 1 C,Term 1,2026,Creative Activities,71,B+,20,Steady progress. Do more revision.
ADM-1081,Nicholas Makokha,Grade 1 C,Term 1,2026,Physical & Health Education,74,B+,15,Very good performance. Focus on the few weak areas.
ADM-1082,Rebecca Ndolo,Grade 1 C,Term 1,2026,English,71,B+,19,Very good performance. Focus on the few weak areas.
ADM-1082,Rebecca Ndolo,Grade 1 C,Term 1,2026,Kiswahili,61,B-,26,Average. Put more effort into homework.
ADM-1082,Rebecca Ndolo,Grade 1 C,Term 1,2026,Mathematics,67,B,23,Satisfactory. Needs consistent practice.
ADM-1082,Rebecca Ndolo,Grade 1 C,Term 1,2026,Environmental Activities,77,A-,13,Satisfactory. Needs consistent practice.
ADM-1082,Rebecca Ndolo,Grade 1 C,Term 1,2026,Religious Education,87,A,5,Good effort. Can improve with more practice.
ADM-1082,Rebecca Ndolo,Grade 1 C,Term 1,2026,Creative Activities,77,A-,11,Excellent work. Keep it up!
ADM-1082,Rebecca Ndolo,Grade 1 C,Term 1,2026,Physical & Health Education,73,B+,17,Excellent work. Keep it up!
ADM-1083,William Masinde,Grade 1 C,Term 1,2026,English,82,A,8,Needs significant improvement. Revise earlier topics.
ADM-1083,William Masinde,Grade 1 C,Term 1,2026,Kiswahili,86,A,9,Shows understanding of key concepts.
ADM-1083,William Masinde,Grade 1 C,Term 1,2026,Mathematics,77,A-,13,Below average. Extra tuition recommended.
ADM-1083,William Masinde,Grade 1 C,Term 1,2026,Environmental Activities,77,A-,14,Needs significant improvement. Revise earlier topics.
ADM-1083,William Masinde,Grade 1 C,Term 1,2026,Religious Education,69,B,23,Very good performance. Focus on the few weak areas.
ADM-1083,William Masinde,Grade 1 C,Term 1,2026,Creative Activities,79,A-,10,Steady progress. Do more revision.
ADM-1083,William Masinde,Grade 1 C,Term 1,2026,Physical & Health Education,84,A,5,Below average. Extra tuition recommended.
ADM-1084,Victor Maina,Grade 1 C,Term 1,2026,English,82,A,9,Good effort. Can improve with more practice.
ADM-1084,Victor Maina,Grade 1 C,Term 1,2026,Kiswahili,75,A-,15,Steady progress. Do more revision.
ADM-1084,Victor Maina,Grade 1 C,Term 1,2026,Mathematics,77,A-,14,Below average. Extra tuition recommended.
ADM-1084,Victor Maina,Grade 1 C,Term 1,2026,Environmental Activities,68,B,22,Steady progress. Do more revision.
ADM-1084,Victor Maina,Grade 1 C,Term 1,2026,Religious Education,89,A,4,Very good performance. Focus on the few weak areas.
ADM-1084,Victor Maina,Grade 1 C,Term 1,2026,Creative Activities,75,A-,15,Below average. Extra tuition recommended.
ADM-1084,Victor Maina,Grade 1 C,Term 1,2026,Physical & Health Education,72,B+,20,Very good performance. Focus on the few weak areas.
ADM-1085,Mercy Mburu,Grade 1 C,Term 1,2026,English,68,B,24,Steady progress. Do more revision.
ADM-1085,Mercy Mburu,Grade 1 C,Term 1,2026,Kiswahili,65,B,23,Excellent work. Keep it up!
ADM-1085,Mercy Mburu,Grade 1 C,Term 1,2026,Mathematics,64,B-,26,Satisfactory. Needs consistent practice.
ADM-1085,Mercy Mburu,Grade 1 C,Term 1,2026,Environmental Activities,60,B-,29,Excellent work. Keep it up!
ADM-1085,Mercy Mburu,Grade 1 C,Term 1,2026,Religious Education,65,B,26,Steady progress. Do more revision.
ADM-1085,Mercy Mburu,Grade 1 C,Term 1,2026,Creative Activities,75,A-,16,Performs well under guidance. Keep practising.
ADM-1085,Mercy Mburu,Grade 1 C,Term 1,2026,Physical & Health Education,66,B,26,Average. Put more effort into homework.
ADM-1086,Timothy Kaelo,Grade 1 C,Term 1,2026,English,71,B+,20,Average. Put more effort into homework.
ADM-1086,Timothy Kaelo,Grade 1 C,Term 1,2026,Kiswahili,55,C+,29,Steady progress. Do more revision.
ADM-1086,Timothy Kaelo,Grade 1 C,Term 1,2026,Mathematics,52,C,31,Good effort. Can improve with more practice.
ADM-1086,Timothy Kaelo,Grade 1 C,Term 1,2026,Environmental Activities,66,B,26,Very good performance. Focus on the few weak areas.
ADM-1086,Timothy Kaelo,Grade 1 C,Term 1,2026,Religious Education,71,B+,18,Very good performance. Focus on the few weak areas.
ADM-1086,Timothy Kaelo,Grade 1 C,Term 1,2026,Creative Activities,77,A-,12,Needs significant improvement. Revise earlier topics.
ADM-1086,Timothy Kaelo,Grade 1 C,Term 1,2026,Physical & Health Education,74,B+,16,Steady progress. Do more revision.
ADM-1087,Dorcas Mwinyi,Grade 1 C,Term 1,2026,English,82,A,10,Performs well under guidance. Keep practising.
ADM-1087,Dorcas Mwinyi,Grade 1 C,Term 1,2026,Kiswahili,85,A,10,Below average. Extra tuition recommended.
ADM-1087,Dorcas Mwinyi,Grade 1 C,Term 1,2026,Mathematics,69,B,21,Excellent work. Keep it up!
ADM-1087,Dorcas Mwinyi,Grade 1 C,Term 1,2026,Environmental Activities,93,A,4,Steady progress. Do more revision.
ADM-1087,Dorcas Mwinyi,Grade 1 C,Term 1,2026,Religious Education,87,A,6,Average. Put more effort into homework.
ADM-1087,Dorcas Mwinyi,Grade 1 C,Term 1,2026,Creative Activities,75,A-,17,Average. Put more effort into homework.
ADM-1087,Dorcas Mwinyi,Grade 1 C,Term 1,2026,Physical & Health Education,84,A,6,Below average. Extra tuition recommended.
ADM-1088,Frank Ndungu,Grade 1 C,Term 1,2026,English,74,B+,16,Excellent work. Keep it up!
ADM-1088,Frank Ndungu,Grade 1 C,Term 1,2026,Kiswahili,89,A,6,Average. Put more effort into homework.
ADM-1088,Frank Ndungu,Grade 1 C,Term 1,2026,Mathematics,75,A-,17,Very good performance. Focus on the few weak areas.
ADM-1088,Frank Ndungu,Grade 1 C,Term 1,2026,Environmental Activities,69,B,21,Satisfactory. Needs consistent practice.
ADM-1088,Frank Ndungu,Grade 1 C,Term 1,2026,Religious Education,73,B+,16,Steady progress. Do more revision.
ADM-1088,Frank Ndungu,Grade 1 C,Term 1,2026,Creative Activities,84,A,6,Shows understanding of key concepts.
ADM-1088,Frank Ndungu,Grade 1 C,Term 1,2026,Physical & Health Education,83,A,7,Satisfactory. Needs consistent practice.
ADM-1089,Faith Githinji,Grade 1 C,Term 1,2026,English,84,A,6,Excellent work. Keep it up!
ADM-1089,Faith Githinji,Grade 1 C,Term 1,2026,Kiswahili,94,A,2,Average. Put more effort into homework.
ADM-1089,Faith Githinji,Grade 1 C,Term 1,2026,Mathematics,80,A,10,Performs well under guidance. Keep practising.
ADM-1089,Faith Githinji,Grade 1 C,Term 1,2026,Environmental Activities,75,A-,15,Good effort. Can improve with more practice.
ADM-1089,Faith Githinji,Grade 1 C,Term 1,2026,Religious Education,73,B+,17,Excellent work. Keep it up!
ADM-1089,Faith Githinji,Grade 1 C,Term 1,2026,Creative Activities,73,B+,19,Very good performance. Focus on the few weak areas.
ADM-1089,Faith Githinji,Grade 1 C,Term 1,2026,Physical & Health Education,79,A-,10,Needs significant improvement. Revise earlier topics.
ADM-1090,Alex Akoth,Grade 1 C,Term 1,2026,English,71,B+,21,Good effort. Can improve with more practice.
ADM-1090,Alex Akoth,Grade 1 C,Term 1,2026,Kiswahili,82,A,12,Steady progress. Do more revision.
ADM-1090,Alex Akoth,Grade 1 C,Term 1,2026,Mathematics,83,A,8,Performs well under guidance. Keep practising.
ADM-1090,Alex Akoth,Grade 1 C,Term 1,2026,Environmental Activities,67,B,23,Average. Put more effort into homework.
ADM-1090,Alex Akoth,Grade 1 C,Term 1,2026,Religious Education,78,A-,13,Satisfactory. Needs consistent practice.
ADM-1090,Alex Akoth,Grade 1 C,Term 1,2026,Creative Activities,59,C+,28,Excellent work. Keep it up!
ADM-1090,Alex Akoth,Grade 1 C,Term 1,2026,Physical & Health Education,71,B+,23,Very good performance. Focus on the few weak areas.
ADM-1091,Nathaniel Wekesa,Grade 1 C,Term 1,2026,English,86,A,5,Shows understanding of key concepts.
ADM-1091,Nathaniel Wekesa,Grade 1 C,Term 1,2026,Kiswahili,88,A,7,Satisfactory. Needs consistent practice.
ADM-1091,Nathaniel Wekesa,Grade 1 C,Term 1,2026,Mathematics,95,A,2,Excellent work. Keep it up!
ADM-1091,Nathaniel Wekesa,Grade 1 C,Term 1,2026,Environmental Activities,95,A,2,Satisfactory. Needs consistent practice.
ADM-1091,Nathaniel Wekesa,Grade 1 C,Term 1,2026,Religious Education,91,A,3,Performs well under guidance. Keep practising.
ADM-1091,Nathaniel Wekesa,Grade 1 C,Term 1,2026,Creative Activities,84,A,7,Very good performance. Focus on the few weak areas.
ADM-1091,Nathaniel Wekesa,Grade 1 C,Term 1,2026,Physical & Health Education,81,A,9,Average. Put more effort into homework.
ADM-1092,Olivia Pekeri,Grade 1 C,Term 1,2026,English,80,A,11,Good effort. Can improve with more practice.
ADM-1092,Olivia Pekeri,Grade 1 C,Term 1,2026,Kiswahili,58,C+,28,Good effort. Can improve with more practice.
ADM-1092,Olivia Pekeri,Grade 1 C,Term 1,2026,Mathematics,67,B,24,Average. Put more effort into homework.
ADM-1092,Olivia Pekeri,Grade 1 C,Term 1,2026,Environmental Activities,65,B,27,Excellent work. Keep it up!
ADM-1092,Olivia Pekeri,Grade 1 C,Term 1,2026,Religious Education,75,A-,15,Below average. Extra tuition recommended.
ADM-1092,Olivia Pekeri,Grade 1 C,Term 1,2026,Creative Activities,68,B,23,Good effort. Can improve with more practice.
ADM-1092,Olivia Pekeri,Grade 1 C,Term 1,2026,Physical & Health Education,61,B-,29,Average. Put more effort into homework.
ADM-1093,Winfred Muthoka,Grade 1 C,Term 1,2026,English,68,B,25,Satisfactory. Needs consistent practice.
ADM-1093,Winfred Muthoka,Grade 1 C,Term 1,2026,Kiswahili,66,B,21,Steady progress. Do more revision.
ADM-1093,Winfred Muthoka,Grade 1 C,Term 1,2026,Mathematics,61,B-,30,Very good performance. Focus on the few weak areas.
ADM-1093,Winfred Muthoka,Grade 1 C,Term 1,2026,Environmental Activities,78,A-,12,Good effort. Can improve with more practice.
ADM-1093,Winfred Muthoka,Grade 1 C,Term 1,2026,Religious Education,82,A,11,Excellent work. Keep it up!
ADM-1093,Winfred Muthoka,Grade 1 C,Term 1,2026,Creative Activities,68,B,24,Steady progress. Do more revision.
ADM-1093,Winfred Muthoka,Grade 1 C,Term 1,2026,Physical & Health Education,86,A,4,Very good performance. Focus on the few weak areas.
ADM-1094,Nicholas Namukuru,Grade 1 C,Term 1,2026,English,77,A-,13,Good effort. Can improve with more practice.
ADM-1094,Nicholas Namukuru,Grade 1 C,Term 1,2026,Kiswahili,94,A,3,Excellent work. Keep it up!
ADM-1094,Nicholas Namukuru,Grade 1 C,Term 1,2026,Mathematics,78,A-,12,Needs significant improvement. Revise earlier topics.
ADM-1094,Nicholas Namukuru,Grade 1 C,Term 1,2026,Environmental Activities,91,A,5,Needs significant improvement. Revise earlier topics.
ADM-1094,Nicholas Namukuru,Grade 1 C,Term 1,2026,Religious Education,83,A,10,Good effort. Can improve with more practice.
ADM-1094,Nicholas Namukuru,Grade 1 C,Term 1,2026,Creative Activities,100,A,1,Steady progress. Do more revision.
ADM-1094,Nicholas Namukuru,Grade 1 C,Term 1,2026,Physical & Health Education,99,A,2,Satisfactory. Needs consistent practice.
ADM-1095,Faith Mutua,Grade 1 C,Term 1,2026,English,67,B,26,Average. Put more effort into homework.
ADM-1095,Faith Mutua,Grade 1 C,Term 1,2026,Kiswahili,73,B+,20,Very good performance. Focus on the few weak areas.
ADM-1095,Faith Mutua,Grade 1 C,Term 1,2026,Mathematics,50,C,33,Excellent work. Keep it up!
ADM-1095,Faith Mutua,Grade 1 C,Term 1,2026,Environmental Activities,61,B-,28,Average. Put more effort into homework.
ADM-1095,Faith Mutua,Grade 1 C,Term 1,2026,Religious Education,60,B-,31,Steady progress. Do more revision.
ADM-1095,Faith Mutua,Grade 1 C,Term 1,2026,Creative Activities,70,B+,21,Steady progress. Do more revision.
ADM-1095,Faith Mutua,Grade 1 C,Term 1,2026,Physical & Health Education,68,B,24,Satisfactory. Needs consistent practice.
ADM-1096,Nancy Nandwa,Grade 1 C,Term 1,2026,English,77,A-,14,Shows understanding of key concepts.
ADM-1096,Nancy Nandwa,Grade 1 C,Term 1,2026,Kiswahili,78,A-,13,Good effort. Can improve with more practice.
ADM-1096,Nancy Nandwa,Grade 1 C,Term 1,2026,Mathematics,76,A-,16,Needs significant improvement. Revise earlier topics.
ADM-1096,Nancy Nandwa,Grade 1 C,Term 1,2026,Environmental Activities,75,A-,16,Performs well under guidance. Keep practising.
ADM-1096,Nancy Nandwa,Grade 1 C,Term 1,2026,Religious Education,66,B,24,Good effort. Can improve with more practice.
ADM-1096,Nancy Nandwa,Grade 1 C,Term 1,2026,Creative Activities,76,A-,14,Good effort. Can improve with more practice.
ADM-1096,Nancy Nandwa,Grade 1 C,Term 1,2026,Physical & Health Education,73,B+,18,Satisfactory. Needs consistent practice.
ADM-1097,Judith Kosgei,Grade 1 C,Term 1,2026,English,94,A,3,Very good performance. Focus on the few weak areas.
ADM-1097,Judith Kosgei,Grade 1 C,Term 1,2026,Kiswahili,98,A,1,Below average. Extra tuition recommended.
ADM-1097,Judith Kosgei,Grade 1 C,Term 1,2026,Mathematics,98,A,1,Average. Put more effort into homework.
ADM-1097,Judith Kosgei,Grade 1 C,Term 1,2026,Environmental Activities,89,A,6,Good effort. Can improve with more practice.
ADM-1097,Judith Kosgei,Grade 1 C,Term 1,2026,Religious Education,87,A,7,Below average. Extra tuition recommended.
ADM-1097,Judith Kosgei,Grade 1 C,Term 1,2026,Creative Activities,85,A,5,Steady progress. Do more revision.
ADM-1097,Judith Kosgei,Grade 1 C,Term 1,2026,Physical & Health Education,100,A,1,Needs significant improvement. Revise earlier topics.
ADM-1098,John Metto,Grade 1 C,Term 1,2026,English,51,C,32,Average. Put more effort into homework.
ADM-1098,John Metto,Grade 1 C,Term 1,2026,Kiswahili,50,C,32,Excellent work. Keep it up!
ADM-1098,John Metto,Grade 1 C,Term 1,2026,Mathematics,66,B,25,Excellent work. Keep it up!
ADM-1098,John Metto,Grade 1 C,Term 1,2026,Environmental Activities,58,C+,31,Excellent work. Keep it up!
ADM-1098,John Metto,Grade 1 C,Term 1,2026,Religious Education,62,B-,29,Steady progress. Do more revision.
ADM-1098,John Metto,Grade 1 C,Term 1,2026,Creative Activities,60,B-,27,Satisfactory. Needs consistent practice.
ADM-1098,John Metto,Grade 1 C,Term 1,2026,Physical & Health Education,48,C-,33,Excellent work. Keep it up!
ADM-1099,Dorcas Karanja,Grade 1 C,Term 1,2026,English,58,C+,29,Very good performance. Focus on the few weak areas.
ADM-1099,Dorcas Karanja,Grade 1 C,Term 1,2026,Kiswahili,62,B-,25,Satisfactory. Needs consistent practice.
ADM-1099,Dorcas Karanja,Grade 1 C,Term 1,2026,Mathematics,64,B-,27,Excellent work. Keep it up!
ADM-1099,Dorcas Karanja,Grade 1 C,Term 1,2026,Environmental Activities,67,B,24,Very good performance. Focus on the few weak areas.
ADM-1099,Dorcas Karanja,Grade 1 C,Term 1,2026,Religious Education,71,B+,19,Average. Put more effort into homework.
ADM-1099,Dorcas Karanja,Grade 1 C,Term 1,2026,Creative Activities,61,B-,26,Excellent work. Keep it up!
ADM-1099,Dorcas Karanja,Grade 1 C,Term 1,2026,Physical & Health Education,49,C-,32,Good effort. Can improve with more practice.
ADM-1100,Faith Choge,Grade 1 C,Term 1,2026,English,59,C+,28,Average. Put more effort into homework.
ADM-1100,Faith Choge,Grade 1 C,Term 1,2026,Kiswahili,54,C,31,Average. Put more effort into homework.
ADM-1100,Faith Choge,Grade 1 C,Term 1,2026,Mathematics,68,B,22,Very good performance. Focus on the few weak areas.
ADM-1100,Faith Choge,Grade 1 C,Term 1,2026,Environmental Activities,56,C+,32,Good effort. Can improve with more practice.
ADM-1100,Faith Choge,Grade 1 C,Term 1,2026,Religious Education,66,B,25,Steady progress. Do more revision.
ADM-1100,Faith Choge,Grade 1 C,Term 1,2026,Creative Activities,59,C+,29,Very good performance. Focus on the few weak areas.
ADM-1100,Faith Choge,Grade 1 C,Term 1,2026,Physical & Health Education,68,B,25,Steady progress. Do more revision.
ADM-1101,Eric Musyoka,Grade 2 A,Term 1,2026,English,95,A,2,Needs significant improvement. Revise earlier topics.
ADM-1101,Eric Musyoka,Grade 2 A,Term 1,2026,Kiswahili,94,A,2,Satisfactory. Needs consistent practice.
ADM-1101,Eric Musyoka,Grade 2 A,Term 1,2026,Mathematics,83,A,6,Average. Put more effort into homework.
ADM-1101,Eric Musyoka,Grade 2 A,Term 1,2026,Environmental Activities,92,A,1,Performs well under guidance. Keep practising.
ADM-1101,Eric Musyoka,Grade 2 A,Term 1,2026,Religious Education,87,A,4,Steady progress. Do more revision.
ADM-1101,Eric Musyoka,Grade 2 A,Term 1,2026,Creative Activities,88,A,2,Average. Put more effort into homework.
ADM-1101,Eric Musyoka,Grade 2 A,Term 1,2026,Physical & Health Education,91,A,3,Steady progress. Do more revision.
ADM-1102,Elijah Natepo,Grade 2 A,Term 1,2026,English,56,C+,23,Excellent work. Keep it up!
ADM-1102,Elijah Natepo,Grade 2 A,Term 1,2026,Kiswahili,55,C+,27,Satisfactory. Needs consistent practice.
ADM-1102,Elijah Natepo,Grade 2 A,Term 1,2026,Mathematics,72,B+,13,Satisfactory. Needs consistent practice.
ADM-1102,Elijah Natepo,Grade 2 A,Term 1,2026,Environmental Activities,65,B,18,Excellent work. Keep it up!
ADM-1102,Elijah Natepo,Grade 2 A,Term 1,2026,Religious Education,64,B-,20,Average. Put more effort into homework.
ADM-1102,Elijah Natepo,Grade 2 A,Term 1,2026,Creative Activities,61,B-,24,Steady progress. Do more revision.
ADM-1102,Elijah Natepo,Grade 2 A,Term 1,2026,Physical & Health Education,62,B-,24,Steady progress. Do more revision.
ADM-1103,Alex Tanui,Grade 2 A,Term 1,2026,English,70,B+,14,Satisfactory. Needs consistent practice.
ADM-1103,Alex Tanui,Grade 2 A,Term 1,2026,Kiswahili,56,C+,25,Average. Put more effort into homework.
ADM-1103,Alex Tanui,Grade 2 A,Term 1,2026,Mathematics,48,C-,31,Very good performance. Focus on the few weak areas.
ADM-1103,Alex Tanui,Grade 2 A,Term 1,2026,Environmental Activities,67,B,16,Steady progress. Do more revision.
ADM-1103,Alex Tanui,Grade 2 A,Term 1,2026,Religious Education,52,C,30,Average. Put more effort into homework.
ADM-1103,Alex Tanui,Grade 2 A,Term 1,2026,Creative Activities,73,B+,10,Excellent work. Keep it up!
ADM-1103,Alex Tanui,Grade 2 A,Term 1,2026,Physical & Health Education,76,A-,10,Shows understanding of key concepts.
ADM-1104,Emmanuel Ndolo,Grade 2 A,Term 1,2026,English,83,A,4,Steady progress. Do more revision.
ADM-1104,Emmanuel Ndolo,Grade 2 A,Term 1,2026,Kiswahili,75,A-,11,Satisfactory. Needs consistent practice.
ADM-1104,Emmanuel Ndolo,Grade 2 A,Term 1,2026,Mathematics,97,A,1,Steady progress. Do more revision.
ADM-1104,Emmanuel Ndolo,Grade 2 A,Term 1,2026,Environmental Activities,84,A,2,Needs significant improvement. Revise earlier topics.
ADM-1104,Emmanuel Ndolo,Grade 2 A,Term 1,2026,Religious Education,85,A,6,Good effort. Can improve with more practice.
ADM-1104,Emmanuel Ndolo,Grade 2 A,Term 1,2026,Creative Activities,69,B,17,Average. Put more effort into homework.
ADM-1104,Emmanuel Ndolo,Grade 2 A,Term 1,2026,Physical & Health Education,90,A,4,Good effort. Can improve with more practice.
ADM-1105,Magdalene Mpaine,Grade 2 A,Term 1,2026,English,60,B-,22,Average. Put more effort into homework.
ADM-1105,Magdalene Mpaine,Grade 2 A,Term 1,2026,Kiswahili,76,A-,9,Good effort. Can improve with more practice.
ADM-1105,Magdalene Mpaine,Grade 2 A,Term 1,2026,Mathematics,58,C+,22,Steady progress. Do more revision.
ADM-1105,Magdalene Mpaine,Grade 2 A,Term 1,2026,Environmental Activities,78,A-,5,Needs significant improvement. Revise earlier topics.
ADM-1105,Magdalene Mpaine,Grade 2 A,Term 1,2026,Religious Education,61,B-,23,Satisfactory. Needs consistent practice.
ADM-1105,Magdalene Mpaine,Grade 2 A,Term 1,2026,Creative Activities,59,C+,26,Steady progress. Do more revision.
ADM-1105,Magdalene Mpaine,Grade 2 A,Term 1,2026,Physical & Health Education,70,B+,16,Steady progress. Do more revision.
ADM-1106,Gideon Tanui,Grade 2 A,Term 1,2026,English,79,A-,9,Satisfactory. Needs consistent practice.
ADM-1106,Gideon Tanui,Grade 2 A,Term 1,2026,Kiswahili,80,A,7,Below average. Extra tuition recommended.
ADM-1106,Gideon Tanui,Grade 2 A,Term 1,2026,Mathematics,75,A-,11,Shows understanding of key concepts.
ADM-1106,Gideon Tanui,Grade 2 A,Term 1,2026,Environmental Activities,83,A,3,Satisfactory. Needs consistent practice.
ADM-1106,Gideon Tanui,Grade 2 A,Term 1,2026,Religious Education,82,A,9,Satisfactory. Needs consistent practice.
ADM-1106,Gideon Tanui,Grade 2 A,Term 1,2026,Creative Activities,76,A-,8,Below average. Extra tuition recommended.
ADM-1106,Gideon Tanui,Grade 2 A,Term 1,2026,Physical & Health Education,96,A,2,Very good performance. Focus on the few weak areas.
ADM-1107,Rachael Kiprop,Grade 2 A,Term 1,2026,English,83,A,5,Very good performance. Focus on the few weak areas.
ADM-1107,Rachael Kiprop,Grade 2 A,Term 1,2026,Kiswahili,70,B+,15,Steady progress. Do more revision.
ADM-1107,Rachael Kiprop,Grade 2 A,Term 1,2026,Mathematics,78,A-,8,Excellent work. Keep it up!
ADM-1107,Rachael Kiprop,Grade 2 A,Term 1,2026,Environmental Activities,73,B+,10,Very good performance. Focus on the few weak areas.
ADM-1107,Rachael Kiprop,Grade 2 A,Term 1,2026,Religious Education,92,A,2,Very good performance. Focus on the few weak areas.
ADM-1107,Rachael Kiprop,Grade 2 A,Term 1,2026,Creative Activities,75,A-,9,Shows understanding of key concepts.
ADM-1107,Rachael Kiprop,Grade 2 A,Term 1,2026,Physical & Health Education,89,A,5,Average. Put more effort into homework.
ADM-1108,Harrison Kioko,Grade 2 A,Term 1,2026,English,81,A,6,Average. Put more effort into homework.
ADM-1108,Harrison Kioko,Grade 2 A,Term 1,2026,Kiswahili,100,A,1,Needs significant improvement. Revise earlier topics.
ADM-1108,Harrison Kioko,Grade 2 A,Term 1,2026,Mathematics,84,A,5,Excellent work. Keep it up!
ADM-1108,Harrison Kioko,Grade 2 A,Term 1,2026,Environmental Activities,73,B+,11,Good effort. Can improve with more practice.
ADM-1108,Harrison Kioko,Grade 2 A,Term 1,2026,Religious Education,84,A,7,Below average. Extra tuition recommended.
ADM-1108,Harrison Kioko,Grade 2 A,Term 1,2026,Creative Activities,81,A,5,Performs well under guidance. Keep practising.
ADM-1108,Harrison Kioko,Grade 2 A,Term 1,2026,Physical & Health Education,69,B,18,Average. Put more effort into homework.
ADM-1109,Tabitha Bunoro,Grade 2 A,Term 1,2026,English,79,A-,10,Needs significant improvement. Revise earlier topics.
ADM-1109,Tabitha Bunoro,Grade 2 A,Term 1,2026,Kiswahili,67,B,18,Good effort. Can improve with more practice.
ADM-1109,Tabitha Bunoro,Grade 2 A,Term 1,2026,Mathematics,78,A-,9,Needs significant improvement. Revise earlier topics.
ADM-1109,Tabitha Bunoro,Grade 2 A,Term 1,2026,Environmental Activities,56,C+,27,Excellent work. Keep it up!
ADM-1109,Tabitha Bunoro,Grade 2 A,Term 1,2026,Religious Education,75,A-,12,Shows understanding of key concepts.
ADM-1109,Tabitha Bunoro,Grade 2 A,Term 1,2026,Creative Activities,72,B+,15,Steady progress. Do more revision.
ADM-1109,Tabitha Bunoro,Grade 2 A,Term 1,2026,Physical & Health Education,64,B-,20,Average. Put more effort into homework.
ADM-1110,Andrew Leshan,Grade 2 A,Term 1,2026,English,49,C-,29,Steady progress. Do more revision.
ADM-1110,Andrew Leshan,Grade 2 A,Term 1,2026,Kiswahili,76,A-,10,Good effort. Can improve with more practice.
ADM-1110,Andrew Leshan,Grade 2 A,Term 1,2026,Mathematics,57,C+,23,Average. Put more effort into homework.
ADM-1110,Andrew Leshan,Grade 2 A,Term 1,2026,Environmental Activities,65,B,19,Average. Put more effort into homework.
ADM-1110,Andrew Leshan,Grade 2 A,Term 1,2026,Religious Education,75,A-,13,Satisfactory. Needs consistent practice.
ADM-1110,Andrew Leshan,Grade 2 A,Term 1,2026,Creative Activities,73,B+,11,Excellent work. Keep it up!
ADM-1110,Andrew Leshan,Grade 2 A,Term 1,2026,Physical & Health Education,78,A-,9,Satisfactory. Needs consistent practice.
ADM-1111,Samuel Nzioka,Grade 2 A,Term 1,2026,English,52,C,25,Very good performance. Focus on the few weak areas.
ADM-1111,Samuel Nzioka,Grade 2 A,Term 1,2026,Kiswahili,50,C,31,Very good performance. Focus on the few weak areas.
ADM-1111,Samuel Nzioka,Grade 2 A,Term 1,2026,Mathematics,72,B+,14,Satisfactory. Needs consistent practice.
ADM-1111,Samuel Nzioka,Grade 2 A,Term 1,2026,Environmental Activities,49,C-,30,Good effort. Can improve with more practice.
ADM-1111,Samuel Nzioka,Grade 2 A,Term 1,2026,Religious Education,55,C+,27,Average. Put more effort into homework.
ADM-1111,Samuel Nzioka,Grade 2 A,Term 1,2026,Creative Activities,51,C,30,Very good performance. Focus on the few weak areas.
ADM-1111,Samuel Nzioka,Grade 2 A,Term 1,2026,Physical & Health Education,75,A-,11,Good effort. Can improve with more practice.
ADM-1112,Diana Njeri,Grade 2 A,Term 1,2026,English,48,C-,30,Satisfactory. Needs consistent practice.
ADM-1112,Diana Njeri,Grade 2 A,Term 1,2026,Kiswahili,57,C+,24,Average. Put more effort into homework.
ADM-1112,Diana Njeri,Grade 2 A,Term 1,2026,Mathematics,69,B,17,Good effort. Can improve with more practice.
ADM-1112,Diana Njeri,Grade 2 A,Term 1,2026,Environmental Activities,51,C,28,Satisfactory. Needs consistent practice.
ADM-1112,Diana Njeri,Grade 2 A,Term 1,2026,Religious Education,55,C+,28,Very good performance. Focus on the few weak areas.
ADM-1112,Diana Njeri,Grade 2 A,Term 1,2026,Creative Activities,52,C,29,Satisfactory. Needs consistent practice.
ADM-1112,Diana Njeri,Grade 2 A,Term 1,2026,Physical & Health Education,51,C,29,Excellent work. Keep it up!
ADM-1113,Joyce Njoroge,Grade 2 A,Term 1,2026,English,52,C,26,Satisfactory. Needs consistent practice.
ADM-1113,Joyce Njoroge,Grade 2 A,Term 1,2026,Kiswahili,53,C,28,Steady progress. Do more revision.
ADM-1113,Joyce Njoroge,Grade 2 A,Term 1,2026,Mathematics,54,C,26,Average. Put more effort into homework.
ADM-1113,Joyce Njoroge,Grade 2 A,Term 1,2026,Environmental Activities,50,C,29,Average. Put more effort into homework.
ADM-1113,Joyce Njoroge,Grade 2 A,Term 1,2026,Religious Education,64,B-,21,Very good performance. Focus on the few weak areas.
ADM-1113,Joyce Njoroge,Grade 2 A,Term 1,2026,Creative Activities,63,B-,21,Steady progress. Do more revision.
ADM-1113,Joyce Njoroge,Grade 2 A,Term 1,2026,Physical & Health Education,66,B,19,Steady progress. Do more revision.
ADM-1114,Fridah Kimeu,Grade 2 A,Term 1,2026,English,71,B+,13,Good effort. Can improve with more practice.
ADM-1114,Fridah Kimeu,Grade 2 A,Term 1,2026,Kiswahili,75,A-,12,Good effort. Can improve with more practice.
ADM-1114,Fridah Kimeu,Grade 2 A,Term 1,2026,Mathematics,91,A,3,Good effort. Can improve with more practice.
ADM-1114,Fridah Kimeu,Grade 2 A,Term 1,2026,Environmental Activities,65,B,20,Satisfactory. Needs consistent practice.
ADM-1114,Fridah Kimeu,Grade 2 A,Term 1,2026,Religious Education,80,A,10,Good effort. Can improve with more practice.
ADM-1114,Fridah Kimeu,Grade 2 A,Term 1,2026,Creative Activities,73,B+,12,Satisfactory. Needs consistent practice.
ADM-1114,Fridah Kimeu,Grade 2 A,Term 1,2026,Physical & Health Education,89,A,6,Steady progress. Do more revision.
ADM-1115,Caleb Kioko,Grade 2 A,Term 1,2026,English,75,A-,11,Shows understanding of key concepts.
ADM-1115,Caleb Kioko,Grade 2 A,Term 1,2026,Kiswahili,63,B-,20,Very good performance. Focus on the few weak areas.
ADM-1115,Caleb Kioko,Grade 2 A,Term 1,2026,Mathematics,77,A-,10,Good effort. Can improve with more practice.
ADM-1115,Caleb Kioko,Grade 2 A,Term 1,2026,Environmental Activities,62,B-,21,Very good performance. Focus on the few weak areas.
ADM-1115,Caleb Kioko,Grade 2 A,Term 1,2026,Religious Education,68,B,16,Satisfactory. Needs consistent practice.
ADM-1115,Caleb Kioko,Grade 2 A,Term 1,2026,Creative Activities,85,A,3,Satisfactory. Needs consistent practice.
ADM-1115,Caleb Kioko,Grade 2 A,Term 1,2026,Physical & Health Education,70,B+,17,Satisfactory. Needs consistent practice.
ADM-1116,Hillary Odhiambo,Grade 2 A,Term 1,2026,English,52,C,27,Steady progress. Do more revision.
ADM-1116,Hillary Odhiambo,Grade 2 A,Term 1,2026,Kiswahili,59,C+,23,Steady progress. Do more revision.
ADM-1116,Hillary Odhiambo,Grade 2 A,Term 1,2026,Mathematics,52,C,28,Satisfactory. Needs consistent practice.
ADM-1116,Hillary Odhiambo,Grade 2 A,Term 1,2026,Environmental Activities,62,B-,22,Excellent work. Keep it up!
ADM-1116,Hillary Odhiambo,Grade 2 A,Term 1,2026,Religious Education,60,B-,25,Excellent work. Keep it up!
ADM-1116,Hillary Odhiambo,Grade 2 A,Term 1,2026,Creative Activities,70,B+,16,Very good performance. Focus on the few weak areas.
ADM-1116,Hillary Odhiambo,Grade 2 A,Term 1,2026,Physical & Health Education,58,C+,26,Average. Put more effort into homework.
ADM-1117,Martin Zawadi,Grade 2 A,Term 1,2026,English,62,B-,20,Average. Put more effort into homework.
ADM-1117,Martin Zawadi,Grade 2 A,Term 1,2026,Kiswahili,70,B+,16,Satisfactory. Needs consistent practice.
ADM-1117,Martin Zawadi,Grade 2 A,Term 1,2026,Mathematics,71,B+,15,Steady progress. Do more revision.
ADM-1117,Martin Zawadi,Grade 2 A,Term 1,2026,Environmental Activities,62,B-,23,Excellent work. Keep it up!
ADM-1117,Martin Zawadi,Grade 2 A,Term 1,2026,Religious Education,74,B+,14,Excellent work. Keep it up!
ADM-1117,Martin Zawadi,Grade 2 A,Term 1,2026,Creative Activities,69,B,18,Very good performance. Focus on the few weak areas.
ADM-1117,Martin Zawadi,Grade 2 A,Term 1,2026,Physical & Health Education,71,B+,14,Excellent work. Keep it up!
ADM-1118,Alex Mwangi,Grade 2 A,Term 1,2026,English,63,B-,19,Satisfactory. Needs consistent practice.
ADM-1118,Alex Mwangi,Grade 2 A,Term 1,2026,Kiswahili,64,B-,19,Good effort. Can improve with more practice.
ADM-1118,Alex Mwangi,Grade 2 A,Term 1,2026,Mathematics,68,B,18,Excellent work. Keep it up!
ADM-1118,Alex Mwangi,Grade 2 A,Term 1,2026,Environmental Activities,77,A-,6,Very good performance. Focus on the few weak areas.
ADM-1118,Alex Mwangi,Grade 2 A,Term 1,2026,Religious Education,47,C-,31,Good effort. Can improve with more practice.
ADM-1118,Alex Mwangi,Grade 2 A,Term 1,2026,Creative Activities,55,C+,28,Average. Put more effort into homework.
ADM-1118,Alex Mwangi,Grade 2 A,Term 1,2026,Physical & Health Education,71,B+,15,Excellent work. Keep it up!
ADM-1119,Sharon Githinji,Grade 2 A,Term 1,2026,English,70,B+,15,Steady progress. Do more revision.
ADM-1119,Sharon Githinji,Grade 2 A,Term 1,2026,Kiswahili,87,A,5,Needs significant improvement. Revise earlier topics.
ADM-1119,Sharon Githinji,Grade 2 A,Term 1,2026,Mathematics,80,A,7,Steady progress. Do more revision.
ADM-1119,Sharon Githinji,Grade 2 A,Term 1,2026,Environmental Activities,72,B+,13,Very good performance. Focus on the few weak areas.
ADM-1119,Sharon Githinji,Grade 2 A,Term 1,2026,Religious Education,87,A,5,Below average. Extra tuition recommended.
ADM-1119,Sharon Githinji,Grade 2 A,Term 1,2026,Creative Activities,80,A,6,Performs well under guidance. Keep practising.
ADM-1119,Sharon Githinji,Grade 2 A,Term 1,2026,Physical & Health Education,73,B+,13,Average. Put more effort into homework.
ADM-1120,Shalom Syombua,Grade 2 A,Term 1,2026,English,43,D+,31,Low effort despite ability. Needs encouragement.
ADM-1120,Shalom Syombua,Grade 2 A,Term 1,2026,Kiswahili,61,B-,22,Very good performance. Focus on the few weak areas.
ADM-1120,Shalom Syombua,Grade 2 A,Term 1,2026,Mathematics,56,C+,24,Satisfactory. Needs consistent practice.
ADM-1120,Shalom Syombua,Grade 2 A,Term 1,2026,Environmental Activities,45,C-,31,Very good performance. Focus on the few weak areas.
ADM-1120,Shalom Syombua,Grade 2 A,Term 1,2026,Religious Education,66,B,19,Steady progress. Do more revision.
ADM-1120,Shalom Syombua,Grade 2 A,Term 1,2026,Creative Activities,62,B-,22,Good effort. Can improve with more practice.
ADM-1120,Shalom Syombua,Grade 2 A,Term 1,2026,Physical & Health Education,56,C+,27,Excellent work. Keep it up!
ADM-1121,Faith Omar,Grade 2 A,Term 1,2026,English,75,A-,12,Performs well under guidance. Keep practising.
ADM-1121,Faith Omar,Grade 2 A,Term 1,2026,Kiswahili,68,B,17,Steady progress. Do more revision.
ADM-1121,Faith Omar,Grade 2 A,Term 1,2026,Mathematics,75,A-,12,Good effort. Can improve with more practice.
ADM-1121,Faith Omar,Grade 2 A,Term 1,2026,Environmental Activities,73,B+,12,Excellent work. Keep it up!
ADM-1121,Faith Omar,Grade 2 A,Term 1,2026,Religious Education,70,B+,15,Good effort. Can improve with more practice.
ADM-1121,Faith Omar,Grade 2 A,Term 1,2026,Creative Activities,90,A,1,Performs well under guidance. Keep practising.
ADM-1121,Faith Omar,Grade 2 A,Term 1,2026,Physical & Health Education,63,B-,23,Steady progress. Do more revision.
ADM-1122,Charles Mutoro,Grade 2 A,Term 1,2026,English,62,B-,21,Steady progress. Do more revision.
ADM-1122,Charles Mutoro,Grade 2 A,Term 1,2026,Kiswahili,51,C,30,Very good performance. Focus on the few weak areas.
ADM-1122,Charles Mutoro,Grade 2 A,Term 1,2026,Mathematics,49,C-,30,Satisfactory. Needs consistent practice.
ADM-1122,Charles Mutoro,Grade 2 A,Term 1,2026,Environmental Activities,60,B-,24,Satisfactory. Needs consistent practice.
ADM-1122,Charles Mutoro,Grade 2 A,Term 1,2026,Religious Education,54,C,29,Satisfactory. Needs consistent practice.
ADM-1122,Charles Mutoro,Grade 2 A,Term 1,2026,Creative Activities,51,C,31,Average. Put more effort into homework.
ADM-1122,Charles Mutoro,Grade 2 A,Term 1,2026,Physical & Health Education,53,C,28,Excellent work. Keep it up!
ADM-1123,Joshua Gatwiri,Grade 2 A,Term 1,2026,English,65,B,17,Satisfactory. Needs consistent practice.
ADM-1123,Joshua Gatwiri,Grade 2 A,Term 1,2026,Kiswahili,56,C+,26,Good effort. Can improve with more practice.
ADM-1123,Joshua Gatwiri,Grade 2 A,Term 1,2026,Mathematics,48,C-,32,Steady progress. Do more revision.
ADM-1123,Joshua Gatwiri,Grade 2 A,Term 1,2026,Environmental Activities,70,B+,14,Excellent work. Keep it up!
ADM-1123,Joshua Gatwiri,Grade 2 A,Term 1,2026,Religious Education,64,B-,22,Excellent work. Keep it up!
ADM-1123,Joshua Gatwiri,Grade 2 A,Term 1,2026,Creative Activities,51,C,32,Average. Put more effort into homework.
ADM-1123,Joshua Gatwiri,Grade 2 A,Term 1,2026,Physical & Health Education,43,D+,32,Frequent absenteeism is affecting performance.
ADM-1124,Peter Mutoro,Grade 2 A,Term 1,2026,English,43,D+,32,Concept grasp is weak; repeat class exercises.
ADM-1124,Peter Mutoro,Grade 2 A,Term 1,2026,Kiswahili,45,C-,32,Very good performance. Focus on the few weak areas.
ADM-1124,Peter Mutoro,Grade 2 A,Term 1,2026,Mathematics,54,C,27,Very good performance. Focus on the few weak areas.
ADM-1124,Peter Mutoro,Grade 2 A,Term 1,2026,Environmental Activities,40,D+,32,Needs to complete assignments on time.
ADM-1124,Peter Mutoro,Grade 2 A,Term 1,2026,Religious Education,37,D,32,Careless mistakes in simple calculations. Slow down.
ADM-1124,Peter Mutoro,Grade 2 A,Term 1,2026,Creative Activities,60,B-,25,Excellent work. Keep it up!
ADM-1124,Peter Mutoro,Grade 2 A,Term 1,2026,Physical & Health Education,47,C-,31,Steady progress. Do more revision.
ADM-1125,Donald Kiprop,Grade 2 A,Term 1,2026,English,52,C,28,Satisfactory. Needs consistent practice.
ADM-1125,Donald Kiprop,Grade 2 A,Term 1,2026,Kiswahili,75,A-,13,Very good performance. Focus on the few weak areas.
ADM-1125,Donald Kiprop,Grade 2 A,Term 1,2026,Mathematics,56,C+,25,Average. Put more effort into homework.
ADM-1125,Donald Kiprop,Grade 2 A,Term 1,2026,Environmental Activities,58,C+,26,Steady progress. Do more revision.
ADM-1125,Donald Kiprop,Grade 2 A,Term 1,2026,Religious Education,59,C+,26,Satisfactory. Needs consistent practice.
ADM-1125,Donald Kiprop,Grade 2 A,Term 1,2026,Creative Activities,67,B,20,Very good performance. Focus on the few weak areas.
ADM-1125,Donald Kiprop,Grade 2 A,Term 1,2026,Physical & Health Education,59,C+,25,Excellent work. Keep it up!
ADM-1126,Rachael Mbithi,Grade 2 A,Term 1,2026,English,80,A,7,Excellent work. Keep it up!
ADM-1126,Rachael Mbithi,Grade 2 A,Term 1,2026,Kiswahili,84,A,6,Shows understanding of key concepts.
ADM-1126,Rachael Mbithi,Grade 2 A,Term 1,2026,Mathematics,71,B+,16,Good effort. Can improve with more practice.
ADM-1126,Rachael Mbithi,Grade 2 A,Term 1,2026,Environmental Activities,79,A-,4,Very good performance. Focus on the few weak areas.
ADM-1126,Rachael Mbithi,Grade 2 A,Term 1,2026,Religious Education,94,A,1,Needs significant improvement. Revise earlier topics.
ADM-1126,Rachael Mbithi,Grade 2 A,Term 1,2026,Creative Activities,73,B+,13,Excellent work. Keep it up!
ADM-1126,Rachael Mbithi,Grade 2 A,Term 1,2026,Physical & Health Education,75,A-,12,Steady progress. Do more revision.
ADM-1127,James Natepo,Grade 2 A,Term 1,2026,English,56,C+,24,Steady progress. Do more revision.
ADM-1127,James Natepo,Grade 2 A,Term 1,2026,Kiswahili,52,C,29,Satisfactory. Needs consistent practice.
ADM-1127,James Natepo,Grade 2 A,Term 1,2026,Mathematics,50,C,29,Average. Put more effort into homework.
ADM-1127,James Natepo,Grade 2 A,Term 1,2026,Environmental Activities,69,B,15,Average. Put more effort into homework.
ADM-1127,James Natepo,Grade 2 A,Term 1,2026,Religious Education,61,B-,24,Average. Put more effort into homework.
ADM-1127,James Natepo,Grade 2 A,Term 1,2026,Creative Activities,62,B-,23,Very good performance. Focus on the few weak areas.
ADM-1127,James Natepo,Grade 2 A,Term 1,2026,Physical & Health Education,64,B-,21,Average. Put more effort into homework.
ADM-1128,Amos Langat,Grade 2 A,Term 1,2026,English,80,A,8,Needs significant improvement. Revise earlier topics.
ADM-1128,Amos Langat,Grade 2 A,Term 1,2026,Kiswahili,74,B+,14,Steady progress. Do more revision.
ADM-1128,Amos Langat,Grade 2 A,Term 1,2026,Mathematics,61,B-,21,Steady progress. Do more revision.
ADM-1128,Amos Langat,Grade 2 A,Term 1,2026,Environmental Activities,75,A-,8,Good effort. Can improve with more practice.
ADM-1128,Amos Langat,Grade 2 A,Term 1,2026,Religious Education,84,A,8,Excellent work. Keep it up!
ADM-1128,Amos Langat,Grade 2 A,Term 1,2026,Creative Activities,69,B,19,Good effort. Can improve with more practice.
ADM-1128,Amos Langat,Grade 2 A,Term 1,2026,Physical & Health Education,64,B-,22,Steady progress. Do more revision.
ADM-1129,Olivia Suleiman,Grade 2 A,Term 1,2026,English,100,A,1,Good effort. Can improve with more practice.
ADM-1129,Olivia Suleiman,Grade 2 A,Term 1,2026,Kiswahili,90,A,3,Excellent work. Keep it up!
ADM-1129,Olivia Suleiman,Grade 2 A,Term 1,2026,Mathematics,93,A,2,Satisfactory. Needs consistent practice.
ADM-1129,Olivia Suleiman,Grade 2 A,Term 1,2026,Environmental Activities,76,A-,7,Average. Put more effort into homework.
ADM-1129,Olivia Suleiman,Grade 2 A,Term 1,2026,Religious Education,91,A,3,Average. Put more effort into homework.
ADM-1129,Olivia Suleiman,Grade 2 A,Term 1,2026,Creative Activities,85,A,4,Very good performance. Focus on the few weak areas.
ADM-1129,Olivia Suleiman,Grade 2 A,Term 1,2026,Physical & Health Education,99,A,1,Performs well under guidance. Keep practising.
ADM-1130,Isaac Mpaine,Grade 2 A,Term 1,2026,English,70,B+,16,Average. Put more effort into homework.
ADM-1130,Isaac Mpaine,Grade 2 A,Term 1,2026,Kiswahili,62,B-,21,Average. Put more effort into homework.
ADM-1130,Isaac Mpaine,Grade 2 A,Term 1,2026,Mathematics,68,B,19,Excellent work. Keep it up!
ADM-1130,Isaac Mpaine,Grade 2 A,Term 1,2026,Environmental Activities,60,B-,25,Average. Put more effort into homework.
ADM-1130,Isaac Mpaine,Grade 2 A,Term 1,2026,Religious Education,68,B,17,Good effort. Can improve with more practice.
ADM-1130,Isaac Mpaine,Grade 2 A,Term 1,2026,Creative Activities,58,C+,27,Excellent work. Keep it up!
ADM-1130,Isaac Mpaine,Grade 2 A,Term 1,2026,Physical & Health Education,48,C-,30,Good effort. Can improve with more practice.
ADM-1131,Joshua Sichangi,Grade 2 A,Term 1,2026,English,85,A,3,Very good performance. Focus on the few weak areas.
ADM-1131,Joshua Sichangi,Grade 2 A,Term 1,2026,Kiswahili,89,A,4,Satisfactory. Needs consistent practice.
ADM-1131,Joshua Sichangi,Grade 2 A,Term 1,2026,Mathematics,66,B,20,Excellent work. Keep it up!
ADM-1131,Joshua Sichangi,Grade 2 A,Term 1,2026,Environmental Activities,67,B,17,Average. Put more effort into homework.
ADM-1131,Joshua Sichangi,Grade 2 A,Term 1,2026,Religious Education,68,B,18,Steady progress. Do more revision.
ADM-1131,Joshua Sichangi,Grade 2 A,Term 1,2026,Creative Activities,77,A-,7,Performs well under guidance. Keep practising.
ADM-1131,Joshua Sichangi,Grade 2 A,Term 1,2026,Physical & Health Education,85,A,7,Good effort. Can improve with more practice.
ADM-1132,Ian Abdi,Grade 2 A,Term 1,2026,English,64,B-,18,Satisfactory. Needs consistent practice.
ADM-1132,Ian Abdi,Grade 2 A,Term 1,2026,Kiswahili,77,A-,8,Steady progress. Do more revision.
ADM-1132,Ian Abdi,Grade 2 A,Term 1,2026,Mathematics,85,A,4,Below average. Extra tuition recommended.
ADM-1132,Ian Abdi,Grade 2 A,Term 1,2026,Environmental Activities,74,B+,9,Excellent work. Keep it up!
ADM-1132,Ian Abdi,Grade 2 A,Term 1,2026,Religious Education,78,A-,11,Average. Put more effort into homework.
ADM-1132,Ian Abdi,Grade 2 A,Term 1,2026,Creative Activities,73,B+,14,Very good performance. Focus on the few weak areas.
ADM-1132,Ian Abdi,Grade 2 A,Term 1,2026,Physical & Health Education,84,A,8,Good effort. Can improve with more practice.
ADM-1133,Timothy Maundu,Grade 2 B,Term 1,2026,English,36,D,31,Needs to complete assignments on time.
ADM-1133,Timothy Maundu,Grade 2 B,Term 1,2026,Kiswahili,48,C-,31,Very good performance. Focus on the few weak areas.
ADM-1133,Timothy Maundu,Grade 2 B,Term 1,2026,Mathematics,55,C+,26,Good effort. Can improve with more practice.
ADM-1133,Timothy Maundu,Grade 2 B,Term 1,2026,Environmental Activities,54,C,28,Satisfactory. Needs consistent practice.
ADM-1133,Timothy Maundu,Grade 2 B,Term 1,2026,Religious Education,61,B-,24,Good effort. Can improve with more practice.
ADM-1133,Timothy Maundu,Grade 2 B,Term 1,2026,Creative Activities,39,D,32,Repeated the topic without mastering basics. Revise.
ADM-1133,Timothy Maundu,Grade 2 B,Term 1,2026,Physical & Health Education,47,C-,30,Good effort. Can improve with more practice.
ADM-1134,Eric Kosgei,Grade 2 B,Term 1,2026,English,71,B+,10,Average. Put more effort into homework.
ADM-1134,Eric Kosgei,Grade 2 B,Term 1,2026,Kiswahili,56,C+,27,Satisfactory. Needs consistent practice.
ADM-1134,Eric Kosgei,Grade 2 B,Term 1,2026,Mathematics,63,B-,23,Good effort. Can improve with more practice.
ADM-1134,Eric Kosgei,Grade 2 B,Term 1,2026,Environmental Activities,69,B,20,Excellent work. Keep it up!
ADM-1134,Eric Kosgei,Grade 2 B,Term 1,2026,Religious Education,75,A-,11,Needs significant improvement. Revise earlier topics.
ADM-1134,Eric Kosgei,Grade 2 B,Term 1,2026,Creative Activities,68,B,17,Steady progress. Do more revision.
ADM-1134,Eric Kosgei,Grade 2 B,Term 1,2026,Physical & Health Education,73,B+,16,Good effort. Can improve with more practice.
ADM-1135,Amara Abdalla,Grade 2 B,Term 1,2026,English,60,B-,26,Average. Put more effort into homework.
ADM-1135,Amara Abdalla,Grade 2 B,Term 1,2026,Kiswahili,59,C+,24,Very good performance. Focus on the few weak areas.
ADM-1135,Amara Abdalla,Grade 2 B,Term 1,2026,Mathematics,52,C,32,Satisfactory. Needs consistent practice.
ADM-1135,Amara Abdalla,Grade 2 B,Term 1,2026,Environmental Activities,33,D-,32,Struggles with this subject. Seek remedial help.
ADM-1135,Amara Abdalla,Grade 2 B,Term 1,2026,Religious Education,36,D,32,Repeated the topic without mastering basics. Revise.
ADM-1135,Amara Abdalla,Grade 2 B,Term 1,2026,Creative Activities,47,C-,31,Very good performance. Focus on the few weak areas.
ADM-1135,Amara Abdalla,Grade 2 B,Term 1,2026,Physical & Health Education,43,D+,31,Careless mistakes in simple calculations. Slow down.
ADM-1136,Hillary Adhiambo,Grade 2 B,Term 1,2026,English,100,A,1,Average. Put more effort into homework.
ADM-1136,Hillary Adhiambo,Grade 2 B,Term 1,2026,Kiswahili,84,A,7,Performs well under guidance. Keep practising.
ADM-1136,Hillary Adhiambo,Grade 2 B,Term 1,2026,Mathematics,91,A,3,Average. Put more effort into homework.
ADM-1136,Hillary Adhiambo,Grade 2 B,Term 1,2026,Environmental Activities,96,A,2,Needs significant improvement. Revise earlier topics.
ADM-1136,Hillary Adhiambo,Grade 2 B,Term 1,2026,Religious Education,87,A,3,Excellent work. Keep it up!
ADM-1136,Hillary Adhiambo,Grade 2 B,Term 1,2026,Creative Activities,86,A,4,Steady progress. Do more revision.
ADM-1136,Hillary Adhiambo,Grade 2 B,Term 1,2026,Physical & Health Education,98,A,1,Shows understanding of key concepts.
ADM-1137,Patrick Hassan,Grade 2 B,Term 1,2026,English,64,B-,21,Satisfactory. Needs consistent practice.
ADM-1137,Patrick Hassan,Grade 2 B,Term 1,2026,Kiswahili,54,C,28,Good effort. Can improve with more practice.
ADM-1137,Patrick Hassan,Grade 2 B,Term 1,2026,Mathematics,54,C,29,Average. Put more effort into homework.
ADM-1137,Patrick Hassan,Grade 2 B,Term 1,2026,Environmental Activities,47,C-,31,Good effort. Can improve with more practice.
ADM-1137,Patrick Hassan,Grade 2 B,Term 1,2026,Religious Education,61,B-,25,Excellent work. Keep it up!
ADM-1137,Patrick Hassan,Grade 2 B,Term 1,2026,Creative Activities,64,B-,23,Good effort. Can improve with more practice.
ADM-1137,Patrick Hassan,Grade 2 B,Term 1,2026,Physical & Health Education,36,D,32,Poor foundation from previous grade. Support needed.
ADM-1138,Alex Juma,Grade 2 B,Term 1,2026,English,66,B,17,Excellent work. Keep it up!
ADM-1138,Alex Juma,Grade 2 B,Term 1,2026,Kiswahili,78,A-,9,Very good performance. Focus on the few weak areas.
ADM-1138,Alex Juma,Grade 2 B,Term 1,2026,Mathematics,77,A-,8,Good effort. Can improve with more practice.
ADM-1138,Alex Juma,Grade 2 B,Term 1,2026,Environmental Activities,75,A-,13,Good effort. Can improve with more practice.
ADM-1138,Alex Juma,Grade 2 B,Term 1,2026,Religious Education,69,B,18,Average. Put more effort into homework.
ADM-1138,Alex Juma,Grade 2 B,Term 1,2026,Creative Activities,72,B+,8,Excellent work. Keep it up!
ADM-1138,Alex Juma,Grade 2 B,Term 1,2026,Physical & Health Education,76,A-,11,Shows understanding of key concepts.
ADM-1139,Trevor Kinyua,Grade 2 B,Term 1,2026,English,68,B,16,Very good performance. Focus on the few weak areas.
ADM-1139,Trevor Kinyua,Grade 2 B,Term 1,2026,Kiswahili,67,B,18,Excellent work. Keep it up!
ADM-1139,Trevor Kinyua,Grade 2 B,Term 1,2026,Mathematics,67,B,18,Excellent work. Keep it up!
ADM-1139,Trevor Kinyua,Grade 2 B,Term 1,2026,Environmental Activities,67,B,22,Very good performance. Focus on the few weak areas.
ADM-1139,Trevor Kinyua,Grade 2 B,Term 1,2026,Religious Education,71,B+,15,Steady progress. Do more revision.
ADM-1139,Trevor Kinyua,Grade 2 B,Term 1,2026,Creative Activities,65,B,21,Average. Put more effort into homework.
ADM-1139,Trevor Kinyua,Grade 2 B,Term 1,2026,Physical & Health Education,71,B+,19,Excellent work. Keep it up!
ADM-1140,Judith Farah,Grade 2 B,Term 1,2026,English,75,A-,8,Needs significant improvement. Revise earlier topics.
ADM-1140,Judith Farah,Grade 2 B,Term 1,2026,Kiswahili,67,B,19,Excellent work. Keep it up!
ADM-1140,Judith Farah,Grade 2 B,Term 1,2026,Mathematics,68,B,17,Excellent work. Keep it up!
ADM-1140,Judith Farah,Grade 2 B,Term 1,2026,Environmental Activities,73,B+,16,Satisfactory. Needs consistent practice.
ADM-1140,Judith Farah,Grade 2 B,Term 1,2026,Religious Education,79,A-,5,Average. Put more effort into homework.
ADM-1140,Judith Farah,Grade 2 B,Term 1,2026,Creative Activities,70,B+,11,Steady progress. Do more revision.
ADM-1140,Judith Farah,Grade 2 B,Term 1,2026,Physical & Health Education,77,A-,10,Satisfactory. Needs consistent practice.
ADM-1141,Purity Maundu,Grade 2 B,Term 1,2026,English,55,C+,29,Good effort. Can improve with more practice.
ADM-1141,Purity Maundu,Grade 2 B,Term 1,2026,Kiswahili,49,C-,30,Satisfactory. Needs consistent practice.
ADM-1141,Purity Maundu,Grade 2 B,Term 1,2026,Mathematics,55,C+,27,Satisfactory. Needs consistent practice.
ADM-1141,Purity Maundu,Grade 2 B,Term 1,2026,Environmental Activities,50,C,30,Good effort. Can improve with more practice.
ADM-1141,Purity Maundu,Grade 2 B,Term 1,2026,Religious Education,40,D+,31,Frequent absenteeism is affecting performance.
ADM-1141,Purity Maundu,Grade 2 B,Term 1,2026,Creative Activities,62,B-,24,Steady progress. Do more revision.
ADM-1141,Purity Maundu,Grade 2 B,Term 1,2026,Physical & Health Education,52,C,29,Steady progress. Do more revision.
ADM-1142,Kiplangat Syombua,Grade 2 B,Term 1,2026,English,69,B,14,Good effort. Can improve with more practice.
ADM-1142,Kiplangat Syombua,Grade 2 B,Term 1,2026,Kiswahili,71,B+,15,Excellent work. Keep it up!
ADM-1142,Kiplangat Syombua,Grade 2 B,Term 1,2026,Mathematics,55,C+,28,Average. Put more effort into homework.
ADM-1142,Kiplangat Syombua,Grade 2 B,Term 1,2026,Environmental Activities,54,C,29,Average. Put more effort into homework.
ADM-1142,Kiplangat Syombua,Grade 2 B,Term 1,2026,Religious Education,57,C+,27,Average. Put more effort into homework.
ADM-1142,Kiplangat Syombua,Grade 2 B,Term 1,2026,Creative Activities,61,B-,26,Satisfactory. Needs consistent practice.
ADM-1142,Kiplangat Syombua,Grade 2 B,Term 1,2026,Physical & Health Education,63,B-,24,Steady progress. Do more revision.
ADM-1143,Esther Sironka,Grade 2 B,Term 1,2026,English,ABS,ABS,,Absent for the examination.
ADM-1143,Esther Sironka,Grade 2 B,Term 1,2026,Kiswahili,74,B+,11,Steady progress. Do more revision.
ADM-1143,Esther Sironka,Grade 2 B,Term 1,2026,Mathematics,69,B,15,Average. Put more effort into homework.
ADM-1143,Esther Sironka,Grade 2 B,Term 1,2026,Environmental Activities,89,A,4,Excellent work. Keep it up!
ADM-1143,Esther Sironka,Grade 2 B,Term 1,2026,Religious Education,69,B,19,Excellent work. Keep it up!
ADM-1143,Esther Sironka,Grade 2 B,Term 1,2026,Creative Activities,79,A-,7,Needs significant improvement. Revise earlier topics.
ADM-1143,Esther Sironka,Grade 2 B,Term 1,2026,Physical & Health Education,81,A,4,Satisfactory. Needs consistent practice.
ADM-1144,Harrison Njoroge,Grade 2 B,Term 1,2026,English,82,A,4,Excellent work. Keep it up!
ADM-1144,Harrison Njoroge,Grade 2 B,Term 1,2026,Kiswahili,73,B+,13,Very good performance. Focus on the few weak areas.
ADM-1144,Harrison Njoroge,Grade 2 B,Term 1,2026,Mathematics,73,B+,11,Average. Put more effort into homework.
ADM-1144,Harrison Njoroge,Grade 2 B,Term 1,2026,Environmental Activities,77,A-,10,Performs well under guidance. Keep practising.
ADM-1144,Harrison Njoroge,Grade 2 B,Term 1,2026,Religious Education,90,A,2,Steady progress. Do more revision.
ADM-1144,Harrison Njoroge,Grade 2 B,Term 1,2026,Creative Activities,69,B,14,Steady progress. Do more revision.
ADM-1144,Harrison Njoroge,Grade 2 B,Term 1,2026,Physical & Health Education,91,A,3,Excellent work. Keep it up!
ADM-1145,Wesley Mwende,Grade 2 B,Term 1,2026,English,44,D+,30,Needs to complete assignments on time.
ADM-1145,Wesley Mwende,Grade 2 B,Term 1,2026,Kiswahili,40,D+,32,Frequent absenteeism is affecting performance.
ADM-1145,Wesley Mwende,Grade 2 B,Term 1,2026,Mathematics,54,C,30,Good effort. Can improve with more practice.
ADM-1145,Wesley Mwende,Grade 2 B,Term 1,2026,Environmental Activities,56,C+,27,Satisfactory. Needs consistent practice.
ADM-1145,Wesley Mwende,Grade 2 B,Term 1,2026,Religious Education,42,D+,30,Careless mistakes in simple calculations. Slow down.
ADM-1145,Wesley Mwende,Grade 2 B,Term 1,2026,Creative Activities,62,B-,25,Good effort. Can improve with more practice.
ADM-1145,Wesley Mwende,Grade 2 B,Term 1,2026,Physical & Health Education,67,B,20,Good effort. Can improve with more practice.
ADM-1146,Gloria Khisa,Grade 2 B,Term 1,2026,English,65,B,19,Good effort. Can improve with more practice.
ADM-1146,Gloria Khisa,Grade 2 B,Term 1,2026,Kiswahili,54,C,29,Average. Put more effort into homework.
ADM-1146,Gloria Khisa,Grade 2 B,Term 1,2026,Mathematics,60,B-,24,Satisfactory. Needs consistent practice.
ADM-1146,Gloria Khisa,Grade 2 B,Term 1,2026,Environmental Activities,63,B-,25,Very good performance. Focus on the few weak areas.
ADM-1146,Gloria Khisa,Grade 2 B,Term 1,2026,Religious Education,71,B+,16,Satisfactory. Needs consistent practice.
ADM-1146,Gloria Khisa,Grade 2 B,Term 1,2026,Creative Activities,59,C+,27,Average. Put more effort into homework.
ADM-1146,Gloria Khisa,Grade 2 B,Term 1,2026,Physical & Health Education,74,B+,14,Very good performance. Focus on the few weak areas.
ADM-1147,Francis Khamis,Grade 2 B,Term 1,2026,English,71,B+,11,Excellent work. Keep it up!
ADM-1147,Francis Khamis,Grade 2 B,Term 1,2026,Kiswahili,74,B+,12,Satisfactory. Needs consistent practice.
ADM-1147,Francis Khamis,Grade 2 B,Term 1,2026,Mathematics,82,A,6,Needs significant improvement. Revise earlier topics.
ADM-1147,Francis Khamis,Grade 2 B,Term 1,2026,Environmental Activities,77,A-,11,Excellent work. Keep it up!
ADM-1147,Francis Khamis,Grade 2 B,Term 1,2026,Religious Education,64,B-,20,Steady progress. Do more revision.
ADM-1147,Francis Khamis,Grade 2 B,Term 1,2026,Creative Activities,89,A,3,Very good performance. Focus on the few weak areas.
ADM-1147,Francis Khamis,Grade 2 B,Term 1,2026,Physical & Health Education,72,B+,17,Average. Put more effort into homework.
ADM-1148,Moses Omondi,Grade 2 B,Term 1,2026,English,69,B,15,Satisfactory. Needs consistent practice.
ADM-1148,Moses Omondi,Grade 2 B,Term 1,2026,Kiswahili,60,B-,23,Excellent work. Keep it up!
ADM-1148,Moses Omondi,Grade 2 B,Term 1,2026,Mathematics,79,A-,7,Excellent work. Keep it up!
ADM-1148,Moses Omondi,Grade 2 B,Term 1,2026,Environmental Activities,77,A-,12,Steady progress. Do more revision.
ADM-1148,Moses Omondi,Grade 2 B,Term 1,2026,Religious Education,76,A-,9,Shows understanding of key concepts.
ADM-1148,Moses Omondi,Grade 2 B,Term 1,2026,Creative Activities,53,C,29,Satisfactory. Needs consistent practice.
ADM-1148,Moses Omondi,Grade 2 B,Term 1,2026,Physical & Health Education,62,B-,25,Average. Put more effort into homework.
ADM-1149,Anthony Igweta,Grade 2 B,Term 1,2026,English,62,B-,23,Satisfactory. Needs consistent practice.
ADM-1149,Anthony Igweta,Grade 2 B,Term 1,2026,Kiswahili,58,C+,25,Good effort. Can improve with more practice.
ADM-1149,Anthony Igweta,Grade 2 B,Term 1,2026,Mathematics,66,B,19,Steady progress. Do more revision.
ADM-1149,Anthony Igweta,Grade 2 B,Term 1,2026,Environmental Activities,78,A-,8,Steady progress. Do more revision.
ADM-1149,Anthony Igweta,Grade 2 B,Term 1,2026,Religious Education,77,A-,8,Performs well under guidance. Keep practising.
ADM-1149,Anthony Igweta,Grade 2 B,Term 1,2026,Creative Activities,69,B,15,Excellent work. Keep it up!
ADM-1149,Anthony Igweta,Grade 2 B,Term 1,2026,Physical & Health Education,65,B,23,Excellent work. Keep it up!
ADM-1150,Michael Mwangi,Grade 2 B,Term 1,2026,English,71,B+,12,Satisfactory. Needs consistent practice.
ADM-1150,Michael Mwangi,Grade 2 B,Term 1,2026,Kiswahili,89,A,5,Performs well under guidance. Keep practising.
ADM-1150,Michael Mwangi,Grade 2 B,Term 1,2026,Mathematics,74,B+,9,Excellent work. Keep it up!
ADM-1150,Michael Mwangi,Grade 2 B,Term 1,2026,Environmental Activities,86,A,5,Steady progress. Do more revision.
ADM-1150,Michael Mwangi,Grade 2 B,Term 1,2026,Religious Education,78,A-,7,Performs well under guidance. Keep practising.
ADM-1150,Michael Mwangi,Grade 2 B,Term 1,2026,Creative Activities,72,B+,9,Average. Put more effort into homework.
ADM-1150,Michael Mwangi,Grade 2 B,Term 1,2026,Physical & Health Education,72,B+,18,Very good performance. Focus on the few weak areas.
ADM-1151,Grace Juma,Grade 2 B,Term 1,2026,English,76,A-,7,Excellent work. Keep it up!
ADM-1151,Grace Juma,Grade 2 B,Term 1,2026,Kiswahili,58,C+,26,Steady progress. Do more revision.
ADM-1151,Grace Juma,Grade 2 B,Term 1,2026,Mathematics,54,C,31,Satisfactory. Needs consistent practice.
ADM-1151,Grace Juma,Grade 2 B,Term 1,2026,Environmental Activities,75,A-,14,Performs well under guidance. Keep practising.
ADM-1151,Grace Juma,Grade 2 B,Term 1,2026,Religious Education,54,C,28,Average. Put more effort into homework.
ADM-1151,Grace Juma,Grade 2 B,Term 1,2026,Creative Activities,54,C,28,Good effort. Can improve with more practice.
ADM-1151,Grace Juma,Grade 2 B,Term 1,2026,Physical & Health Education,62,B-,26,Satisfactory. Needs consistent practice.
ADM-1152,Dorcas Khisa,Grade 2 B,Term 1,2026,English,81,A,5,Satisfactory. Needs consistent practice.
ADM-1152,Dorcas Khisa,Grade 2 B,Term 1,2026,Kiswahili,65,B,21,Very good performance. Focus on the few weak areas.
ADM-1152,Dorcas Khisa,Grade 2 B,Term 1,2026,Mathematics,73,B+,12,Very good performance. Focus on the few weak areas.
ADM-1152,Dorcas Khisa,Grade 2 B,Term 1,2026,Environmental Activities,62,B-,26,Good effort. Can improve with more practice.
ADM-1152,Dorcas Khisa,Grade 2 B,Term 1,2026,Religious Education,52,C,29,Good effort. Can improve with more practice.
ADM-1152,Dorcas Khisa,Grade 2 B,Term 1,2026,Creative Activities,69,B,16,Very good performance. Focus on the few weak areas.
ADM-1152,Dorcas Khisa,Grade 2 B,Term 1,2026,Physical & Health Education,78,A-,8,Shows understanding of key concepts.
ADM-1153,Hellen Langat,Grade 2 B,Term 1,2026,English,73,B+,9,Good effort. Can improve with more practice.
ADM-1153,Hellen Langat,Grade 2 B,Term 1,2026,Kiswahili,91,A,1,Good effort. Can improve with more practice.
ADM-1153,Hellen Langat,Grade 2 B,Term 1,2026,Mathematics,100,A,1,Shows understanding of key concepts.
ADM-1153,Hellen Langat,Grade 2 B,Term 1,2026,Environmental Activities,100,A,1,Steady progress. Do more revision.
ADM-1153,Hellen Langat,Grade 2 B,Term 1,2026,Religious Education,95,A,1,Good effort. Can improve with more practice.
ADM-1153,Hellen Langat,Grade 2 B,Term 1,2026,Creative Activities,98,A,1,Satisfactory. Needs consistent practice.
ADM-1153,Hellen Langat,Grade 2 B,Term 1,2026,Physical & Health Education,96,A,2,Steady progress. Do more revision.
ADM-1154,Naomi Kiptum,Grade 2 B,Term 1,2026,English,63,B-,22,Good effort. Can improve with more practice.
ADM-1154,Naomi Kiptum,Grade 2 B,Term 1,2026,Kiswahili,75,A-,10,Excellent work. Keep it up!
ADM-1154,Naomi Kiptum,Grade 2 B,Term 1,2026,Mathematics,74,B+,10,Average. Put more effort into homework.
ADM-1154,Naomi Kiptum,Grade 2 B,Term 1,2026,Environmental Activities,67,B,23,Satisfactory. Needs consistent practice.
ADM-1154,Naomi Kiptum,Grade 2 B,Term 1,2026,Religious Education,72,B+,14,Very good performance. Focus on the few weak areas.
ADM-1154,Naomi Kiptum,Grade 2 B,Term 1,2026,Creative Activities,72,B+,10,Steady progress. Do more revision.
ADM-1154,Naomi Kiptum,Grade 2 B,Term 1,2026,Physical & Health Education,66,B,21,Good effort. Can improve with more practice.
ADM-1155,Wesley Njoroge,Grade 2 B,Term 1,2026,English,60,B-,27,Very good performance. Focus on the few weak areas.
ADM-1155,Wesley Njoroge,Grade 2 B,Term 1,2026,Kiswahili,68,B,17,Satisfactory. Needs consistent practice.
ADM-1155,Wesley Njoroge,Grade 2 B,Term 1,2026,Mathematics,70,B+,14,Excellent work. Keep it up!
ADM-1155,Wesley Njoroge,Grade 2 B,Term 1,2026,Environmental Activities,70,B+,19,Satisfactory. Needs consistent practice.
ADM-1155,Wesley Njoroge,Grade 2 B,Term 1,2026,Religious Education,63,B-,22,Average. Put more effort into homework.
ADM-1155,Wesley Njoroge,Grade 2 B,Term 1,2026,Creative Activities,67,B,20,Very good performance. Focus on the few weak areas.
ADM-1155,Wesley Njoroge,Grade 2 B,Term 1,2026,Physical & Health Education,79,A-,6,Average. Put more effort into homework.
ADM-1156,Susan Nthiga,Grade 2 B,Term 1,2026,English,83,A,3,Satisfactory. Needs consistent practice.
ADM-1156,Susan Nthiga,Grade 2 B,Term 1,2026,Kiswahili,83,A,8,Performs well under guidance. Keep practising.
ADM-1156,Susan Nthiga,Grade 2 B,Term 1,2026,Mathematics,83,A,5,Needs significant improvement. Revise earlier topics.
ADM-1156,Susan Nthiga,Grade 2 B,Term 1,2026,Environmental Activities,81,A,7,Shows understanding of key concepts.
ADM-1156,Susan Nthiga,Grade 2 B,Term 1,2026,Religious Education,73,B+,13,Steady progress. Do more revision.
ADM-1156,Susan Nthiga,Grade 2 B,Term 1,2026,Creative Activities,65,B,22,Satisfactory. Needs consistent practice.
ADM-1156,Susan Nthiga,Grade 2 B,Term 1,2026,Physical & Health Education,75,A-,12,Very good performance. Focus on the few weak areas.
ADM-1157,Alex Hassan,Grade 2 B,Term 1,2026,English,62,B-,24,Very good performance. Focus on the few weak areas.
ADM-1157,Alex Hassan,Grade 2 B,Term 1,2026,Kiswahili,66,B,20,Satisfactory. Needs consistent practice.
ADM-1157,Alex Hassan,Grade 2 B,Term 1,2026,Mathematics,66,B,20,Steady progress. Do more revision.
ADM-1157,Alex Hassan,Grade 2 B,Term 1,2026,Environmental Activities,65,B,24,Satisfactory. Needs consistent practice.
ADM-1157,Alex Hassan,Grade 2 B,Term 1,2026,Religious Education,61,B-,26,Very good performance. Focus on the few weak areas.
ADM-1157,Alex Hassan,Grade 2 B,Term 1,2026,Creative Activities,70,B+,12,Excellent work. Keep it up!
ADM-1157,Alex Hassan,Grade 2 B,Term 1,2026,Physical & Health Education,62,B-,27,Average. Put more effort into homework.
ADM-1158,David Kimeu,Grade 2 B,Term 1,2026,English,81,A,6,Below average. Extra tuition recommended.
ADM-1158,David Kimeu,Grade 2 B,Term 1,2026,Kiswahili,90,A,3,Satisfactory. Needs consistent practice.
ADM-1158,David Kimeu,Grade 2 B,Term 1,2026,Mathematics,69,B,16,Good effort. Can improve with more practice.
ADM-1158,David Kimeu,Grade 2 B,Term 1,2026,Environmental Activities,68,B,21,Average. Put more effort into homework.
ADM-1158,David Kimeu,Grade 2 B,Term 1,2026,Religious Education,76,A-,10,Performs well under guidance. Keep practising.
ADM-1158,David Kimeu,Grade 2 B,Term 1,2026,Creative Activities,92,A,2,Excellent work. Keep it up!
ADM-1158,David Kimeu,Grade 2 B,Term 1,2026,Physical & Health Education,74,B+,15,Good effort. Can improve with more practice.
ADM-1159,Francis Wamalwa,Grade 2 B,Term 1,2026,English,62,B-,25,Very good performance. Focus on the few weak areas.
ADM-1159,Francis Wamalwa,Grade 2 B,Term 1,2026,Kiswahili,85,A,6,Excellent work. Keep it up!
ADM-1159,Francis Wamalwa,Grade 2 B,Term 1,2026,Mathematics,66,B,21,Excellent work. Keep it up!
ADM-1159,Francis Wamalwa,Grade 2 B,Term 1,2026,Environmental Activities,74,B+,15,Steady progress. Do more revision.
ADM-1159,Francis Wamalwa,Grade 2 B,Term 1,2026,Religious Education,79,A-,6,Average. Put more effort into homework.
ADM-1159,Francis Wamalwa,Grade 2 B,Term 1,2026,Creative Activities,68,B,18,Steady progress. Do more revision.
ADM-1159,Francis Wamalwa,Grade 2 B,Term 1,2026,Physical & Health Education,78,A-,9,Below average. Extra tuition recommended.
ADM-1160,Sonia Chemtai,Grade 2 B,Term 1,2026,English,65,B,20,Very good performance. Focus on the few weak areas.
ADM-1160,Sonia Chemtai,Grade 2 B,Term 1,2026,Kiswahili,71,B+,16,Excellent work. Keep it up!
ADM-1160,Sonia Chemtai,Grade 2 B,Term 1,2026,Mathematics,57,C+,25,Excellent work. Keep it up!
ADM-1160,Sonia Chemtai,Grade 2 B,Term 1,2026,Environmental Activities,73,B+,17,Good effort. Can improve with more practice.
ADM-1160,Sonia Chemtai,Grade 2 B,Term 1,2026,Religious Education,74,B+,12,Excellent work. Keep it up!
ADM-1160,Sonia Chemtai,Grade 2 B,Term 1,2026,Creative Activities,70,B+,13,Satisfactory. Needs consistent practice.
ADM-1160,Sonia Chemtai,Grade 2 B,Term 1,2026,Physical & Health Education,57,C+,28,Very good performance. Focus on the few weak areas.
ADM-1161,Gladys Onyango,Grade 2 B,Term 1,2026,English,71,B+,13,Steady progress. Do more revision.
ADM-1161,Gladys Onyango,Grade 2 B,Term 1,2026,Kiswahili,90,A,4,Satisfactory. Needs consistent practice.
ADM-1161,Gladys Onyango,Grade 2 B,Term 1,2026,Mathematics,91,A,4,Performs well under guidance. Keep practising.
ADM-1161,Gladys Onyango,Grade 2 B,Term 1,2026,Environmental Activities,78,A-,9,Very good performance. Focus on the few weak areas.
ADM-1161,Gladys Onyango,Grade 2 B,Term 1,2026,Religious Education,70,B+,17,Excellent work. Keep it up!
ADM-1161,Gladys Onyango,Grade 2 B,Term 1,2026,Creative Activities,86,A,5,Satisfactory. Needs consistent practice.
ADM-1161,Gladys Onyango,Grade 2 B,Term 1,2026,Physical & Health Education,79,A-,7,Shows understanding of key concepts.
ADM-1162,Monica Njenga,Grade 2 B,Term 1,2026,English,66,B,18,Satisfactory. Needs consistent practice.
ADM-1162,Monica Njenga,Grade 2 B,Term 1,2026,Kiswahili,72,B+,14,Satisfactory. Needs consistent practice.
ADM-1162,Monica Njenga,Grade 2 B,Term 1,2026,Mathematics,72,B+,13,Very good performance. Focus on the few weak areas.
ADM-1162,Monica Njenga,Grade 2 B,Term 1,2026,Environmental Activities,84,A,6,Excellent work. Keep it up!
ADM-1162,Monica Njenga,Grade 2 B,Term 1,2026,Religious Education,62,B-,23,Steady progress. Do more revision.
ADM-1162,Monica Njenga,Grade 2 B,Term 1,2026,Creative Activities,68,B,19,Steady progress. Do more revision.
ADM-1162,Monica Njenga,Grade 2 B,Term 1,2026,Physical & Health Education,75,A-,13,Below average. Extra tuition recommended.
ADM-1163,Harrison Muthoka,Grade 2 B,Term 1,2026,English,56,C+,28,Very good performance. Focus on the few weak areas.
ADM-1163,Harrison Muthoka,Grade 2 B,Term 1,2026,Kiswahili,63,B-,22,Satisfactory. Needs consistent practice.
ADM-1163,Harrison Muthoka,Grade 2 B,Term 1,2026,Mathematics,65,B,22,Excellent work. Keep it up!
ADM-1163,Harrison Muthoka,Grade 2 B,Term 1,2026,Environmental Activities,73,B+,18,Excellent work. Keep it up!
ADM-1163,Harrison Muthoka,Grade 2 B,Term 1,2026,Religious Education,64,B-,21,Average. Put more effort into homework.
ADM-1163,Harrison Muthoka,Grade 2 B,Term 1,2026,Creative Activities,50,C,30,Very good performance. Focus on the few weak areas.
ADM-1163,Harrison Muthoka,Grade 2 B,Term 1,2026,Physical & Health Education,66,B,22,Excellent work. Keep it up!
ADM-1164,Janet Maina,Grade 2 B,Term 1,2026,English,100,A,2,Needs significant improvement. Revise earlier topics.
ADM-1164,Janet Maina,Grade 2 B,Term 1,2026,Kiswahili,91,A,2,Below average. Extra tuition recommended.
ADM-1164,Janet Maina,Grade 2 B,Term 1,2026,Mathematics,98,A,2,Good effort. Can improve with more practice.
ADM-1164,Janet Maina,Grade 2 B,Term 1,2026,Environmental Activities,91,A,3,Very good performance. Focus on the few weak areas.
ADM-1164,Janet Maina,Grade 2 B,Term 1,2026,Religious Education,81,A,4,Average. Put more effort into homework.
ADM-1164,Janet Maina,Grade 2 B,Term 1,2026,Creative Activities,84,A,6,Good effort. Can improve with more practice.
ADM-1164,Janet Maina,Grade 2 B,Term 1,2026,Physical & Health Education,80,A,5,Very good performance. Focus on the few weak areas.
ADM-1165,Vincent Chemtai,Grade 3 A,Term 1,2026,English,83,A,4,Good effort. Can improve with more practice.
ADM-1165,Vincent Chemtai,Grade 3 A,Term 1,2026,Kiswahili,76,A-,12,Very good performance. Focus on the few weak areas.
ADM-1165,Vincent Chemtai,Grade 3 A,Term 1,2026,Mathematics,82,A,4,Steady progress. Do more revision.
ADM-1165,Vincent Chemtai,Grade 3 A,Term 1,2026,Environmental Activities,96,A,3,Performs well under guidance. Keep practising.
ADM-1165,Vincent Chemtai,Grade 3 A,Term 1,2026,Religious Education,77,A-,10,Below average. Extra tuition recommended.
ADM-1165,Vincent Chemtai,Grade 3 A,Term 1,2026,Creative Activities,79,A-,9,Excellent work. Keep it up!
ADM-1165,Vincent Chemtai,Grade 3 A,Term 1,2026,Physical & Health Education,76,A-,12,Average. Put more effort into homework.
ADM-1166,Kennedy Leshan,Grade 3 A,Term 1,2026,English,83,A,5,Satisfactory. Needs consistent practice.
ADM-1166,Kennedy Leshan,Grade 3 A,Term 1,2026,Kiswahili,64,B-,23,Satisfactory. Needs consistent practice.
ADM-1166,Kennedy Leshan,Grade 3 A,Term 1,2026,Mathematics,62,B-,26,Steady progress. Do more revision.
ADM-1166,Kennedy Leshan,Grade 3 A,Term 1,2026,Environmental Activities,60,B-,25,Average. Put more effort into homework.
ADM-1166,Kennedy Leshan,Grade 3 A,Term 1,2026,Religious Education,74,B+,12,Satisfactory. Needs consistent practice.
ADM-1166,Kennedy Leshan,Grade 3 A,Term 1,2026,Creative Activities,82,A,5,Needs significant improvement. Revise earlier topics.
ADM-1166,Kennedy Leshan,Grade 3 A,Term 1,2026,Physical & Health Education,73,B+,14,Average. Put more effort into homework.
ADM-1167,Dennis Mganga,Grade 3 A,Term 1,2026,English,66,B,23,Good effort. Can improve with more practice.
ADM-1167,Dennis Mganga,Grade 3 A,Term 1,2026,Kiswahili,71,B+,18,Very good performance. Focus on the few weak areas.
ADM-1167,Dennis Mganga,Grade 3 A,Term 1,2026,Mathematics,75,A-,10,Performs well under guidance. Keep practising.
ADM-1167,Dennis Mganga,Grade 3 A,Term 1,2026,Environmental Activities,86,A,5,Performs well under guidance. Keep practising.
ADM-1167,Dennis Mganga,Grade 3 A,Term 1,2026,Religious Education,80,A,6,Satisfactory. Needs consistent practice.
ADM-1167,Dennis Mganga,Grade 3 A,Term 1,2026,Creative Activities,67,B,21,Good effort. Can improve with more practice.
ADM-1167,Dennis Mganga,Grade 3 A,Term 1,2026,Physical & Health Education,80,A,7,Performs well under guidance. Keep practising.
ADM-1168,Wesley Baariu,Grade 3 A,Term 1,2026,English,74,B+,13,Satisfactory. Needs consistent practice.
ADM-1168,Wesley Baariu,Grade 3 A,Term 1,2026,Kiswahili,86,A,4,Steady progress. Do more revision.
ADM-1168,Wesley Baariu,Grade 3 A,Term 1,2026,Mathematics,80,A,5,Excellent work. Keep it up!
ADM-1168,Wesley Baariu,Grade 3 A,Term 1,2026,Environmental Activities,78,A-,10,Excellent work. Keep it up!
ADM-1168,Wesley Baariu,Grade 3 A,Term 1,2026,Religious Education,74,B+,13,Average. Put more effort into homework.
ADM-1168,Wesley Baariu,Grade 3 A,Term 1,2026,Creative Activities,79,A-,10,Very good performance. Focus on the few weak areas.
ADM-1168,Wesley Baariu,Grade 3 A,Term 1,2026,Physical & Health Education,95,A,4,Average. Put more effort into homework.
ADM-1169,Edna Igweta,Grade 3 A,Term 1,2026,English,82,A,7,Needs significant improvement. Revise earlier topics.
ADM-1169,Edna Igweta,Grade 3 A,Term 1,2026,Kiswahili,91,A,2,Needs significant improvement. Revise earlier topics.
ADM-1169,Edna Igweta,Grade 3 A,Term 1,2026,Mathematics,74,B+,14,Satisfactory. Needs consistent practice.
ADM-1169,Edna Igweta,Grade 3 A,Term 1,2026,Environmental Activities,85,A,6,Steady progress. Do more revision.
ADM-1169,Edna Igweta,Grade 3 A,Term 1,2026,Religious Education,86,A,4,Satisfactory. Needs consistent practice.
ADM-1169,Edna Igweta,Grade 3 A,Term 1,2026,Creative Activities,87,A,3,Shows understanding of key concepts.
ADM-1169,Edna Igweta,Grade 3 A,Term 1,2026,Physical & Health Education,97,A,3,Steady progress. Do more revision.
ADM-1170,Thomas Oduor,Grade 3 A,Term 1,2026,English,79,A-,10,Very good performance. Focus on the few weak areas.
ADM-1170,Thomas Oduor,Grade 3 A,Term 1,2026,Kiswahili,79,A-,9,Very good performance. Focus on the few weak areas.
ADM-1170,Thomas Oduor,Grade 3 A,Term 1,2026,Mathematics,65,B,22,Steady progress. Do more revision.
ADM-1170,Thomas Oduor,Grade 3 A,Term 1,2026,Environmental Activities,72,B+,15,Average. Put more effort into homework.
ADM-1170,Thomas Oduor,Grade 3 A,Term 1,2026,Religious Education,70,B+,20,Very good performance. Focus on the few weak areas.
ADM-1170,Thomas Oduor,Grade 3 A,Term 1,2026,Creative Activities,58,C+,26,Satisfactory. Needs consistent practice.
ADM-1170,Thomas Oduor,Grade 3 A,Term 1,2026,Physical & Health Education,63,B-,25,Excellent work. Keep it up!
ADM-1171,Julia Mwangi,Grade 3 A,Term 1,2026,English,93,A,3,Average. Put more effort into homework.
ADM-1171,Julia Mwangi,Grade 3 A,Term 1,2026,Kiswahili,91,A,3,Satisfactory. Needs consistent practice.
ADM-1171,Julia Mwangi,Grade 3 A,Term 1,2026,Mathematics,100,A,1,Satisfactory. Needs consistent practice.
ADM-1171,Julia Mwangi,Grade 3 A,Term 1,2026,Environmental Activities,97,A,2,Steady progress. Do more revision.
ADM-1171,Julia Mwangi,Grade 3 A,Term 1,2026,Religious Education,95,A,2,Steady progress. Do more revision.
ADM-1171,Julia Mwangi,Grade 3 A,Term 1,2026,Creative Activities,100,A,1,Average. Put more effort into homework.
ADM-1171,Julia Mwangi,Grade 3 A,Term 1,2026,Physical & Health Education,100,A,1,Very good performance. Focus on the few weak areas.
ADM-1172,Judith Khamis,Grade 3 A,Term 1,2026,English,56,C+,28,Satisfactory. Needs consistent practice.
ADM-1172,Judith Khamis,Grade 3 A,Term 1,2026,Kiswahili,54,C,30,Very good performance. Focus on the few weak areas.
ADM-1172,Judith Khamis,Grade 3 A,Term 1,2026,Mathematics,64,B-,25,Excellent work. Keep it up!
ADM-1172,Judith Khamis,Grade 3 A,Term 1,2026,Environmental Activities,47,C-,31,Satisfactory. Needs consistent practice.
ADM-1172,Judith Khamis,Grade 3 A,Term 1,2026,Religious Education,44,D+,31,Homework not done regularly.
ADM-1172,Judith Khamis,Grade 3 A,Term 1,2026,Creative Activities,45,C-,31,Steady progress. Do more revision.
ADM-1172,Judith Khamis,Grade 3 A,Term 1,2026,Physical & Health Education,52,C,30,Excellent work. Keep it up!
ADM-1173,Fridah Mutua,Grade 3 A,Term 1,2026,English,83,A,6,Needs significant improvement. Revise earlier topics.
ADM-1173,Fridah Mutua,Grade 3 A,Term 1,2026,Kiswahili,67,B,22,Good effort. Can improve with more practice.
ADM-1173,Fridah Mutua,Grade 3 A,Term 1,2026,Mathematics,79,A-,6,Shows understanding of key concepts.
ADM-1173,Fridah Mutua,Grade 3 A,Term 1,2026,Environmental Activities,61,B-,23,Satisfactory. Needs consistent practice.
ADM-1173,Fridah Mutua,Grade 3 A,Term 1,2026,Religious Education,73,B+,15,Excellent work. Keep it up!
ADM-1173,Fridah Mutua,Grade 3 A,Term 1,2026,Creative Activities,75,A-,14,Performs well under guidance. Keep practising.
ADM-1173,Fridah Mutua,Grade 3 A,Term 1,2026,Physical & Health Education,72,B+,17,Average. Put more effort into homework.
ADM-1174,Frank Kinyua,Grade 3 A,Term 1,2026,English,75,A-,11,Steady progress. Do more revision.
ADM-1174,Frank Kinyua,Grade 3 A,Term 1,2026,Kiswahili,68,B,21,Steady progress. Do more revision.
ADM-1174,Frank Kinyua,Grade 3 A,Term 1,2026,Mathematics,75,A-,11,Needs significant improvement. Revise earlier topics.
ADM-1174,Frank Kinyua,Grade 3 A,Term 1,2026,Environmental Activities,87,A,4,Average. Put more effort into homework.
ADM-1174,Frank Kinyua,Grade 3 A,Term 1,2026,Religious Education,69,B,22,Satisfactory. Needs consistent practice.
ADM-1174,Frank Kinyua,Grade 3 A,Term 1,2026,Creative Activities,85,A,4,Excellent work. Keep it up!
ADM-1174,Frank Kinyua,Grade 3 A,Term 1,2026,Physical & Health Education,78,A-,10,Average. Put more effort into homework.
ADM-1175,George Auma,Grade 3 A,Term 1,2026,English,74,B+,14,Average. Put more effort into homework.
ADM-1175,George Auma,Grade 3 A,Term 1,2026,Kiswahili,76,A-,13,Needs significant improvement. Revise earlier topics.
ADM-1175,George Auma,Grade 3 A,Term 1,2026,Mathematics,ABS,ABS,,Absent for the examination.
ADM-1175,George Auma,Grade 3 A,Term 1,2026,Environmental Activities,56,C+,28,Steady progress. Do more revision.
ADM-1175,George Auma,Grade 3 A,Term 1,2026,Religious Education,64,B-,25,Very good performance. Focus on the few weak areas.
ADM-1175,George Auma,Grade 3 A,Term 1,2026,Creative Activities,70,B+,19,Very good performance. Focus on the few weak areas.
ADM-1175,George Auma,Grade 3 A,Term 1,2026,Physical & Health Education,68,B,22,Satisfactory. Needs consistent practice.
ADM-1176,Anthony Wekesa,Grade 3 A,Term 1,2026,English,73,B+,15,Very good performance. Focus on the few weak areas.
ADM-1176,Anthony Wekesa,Grade 3 A,Term 1,2026,Kiswahili,82,A,8,Performs well under guidance. Keep practising.
ADM-1176,Anthony Wekesa,Grade 3 A,Term 1,2026,Mathematics,67,B,20,Very good performance. Focus on the few weak areas.
ADM-1176,Anthony Wekesa,Grade 3 A,Term 1,2026,Environmental Activities,63,B-,20,Satisfactory. Needs consistent practice.
ADM-1176,Anthony Wekesa,Grade 3 A,Term 1,2026,Religious Education,78,A-,9,Performs well under guidance. Keep practising.
ADM-1176,Anthony Wekesa,Grade 3 A,Term 1,2026,Creative Activities,79,A-,11,Performs well under guidance. Keep practising.
ADM-1176,Anthony Wekesa,Grade 3 A,Term 1,2026,Physical & Health Education,64,B-,24,Average. Put more effort into homework.
ADM-1177,Emmanuel Anyango,Grade 3 A,Term 1,2026,English,54,C,29,Satisfactory. Needs consistent practice.
ADM-1177,Emmanuel Anyango,Grade 3 A,Term 1,2026,Kiswahili,70,B+,20,Average. Put more effort into homework.
ADM-1177,Emmanuel Anyango,Grade 3 A,Term 1,2026,Mathematics,62,B-,27,Good effort. Can improve with more practice.
ADM-1177,Emmanuel Anyango,Grade 3 A,Term 1,2026,Environmental Activities,66,B,17,Satisfactory. Needs consistent practice.
ADM-1177,Emmanuel Anyango,Grade 3 A,Term 1,2026,Religious Education,59,C+,27,Excellent work. Keep it up!
ADM-1177,Emmanuel Anyango,Grade 3 A,Term 1,2026,Creative Activities,77,A-,12,Performs well under guidance. Keep practising.
ADM-1177,Emmanuel Anyango,Grade 3 A,Term 1,2026,Physical & Health Education,69,B,21,Good effort. Can improve with more practice.
ADM-1178,Abigail Wanjala,Grade 3 A,Term 1,2026,English,94,A,2,Very good performance. Focus on the few weak areas.
ADM-1178,Abigail Wanjala,Grade 3 A,Term 1,2026,Kiswahili,83,A,6,Shows understanding of key concepts.
ADM-1178,Abigail Wanjala,Grade 3 A,Term 1,2026,Mathematics,90,A,2,Shows understanding of key concepts.
ADM-1178,Abigail Wanjala,Grade 3 A,Term 1,2026,Environmental Activities,79,A-,9,Performs well under guidance. Keep practising.
ADM-1178,Abigail Wanjala,Grade 3 A,Term 1,2026,Religious Education,77,A-,11,Excellent work. Keep it up!
ADM-1178,Abigail Wanjala,Grade 3 A,Term 1,2026,Creative Activities,74,B+,15,Satisfactory. Needs consistent practice.
ADM-1178,Abigail Wanjala,Grade 3 A,Term 1,2026,Physical & Health Education,72,B+,18,Good effort. Can improve with more practice.
ADM-1179,Patrick Ruto,Grade 3 A,Term 1,2026,English,73,B+,16,Excellent work. Keep it up!
ADM-1179,Patrick Ruto,Grade 3 A,Term 1,2026,Kiswahili,83,A,7,Average. Put more effort into homework.
ADM-1179,Patrick Ruto,Grade 3 A,Term 1,2026,Mathematics,72,B+,15,Very good performance. Focus on the few weak areas.
ADM-1179,Patrick Ruto,Grade 3 A,Term 1,2026,Environmental Activities,75,A-,11,Below average. Extra tuition recommended.
ADM-1179,Patrick Ruto,Grade 3 A,Term 1,2026,Religious Education,73,B+,16,Steady progress. Do more revision.
ADM-1179,Patrick Ruto,Grade 3 A,Term 1,2026,Creative Activities,82,A,6,Good effort. Can improve with more practice.
ADM-1179,Patrick Ruto,Grade 3 A,Term 1,2026,Physical & Health Education,88,A,5,Needs significant improvement. Revise earlier topics.
ADM-1180,Beatrice Mpaine,Grade 3 A,Term 1,2026,English,82,A,8,Average. Put more effort into homework.
ADM-1180,Beatrice Mpaine,Grade 3 A,Term 1,2026,Kiswahili,78,A-,11,Average. Put more effort into homework.
ADM-1180,Beatrice Mpaine,Grade 3 A,Term 1,2026,Mathematics,71,B+,17,Excellent work. Keep it up!
ADM-1180,Beatrice Mpaine,Grade 3 A,Term 1,2026,Environmental Activities,74,B+,12,Satisfactory. Needs consistent practice.
ADM-1180,Beatrice Mpaine,Grade 3 A,Term 1,2026,Religious Education,79,A-,8,Below average. Extra tuition recommended.
ADM-1180,Beatrice Mpaine,Grade 3 A,Term 1,2026,Creative Activities,72,B+,18,Satisfactory. Needs consistent practice.
ADM-1180,Beatrice Mpaine,Grade 3 A,Term 1,2026,Physical & Health Education,85,A,6,Satisfactory. Needs consistent practice.
ADM-1181,Meshack Hassan,Grade 3 A,Term 1,2026,English,80,A,9,Needs significant improvement. Revise earlier topics.
ADM-1181,Meshack Hassan,Grade 3 A,Term 1,2026,Kiswahili,72,B+,17,Good effort. Can improve with more practice.
ADM-1181,Meshack Hassan,Grade 3 A,Term 1,2026,Mathematics,79,A-,7,Average. Put more effort into homework.
ADM-1181,Meshack Hassan,Grade 3 A,Term 1,2026,Environmental Activities,66,B,18,Excellent work. Keep it up!
ADM-1181,Meshack Hassan,Grade 3 A,Term 1,2026,Religious Education,74,B+,14,Satisfactory. Needs consistent practice.
ADM-1181,Meshack Hassan,Grade 3 A,Term 1,2026,Creative Activities,74,B+,16,Good effort. Can improve with more practice.
ADM-1181,Meshack Hassan,Grade 3 A,Term 1,2026,Physical & Health Education,76,A-,13,Excellent work. Keep it up!
ADM-1182,Dennis Barasa,Grade 3 A,Term 1,2026,English,44,D+,32,Homework not done regularly.
ADM-1182,Dennis Barasa,Grade 3 A,Term 1,2026,Kiswahili,64,B-,24,Very good performance. Focus on the few weak areas.
ADM-1182,Dennis Barasa,Grade 3 A,Term 1,2026,Mathematics,61,B-,28,Good effort. Can improve with more practice.
ADM-1182,Dennis Barasa,Grade 3 A,Term 1,2026,Environmental Activities,58,C+,26,Satisfactory. Needs consistent practice.
ADM-1182,Dennis Barasa,Grade 3 A,Term 1,2026,Religious Education,44,D+,32,Frequent absenteeism is affecting performance.
ADM-1182,Dennis Barasa,Grade 3 A,Term 1,2026,Creative Activities,52,C,28,Steady progress. Do more revision.
ADM-1182,Dennis Barasa,Grade 3 A,Term 1,2026,Physical & Health Education,63,B-,26,Satisfactory. Needs consistent practice.
ADM-1183,Martha Oluoch,Grade 3 A,Term 1,2026,English,70,B+,20,Satisfactory. Needs consistent practice.
ADM-1183,Martha Oluoch,Grade 3 A,Term 1,2026,Kiswahili,63,B-,26,Good effort. Can improve with more practice.
ADM-1183,Martha Oluoch,Grade 3 A,Term 1,2026,Mathematics,76,A-,9,Below average. Extra tuition recommended.
ADM-1183,Martha Oluoch,Grade 3 A,Term 1,2026,Environmental Activities,58,C+,27,Excellent work. Keep it up!
ADM-1183,Martha Oluoch,Grade 3 A,Term 1,2026,Religious Education,68,B,23,Excellent work. Keep it up!
ADM-1183,Martha Oluoch,Grade 3 A,Term 1,2026,Creative Activities,67,B,22,Satisfactory. Needs consistent practice.
ADM-1183,Martha Oluoch,Grade 3 A,Term 1,2026,Physical & Health Education,59,C+,28,Steady progress. Do more revision.
ADM-1184,Kennedy Oluoch,Grade 3 A,Term 1,2026,English,52,C,30,Average. Put more effort into homework.
ADM-1184,Kennedy Oluoch,Grade 3 A,Term 1,2026,Kiswahili,51,C,32,Satisfactory. Needs consistent practice.
ADM-1184,Kennedy Oluoch,Grade 3 A,Term 1,2026,Mathematics,60,B-,29,Good effort. Can improve with more practice.
ADM-1184,Kennedy Oluoch,Grade 3 A,Term 1,2026,Environmental Activities,41,D+,32,Lacks interest; encourage reading at home.
ADM-1184,Kennedy Oluoch,Grade 3 A,Term 1,2026,Religious Education,45,C-,30,Satisfactory. Needs consistent practice.
ADM-1184,Kennedy Oluoch,Grade 3 A,Term 1,2026,Creative Activities,41,D+,32,Low effort despite ability. Needs encouragement.
ADM-1184,Kennedy Oluoch,Grade 3 A,Term 1,2026,Physical & Health Education,54,C,29,Excellent work. Keep it up!
ADM-1185,Priscilla Mwangi,Grade 3 A,Term 1,2026,English,57,C+,27,Very good performance. Focus on the few weak areas.
ADM-1185,Priscilla Mwangi,Grade 3 A,Term 1,2026,Kiswahili,75,A-,14,Steady progress. Do more revision.
ADM-1185,Priscilla Mwangi,Grade 3 A,Term 1,2026,Mathematics,72,B+,16,Excellent work. Keep it up!
ADM-1185,Priscilla Mwangi,Grade 3 A,Term 1,2026,Environmental Activities,68,B,16,Excellent work. Keep it up!
ADM-1185,Priscilla Mwangi,Grade 3 A,Term 1,2026,Religious Education,83,A,5,Satisfactory. Needs consistent practice.
ADM-1185,Priscilla Mwangi,Grade 3 A,Term 1,2026,Creative Activities,74,B+,17,Average. Put more effort into homework.
ADM-1185,Priscilla Mwangi,Grade 3 A,Term 1,2026,Physical & Health Education,73,B+,15,Good effort. Can improve with more practice.
ADM-1186,Julia Wanjala,Grade 3 A,Term 1,2026,English,60,B-,25,Excellent work. Keep it up!
ADM-1186,Julia Wanjala,Grade 3 A,Term 1,2026,Kiswahili,75,A-,15,Excellent work. Keep it up!
ADM-1186,Julia Wanjala,Grade 3 A,Term 1,2026,Mathematics,71,B+,18,Excellent work. Keep it up!
ADM-1186,Julia Wanjala,Grade 3 A,Term 1,2026,Environmental Activities,50,C,30,Average. Put more effort into homework.
ADM-1186,Julia Wanjala,Grade 3 A,Term 1,2026,Religious Education,58,C+,29,Very good performance. Focus on the few weak areas.
ADM-1186,Julia Wanjala,Grade 3 A,Term 1,2026,Creative Activities,68,B,20,Satisfactory. Needs consistent practice.
ADM-1186,Julia Wanjala,Grade 3 A,Term 1,2026,Physical & Health Education,73,B+,16,Good effort. Can improve with more practice.
ADM-1187,Donald Mutoro,Grade 3 A,Term 1,2026,English,71,B+,18,Excellent work. Keep it up!
ADM-1187,Donald Mutoro,Grade 3 A,Term 1,2026,Kiswahili,79,A-,10,Average. Put more effort into homework.
ADM-1187,Donald Mutoro,Grade 3 A,Term 1,2026,Mathematics,78,A-,8,Needs significant improvement. Revise earlier topics.
ADM-1187,Donald Mutoro,Grade 3 A,Term 1,2026,Environmental Activities,85,A,7,Good effort. Can improve with more practice.
ADM-1187,Donald Mutoro,Grade 3 A,Term 1,2026,Religious Education,67,B,24,Excellent work. Keep it up!
ADM-1187,Donald Mutoro,Grade 3 A,Term 1,2026,Creative Activities,60,B-,25,Average. Put more effort into homework.
ADM-1187,Donald Mutoro,Grade 3 A,Term 1,2026,Physical & Health Education,79,A-,8,Steady progress. Do more revision.
ADM-1188,Eric Nandwa,Grade 3 A,Term 1,2026,English,47,C-,31,Good effort. Can improve with more practice.
ADM-1188,Eric Nandwa,Grade 3 A,Term 1,2026,Kiswahili,54,C,31,Good effort. Can improve with more practice.
ADM-1188,Eric Nandwa,Grade 3 A,Term 1,2026,Mathematics,55,C+,30,Steady progress. Do more revision.
ADM-1188,Eric Nandwa,Grade 3 A,Term 1,2026,Environmental Activities,64,B-,19,Good effort. Can improve with more practice.
ADM-1188,Eric Nandwa,Grade 3 A,Term 1,2026,Religious Education,59,C+,28,Steady progress. Do more revision.
ADM-1188,Eric Nandwa,Grade 3 A,Term 1,2026,Creative Activities,57,C+,27,Steady progress. Do more revision.
ADM-1188,Eric Nandwa,Grade 3 A,Term 1,2026,Physical & Health Education,67,B,23,Satisfactory. Needs consistent practice.
ADM-1189,Faith Adan,Grade 3 A,Term 1,2026,English,100,A,1,Very good performance. Focus on the few weak areas.
ADM-1189,Faith Adan,Grade 3 A,Term 1,2026,Kiswahili,100,A,1,Satisfactory. Needs consistent practice.
ADM-1189,Faith Adan,Grade 3 A,Term 1,2026,Mathematics,87,A,3,Satisfactory. Needs consistent practice.
ADM-1189,Faith Adan,Grade 3 A,Term 1,2026,Environmental Activities,100,A,1,Very good performance. Focus on the few weak areas.
ADM-1189,Faith Adan,Grade 3 A,Term 1,2026,Religious Education,100,A,1,Shows understanding of key concepts.
ADM-1189,Faith Adan,Grade 3 A,Term 1,2026,Creative Activities,97,A,2,Needs significant improvement. Revise earlier topics.
ADM-1189,Faith Adan,Grade 3 A,Term 1,2026,Physical & Health Education,100,A,2,Good effort. Can improve with more practice.
ADM-1190,Karen Okoth,Grade 3 A,Term 1,2026,English,59,C+,26,Average. Put more effort into homework.
ADM-1190,Karen Okoth,Grade 3 A,Term 1,2026,Kiswahili,58,C+,28,Steady progress. Do more revision.
ADM-1190,Karen Okoth,Grade 3 A,Term 1,2026,Mathematics,65,B,23,Average. Put more effort into homework.
ADM-1190,Karen Okoth,Grade 3 A,Term 1,2026,Environmental Activities,52,C,29,Satisfactory. Needs consistent practice.
ADM-1190,Karen Okoth,Grade 3 A,Term 1,2026,Religious Education,71,B+,18,Good effort. Can improve with more practice.
ADM-1190,Karen Okoth,Grade 3 A,Term 1,2026,Creative Activities,50,C,29,Good effort. Can improve with more practice.
ADM-1190,Karen Okoth,Grade 3 A,Term 1,2026,Physical & Health Education,50,C,32,Steady progress. Do more revision.
ADM-1191,Winfred Mwirigi,Grade 3 A,Term 1,2026,English,72,B+,17,Steady progress. Do more revision.
ADM-1191,Winfred Mwirigi,Grade 3 A,Term 1,2026,Kiswahili,71,B+,19,Satisfactory. Needs consistent practice.
ADM-1191,Winfred Mwirigi,Grade 3 A,Term 1,2026,Mathematics,67,B,21,Steady progress. Do more revision.
ADM-1191,Winfred Mwirigi,Grade 3 A,Term 1,2026,Environmental Activities,61,B-,24,Very good performance. Focus on the few weak areas.
ADM-1191,Winfred Mwirigi,Grade 3 A,Term 1,2026,Religious Education,70,B+,21,Average. Put more effort into homework.
ADM-1191,Winfred Mwirigi,Grade 3 A,Term 1,2026,Creative Activities,66,B,23,Very good performance. Focus on the few weak areas.
ADM-1191,Winfred Mwirigi,Grade 3 A,Term 1,2026,Physical & Health Education,62,B-,27,Excellent work. Keep it up!
ADM-1192,James Akoth,Grade 3 A,Term 1,2026,English,71,B+,19,Very good performance. Focus on the few weak areas.
ADM-1192,James Akoth,Grade 3 A,Term 1,2026,Kiswahili,74,B+,16,Steady progress. Do more revision.
ADM-1192,James Akoth,Grade 3 A,Term 1,2026,Mathematics,65,B,24,Steady progress. Do more revision.
ADM-1192,James Akoth,Grade 3 A,Term 1,2026,Environmental Activities,73,B+,14,Excellent work. Keep it up!
ADM-1192,James Akoth,Grade 3 A,Term 1,2026,Religious Education,72,B+,17,Excellent work. Keep it up!
ADM-1192,James Akoth,Grade 3 A,Term 1,2026,Creative Activities,65,B,24,Good effort. Can improve with more practice.
ADM-1192,James Akoth,Grade 3 A,Term 1,2026,Physical & Health Education,70,B+,20,Satisfactory. Needs consistent practice.
ADM-1193,George Kiprop,Grade 3 A,Term 1,2026,English,63,B-,24,Excellent work. Keep it up!
ADM-1193,George Kiprop,Grade 3 A,Term 1,2026,Kiswahili,59,C+,27,Excellent work. Keep it up!
ADM-1193,George Kiprop,Grade 3 A,Term 1,2026,Mathematics,45,C-,31,Excellent work. Keep it up!
ADM-1193,George Kiprop,Grade 3 A,Term 1,2026,Environmental Activities,62,B-,21,Excellent work. Keep it up!
ADM-1193,George Kiprop,Grade 3 A,Term 1,2026,Religious Education,60,B-,26,Steady progress. Do more revision.
ADM-1193,George Kiprop,Grade 3 A,Term 1,2026,Creative Activities,48,C-,30,Very good performance. Focus on the few weak areas.
ADM-1193,George Kiprop,Grade 3 A,Term 1,2026,Physical & Health Education,52,C,31,Good effort. Can improve with more practice.
ADM-1194,Winnie Kinyua,Grade 3 A,Term 1,2026,English,70,B+,21,Very good performance. Focus on the few weak areas.
ADM-1194,Winnie Kinyua,Grade 3 A,Term 1,2026,Kiswahili,64,B-,25,Steady progress. Do more revision.
ADM-1194,Winnie Kinyua,Grade 3 A,Term 1,2026,Mathematics,75,A-,12,Average. Put more effort into homework.
ADM-1194,Winnie Kinyua,Grade 3 A,Term 1,2026,Environmental Activities,85,A,8,Needs significant improvement. Revise earlier topics.
ADM-1194,Winnie Kinyua,Grade 3 A,Term 1,2026,Religious Education,89,A,3,Good effort. Can improve with more practice.
ADM-1194,Winnie Kinyua,Grade 3 A,Term 1,2026,Creative Activities,77,A-,13,Needs significant improvement. Revise earlier topics.
ADM-1194,Winnie Kinyua,Grade 3 A,Term 1,2026,Physical & Health Education,79,A-,9,Performs well under guidance. Keep practising.
ADM-1195,Esther Choge,Grade 3 A,Term 1,2026,English,68,B,22,Steady progress. Do more revision.
ADM-1195,Esther Choge,Grade 3 A,Term 1,2026,Kiswahili,86,A,5,Good effort. Can improve with more practice.
ADM-1195,Esther Choge,Grade 3 A,Term 1,2026,Mathematics,75,A-,13,Steady progress. Do more revision.
ADM-1195,Esther Choge,Grade 3 A,Term 1,2026,Environmental Activities,74,B+,13,Good effort. Can improve with more practice.
ADM-1195,Esther Choge,Grade 3 A,Term 1,2026,Religious Education,80,A,7,Satisfactory. Needs consistent practice.
ADM-1195,Esther Choge,Grade 3 A,Term 1,2026,Creative Activities,81,A,7,Steady progress. Do more revision.
ADM-1195,Esther Choge,Grade 3 A,Term 1,2026,Physical & Health Education,78,A-,11,Good effort. Can improve with more practice.
ADM-1196,Grace Nassor,Grade 3 A,Term 1,2026,English,75,A-,12,Average. Put more effort into homework.
ADM-1196,Grace Nassor,Grade 3 A,Term 1,2026,Kiswahili,55,C+,29,Satisfactory. Needs consistent practice.
ADM-1196,Grace Nassor,Grade 3 A,Term 1,2026,Mathematics,70,B+,19,Average. Put more effort into homework.
ADM-1196,Grace Nassor,Grade 3 A,Term 1,2026,Environmental Activities,62,B-,22,Very good performance. Focus on the few weak areas.
ADM-1196,Grace Nassor,Grade 3 A,Term 1,2026,Religious Education,71,B+,19,Very good performance. Focus on the few weak areas.
ADM-1196,Grace Nassor,Grade 3 A,Term 1,2026,Creative Activities,81,A,8,Excellent work. Keep it up!
ADM-1196,Grace Nassor,Grade 3 A,Term 1,2026,Physical & Health Education,72,B+,19,Satisfactory. Needs consistent practice.
ADM-1197,Trevor Njuguna,Grade 3 B,Term 1,2026,English,59,C+,28,Satisfactory. Needs consistent practice.
ADM-1197,Trevor Njuguna,Grade 3 B,Term 1,2026,Kiswahili,91,A,3,Good effort. Can improve with more practice.
ADM-1197,Trevor Njuguna,Grade 3 B,Term 1,2026,Mathematics,74,B+,14,Good effort. Can improve with more practice.
ADM-1197,Trevor Njuguna,Grade 3 B,Term 1,2026,Environmental Activities,84,A,3,Steady progress. Do more revision.
ADM-1197,Trevor Njuguna,Grade 3 B,Term 1,2026,Religious Education,69,B,20,Excellent work. Keep it up!
ADM-1197,Trevor Njuguna,Grade 3 B,Term 1,2026,Creative Activities,69,B,20,Very good performance. Focus on the few weak areas.
ADM-1197,Trevor Njuguna,Grade 3 B,Term 1,2026,Physical & Health Education,74,B+,16,Excellent work. Keep it up!
ADM-1198,James Mutuku,Grade 3 B,Term 1,2026,English,44,D+,32,Frequent absenteeism is affecting performance.
ADM-1198,James Mutuku,Grade 3 B,Term 1,2026,Kiswahili,40,D+,32,Struggles with this subject. Seek remedial help.
ADM-1198,James Mutuku,Grade 3 B,Term 1,2026,Mathematics,46,C-,32,Excellent work. Keep it up!
ADM-1198,James Mutuku,Grade 3 B,Term 1,2026,Environmental Activities,46,C-,32,Excellent work. Keep it up!
ADM-1198,James Mutuku,Grade 3 B,Term 1,2026,Religious Education,35,D,31,Poor foundation from previous grade. Support needed.
ADM-1198,James Mutuku,Grade 3 B,Term 1,2026,Creative Activities,50,C,31,Very good performance. Focus on the few weak areas.
ADM-1198,James Mutuku,Grade 3 B,Term 1,2026,Physical & Health Education,39,D,32,Repeated the topic without mastering basics. Revise.
ADM-1199,Peninah Achieng,Grade 3 B,Term 1,2026,English,58,C+,29,Excellent work. Keep it up!
ADM-1199,Peninah Achieng,Grade 3 B,Term 1,2026,Kiswahili,60,B-,26,Satisfactory. Needs consistent practice.
ADM-1199,Peninah Achieng,Grade 3 B,Term 1,2026,Mathematics,51,C,30,Steady progress. Do more revision.
ADM-1199,Peninah Achieng,Grade 3 B,Term 1,2026,Environmental Activities,51,C,30,Very good performance. Focus on the few weak areas.
ADM-1199,Peninah Achieng,Grade 3 B,Term 1,2026,Religious Education,71,B+,19,Average. Put more effort into homework.
ADM-1199,Peninah Achieng,Grade 3 B,Term 1,2026,Creative Activities,67,B,22,Satisfactory. Needs consistent practice.
ADM-1199,Peninah Achieng,Grade 3 B,Term 1,2026,Physical & Health Education,59,C+,27,Excellent work. Keep it up!
ADM-1200,Karen Maina,Grade 3 B,Term 1,2026,English,49,C-,30,Satisfactory. Needs consistent practice.
ADM-1200,Karen Maina,Grade 3 B,Term 1,2026,Kiswahili,47,C-,31,Satisfactory. Needs consistent practice.
ADM-1200,Karen Maina,Grade 3 B,Term 1,2026,Mathematics,64,B-,21,Satisfactory. Needs consistent practice.
ADM-1200,Karen Maina,Grade 3 B,Term 1,2026,Environmental Activities,70,B+,22,Very good performance. Focus on the few weak areas.
ADM-1200,Karen Maina,Grade 3 B,Term 1,2026,Religious Education,75,A-,15,Steady progress. Do more revision.
ADM-1200,Karen Maina,Grade 3 B,Term 1,2026,Creative Activities,66,B,24,Very good performance. Focus on the few weak areas.
ADM-1200,Karen Maina,Grade 3 B,Term 1,2026,Physical & Health Education,70,B+,21,Satisfactory. Needs consistent practice.
ADM-1201,Brenda Wambui,Grade 3 B,Term 1,2026,English,88,A,1,Average. Put more effort into homework.
ADM-1201,Brenda Wambui,Grade 3 B,Term 1,2026,Kiswahili,68,B,16,Steady progress. Do more revision.
ADM-1201,Brenda Wambui,Grade 3 B,Term 1,2026,Mathematics,80,A,6,Very good performance. Focus on the few weak areas.
ADM-1201,Brenda Wambui,Grade 3 B,Term 1,2026,Environmental Activities,85,A,2,Average. Put more effort into homework.
ADM-1201,Brenda Wambui,Grade 3 B,Term 1,2026,Religious Education,91,A,1,Excellent work. Keep it up!
ADM-1201,Brenda Wambui,Grade 3 B,Term 1,2026,Creative Activities,72,B+,17,Satisfactory. Needs consistent practice.
ADM-1201,Brenda Wambui,Grade 3 B,Term 1,2026,Physical & Health Education,84,A,6,Good effort. Can improve with more practice.
ADM-1202,Doreen Njeri,Grade 3 B,Term 1,2026,English,79,A-,9,Good effort. Can improve with more practice.
ADM-1202,Doreen Njeri,Grade 3 B,Term 1,2026,Kiswahili,93,A,1,Steady progress. Do more revision.
ADM-1202,Doreen Njeri,Grade 3 B,Term 1,2026,Mathematics,80,A,7,Shows understanding of key concepts.
ADM-1202,Doreen Njeri,Grade 3 B,Term 1,2026,Environmental Activities,93,A,1,Shows understanding of key concepts.
ADM-1202,Doreen Njeri,Grade 3 B,Term 1,2026,Religious Education,87,A,4,Good effort. Can improve with more practice.
ADM-1202,Doreen Njeri,Grade 3 B,Term 1,2026,Creative Activities,90,A,3,Shows understanding of key concepts.
ADM-1202,Doreen Njeri,Grade 3 B,Term 1,2026,Physical & Health Education,85,A,5,Steady progress. Do more revision.
ADM-1203,Julius Onyango,Grade 3 B,Term 1,2026,English,65,B,24,Excellent work. Keep it up!
ADM-1203,Julius Onyango,Grade 3 B,Term 1,2026,Kiswahili,86,A,5,Average. Put more effort into homework.
ADM-1203,Julius Onyango,Grade 3 B,Term 1,2026,Mathematics,80,A,8,Shows understanding of key concepts.
ADM-1203,Julius Onyango,Grade 3 B,Term 1,2026,Environmental Activities,65,B,25,Excellent work. Keep it up!
ADM-1203,Julius Onyango,Grade 3 B,Term 1,2026,Religious Education,76,A-,14,Steady progress. Do more revision.
ADM-1203,Julius Onyango,Grade 3 B,Term 1,2026,Creative Activities,75,A-,14,Needs significant improvement. Revise earlier topics.
ADM-1203,Julius Onyango,Grade 3 B,Term 1,2026,Physical & Health Education,76,A-,11,Satisfactory. Needs consistent practice.
ADM-1204,Irene Pashua,Grade 3 B,Term 1,2026,English,68,B,19,Steady progress. Do more revision.
ADM-1204,Irene Pashua,Grade 3 B,Term 1,2026,Kiswahili,76,A-,11,Needs significant improvement. Revise earlier topics.
ADM-1204,Irene Pashua,Grade 3 B,Term 1,2026,Mathematics,60,B-,26,Satisfactory. Needs consistent practice.
ADM-1204,Irene Pashua,Grade 3 B,Term 1,2026,Environmental Activities,72,B+,19,Steady progress. Do more revision.
ADM-1204,Irene Pashua,Grade 3 B,Term 1,2026,Religious Education,55,C+,29,Steady progress. Do more revision.
ADM-1204,Irene Pashua,Grade 3 B,Term 1,2026,Creative Activities,76,A-,13,Very good performance. Focus on the few weak areas.
ADM-1204,Irene Pashua,Grade 3 B,Term 1,2026,Physical & Health Education,72,B+,17,Good effort. Can improve with more practice.
ADM-1205,Kennedy Kitonga,Grade 3 B,Term 1,2026,English,77,A-,11,Very good performance. Focus on the few weak areas.
ADM-1205,Kennedy Kitonga,Grade 3 B,Term 1,2026,Kiswahili,93,A,2,Satisfactory. Needs consistent practice.
ADM-1205,Kennedy Kitonga,Grade 3 B,Term 1,2026,Mathematics,62,B-,23,Very good performance. Focus on the few weak areas.
ADM-1205,Kennedy Kitonga,Grade 3 B,Term 1,2026,Environmental Activities,73,B+,17,Average. Put more effort into homework.
ADM-1205,Kennedy Kitonga,Grade 3 B,Term 1,2026,Religious Education,89,A,3,Performs well under guidance. Keep practising.
ADM-1205,Kennedy Kitonga,Grade 3 B,Term 1,2026,Creative Activities,72,B+,18,Very good performance. Focus on the few weak areas.
ADM-1205,Kennedy Kitonga,Grade 3 B,Term 1,2026,Physical & Health Education,92,A,3,Performs well under guidance. Keep practising.
ADM-1206,Faith Kathambi,Grade 3 B,Term 1,2026,English,62,B-,25,Excellent work. Keep it up!
ADM-1206,Faith Kathambi,Grade 3 B,Term 1,2026,Kiswahili,50,C,30,Steady progress. Do more revision.
ADM-1206,Faith Kathambi,Grade 3 B,Term 1,2026,Mathematics,64,B-,22,Excellent work. Keep it up!
ADM-1206,Faith Kathambi,Grade 3 B,Term 1,2026,Environmental Activities,63,B-,26,Satisfactory. Needs consistent practice.
ADM-1206,Faith Kathambi,Grade 3 B,Term 1,2026,Religious Education,74,B+,17,Average. Put more effort into homework.
ADM-1206,Faith Kathambi,Grade 3 B,Term 1,2026,Creative Activities,67,B,23,Very good performance. Focus on the few weak areas.
ADM-1206,Faith Kathambi,Grade 3 B,Term 1,2026,Physical & Health Education,55,C+,31,Very good performance. Focus on the few weak areas.
ADM-1207,Teresia Baariu,Grade 3 B,Term 1,2026,English,71,B+,16,Average. Put more effort into homework.
ADM-1207,Teresia Baariu,Grade 3 B,Term 1,2026,Kiswahili,72,B+,13,Good effort. Can improve with more practice.
ADM-1207,Teresia Baariu,Grade 3 B,Term 1,2026,Mathematics,75,A-,12,Below average. Extra tuition recommended.
ADM-1207,Teresia Baariu,Grade 3 B,Term 1,2026,Environmental Activities,73,B+,18,Excellent work. Keep it up!
ADM-1207,Teresia Baariu,Grade 3 B,Term 1,2026,Religious Education,82,A,9,Very good performance. Focus on the few weak areas.
ADM-1207,Teresia Baariu,Grade 3 B,Term 1,2026,Creative Activities,79,A-,9,Needs significant improvement. Revise earlier topics.
ADM-1207,Teresia Baariu,Grade 3 B,Term 1,2026,Physical & Health Education,72,B+,18,Good effort. Can improve with more practice.
ADM-1208,Edwin Abdalla,Grade 3 B,Term 1,2026,English,77,A-,12,Performs well under guidance. Keep practising.
ADM-1208,Edwin Abdalla,Grade 3 B,Term 1,2026,Kiswahili,69,B,15,Very good performance. Focus on the few weak areas.
ADM-1208,Edwin Abdalla,Grade 3 B,Term 1,2026,Mathematics,71,B+,17,Satisfactory. Needs consistent practice.
ADM-1208,Edwin Abdalla,Grade 3 B,Term 1,2026,Environmental Activities,69,B,24,Satisfactory. Needs consistent practice.
ADM-1208,Edwin Abdalla,Grade 3 B,Term 1,2026,Religious Education,75,A-,16,Very good performance. Focus on the few weak areas.
ADM-1208,Edwin Abdalla,Grade 3 B,Term 1,2026,Creative Activities,83,A,7,Excellent work. Keep it up!
ADM-1208,Edwin Abdalla,Grade 3 B,Term 1,2026,Physical & Health Education,88,A,4,Good effort. Can improve with more practice.
ADM-1209,Meshack Wafula,Grade 3 B,Term 1,2026,English,82,A,5,Steady progress. Do more revision.
ADM-1209,Meshack Wafula,Grade 3 B,Term 1,2026,Kiswahili,83,A,7,Steady progress. Do more revision.
ADM-1209,Meshack Wafula,Grade 3 B,Term 1,2026,Mathematics,88,A,1,Steady progress. Do more revision.
ADM-1209,Meshack Wafula,Grade 3 B,Term 1,2026,Environmental Activities,74,B+,16,Steady progress. Do more revision.
ADM-1209,Meshack Wafula,Grade 3 B,Term 1,2026,Religious Education,61,B-,27,Good effort. Can improve with more practice.
ADM-1209,Meshack Wafula,Grade 3 B,Term 1,2026,Creative Activities,73,B+,16,Satisfactory. Needs consistent practice.
ADM-1209,Meshack Wafula,Grade 3 B,Term 1,2026,Physical & Health Education,75,A-,14,Very good performance. Focus on the few weak areas.
ADM-1210,Kipchoge Mwinyi,Grade 3 B,Term 1,2026,English,67,B,20,Steady progress. Do more revision.
ADM-1210,Kipchoge Mwinyi,Grade 3 B,Term 1,2026,Kiswahili,66,B,19,Good effort. Can improve with more practice.
ADM-1210,Kipchoge Mwinyi,Grade 3 B,Term 1,2026,Mathematics,68,B,19,Steady progress. Do more revision.
ADM-1210,Kipchoge Mwinyi,Grade 3 B,Term 1,2026,Environmental Activities,71,B+,20,Good effort. Can improve with more practice.
ADM-1210,Kipchoge Mwinyi,Grade 3 B,Term 1,2026,Religious Education,83,A,8,Average. Put more effort into homework.
ADM-1210,Kipchoge Mwinyi,Grade 3 B,Term 1,2026,Creative Activities,64,B-,28,Good effort. Can improve with more practice.
ADM-1210,Kipchoge Mwinyi,Grade 3 B,Term 1,2026,Physical & Health Education,66,B,23,Average. Put more effort into homework.
ADM-1211,Mark Pashua,Grade 3 B,Term 1,2026,English,81,A,7,Below average. Extra tuition recommended.
ADM-1211,Mark Pashua,Grade 3 B,Term 1,2026,Kiswahili,70,B+,14,Good effort. Can improve with more practice.
ADM-1211,Mark Pashua,Grade 3 B,Term 1,2026,Mathematics,72,B+,16,Steady progress. Do more revision.
ADM-1211,Mark Pashua,Grade 3 B,Term 1,2026,Environmental Activities,71,B+,21,Average. Put more effort into homework.
ADM-1211,Mark Pashua,Grade 3 B,Term 1,2026,Religious Education,ABS,ABS,,Absent for the examination.
ADM-1211,Mark Pashua,Grade 3 B,Term 1,2026,Creative Activities,66,B,25,Steady progress. Do more revision.
ADM-1211,Mark Pashua,Grade 3 B,Term 1,2026,Physical & Health Education,71,B+,19,Excellent work. Keep it up!
ADM-1212,Grace Langat,Grade 3 B,Term 1,2026,English,77,A-,13,Needs significant improvement. Revise earlier topics.
ADM-1212,Grace Langat,Grade 3 B,Term 1,2026,Kiswahili,67,B,18,Steady progress. Do more revision.
ADM-1212,Grace Langat,Grade 3 B,Term 1,2026,Mathematics,65,B,20,Very good performance. Focus on the few weak areas.
ADM-1212,Grace Langat,Grade 3 B,Term 1,2026,Environmental Activities,81,A,7,Average. Put more effort into homework.
ADM-1212,Grace Langat,Grade 3 B,Term 1,2026,Religious Education,91,A,2,Satisfactory. Needs consistent practice.
ADM-1212,Grace Langat,Grade 3 B,Term 1,2026,Creative Activities,85,A,4,Good effort. Can improve with more practice.
ADM-1212,Grace Langat,Grade 3 B,Term 1,2026,Physical & Health Education,65,B,24,Good effort. Can improve with more practice.
ADM-1213,Julia Njuguna,Grade 3 B,Term 1,2026,English,85,A,2,Steady progress. Do more revision.
ADM-1213,Julia Njuguna,Grade 3 B,Term 1,2026,Kiswahili,86,A,6,Satisfactory. Needs consistent practice.
ADM-1213,Julia Njuguna,Grade 3 B,Term 1,2026,Mathematics,78,A-,10,Excellent work. Keep it up!
ADM-1213,Julia Njuguna,Grade 3 B,Term 1,2026,Environmental Activities,70,B+,23,Satisfactory. Needs consistent practice.
ADM-1213,Julia Njuguna,Grade 3 B,Term 1,2026,Religious Education,85,A,6,Average. Put more effort into homework.
ADM-1213,Julia Njuguna,Grade 3 B,Term 1,2026,Creative Activities,84,A,5,Very good performance. Focus on the few weak areas.
ADM-1213,Julia Njuguna,Grade 3 B,Term 1,2026,Physical & Health Education,79,A-,9,Good effort. Can improve with more practice.
ADM-1214,Thomas Mwende,Grade 3 B,Term 1,2026,English,49,C-,31,Satisfactory. Needs consistent practice.
ADM-1214,Thomas Mwende,Grade 3 B,Term 1,2026,Kiswahili,53,C,27,Average. Put more effort into homework.
ADM-1214,Thomas Mwende,Grade 3 B,Term 1,2026,Mathematics,51,C,31,Average. Put more effort into homework.
ADM-1214,Thomas Mwende,Grade 3 B,Term 1,2026,Environmental Activities,63,B-,27,Average. Put more effort into homework.
ADM-1214,Thomas Mwende,Grade 3 B,Term 1,2026,Religious Education,65,B,24,Satisfactory. Needs consistent practice.
ADM-1214,Thomas Mwende,Grade 3 B,Term 1,2026,Creative Activities,68,B,21,Steady progress. Do more revision.
ADM-1214,Thomas Mwende,Grade 3 B,Term 1,2026,Physical & Health Education,56,C+,30,Very good performance. Focus on the few weak areas.
ADM-1215,Edwin Namukuru,Grade 3 B,Term 1,2026,English,82,A,6,Average. Put more effort into homework.
ADM-1215,Edwin Namukuru,Grade 3 B,Term 1,2026,Kiswahili,68,B,17,Average. Put more effort into homework.
ADM-1215,Edwin Namukuru,Grade 3 B,Term 1,2026,Mathematics,78,A-,11,Satisfactory. Needs consistent practice.
ADM-1215,Edwin Namukuru,Grade 3 B,Term 1,2026,Environmental Activities,81,A,8,Needs significant improvement. Revise earlier topics.
ADM-1215,Edwin Namukuru,Grade 3 B,Term 1,2026,Religious Education,74,B+,18,Average. Put more effort into homework.
ADM-1215,Edwin Namukuru,Grade 3 B,Term 1,2026,Creative Activities,78,A-,10,Average. Put more effort into homework.
ADM-1215,Edwin Namukuru,Grade 3 B,Term 1,2026,Physical & Health Education,84,A,7,Very good performance. Focus on the few weak areas.
ADM-1216,Joseph Kirimi,Grade 3 B,Term 1,2026,English,85,A,3,Shows understanding of key concepts.
ADM-1216,Joseph Kirimi,Grade 3 B,Term 1,2026,Kiswahili,87,A,4,Excellent work. Keep it up!
ADM-1216,Joseph Kirimi,Grade 3 B,Term 1,2026,Mathematics,87,A,3,Below average. Extra tuition recommended.
ADM-1216,Joseph Kirimi,Grade 3 B,Term 1,2026,Environmental Activities,81,A,9,Below average. Extra tuition recommended.
ADM-1216,Joseph Kirimi,Grade 3 B,Term 1,2026,Religious Education,80,A,12,Average. Put more effort into homework.
ADM-1216,Joseph Kirimi,Grade 3 B,Term 1,2026,Creative Activities,78,A-,11,Performs well under guidance. Keep practising.
ADM-1216,Joseph Kirimi,Grade 3 B,Term 1,2026,Physical & Health Education,94,A,2,Shows understanding of key concepts.
ADM-1217,Elijah Odera,Grade 3 B,Term 1,2026,English,67,B,21,Very good performance. Focus on the few weak areas.
ADM-1217,Elijah Odera,Grade 3 B,Term 1,2026,Kiswahili,77,A-,10,Shows understanding of key concepts.
ADM-1217,Elijah Odera,Grade 3 B,Term 1,2026,Mathematics,74,B+,15,Very good performance. Focus on the few weak areas.
ADM-1217,Elijah Odera,Grade 3 B,Term 1,2026,Environmental Activities,77,A-,12,Good effort. Can improve with more practice.
ADM-1217,Elijah Odera,Grade 3 B,Term 1,2026,Religious Education,67,B,22,Excellent work. Keep it up!
ADM-1217,Elijah Odera,Grade 3 B,Term 1,2026,Creative Activities,75,A-,15,Good effort. Can improve with more practice.
ADM-1217,Elijah Odera,Grade 3 B,Term 1,2026,Physical & Health Education,76,A-,12,Steady progress. Do more revision.
ADM-1218,Gideon Kitonga,Grade 3 B,Term 1,2026,English,62,B-,26,Satisfactory. Needs consistent practice.
ADM-1218,Gideon Kitonga,Grade 3 B,Term 1,2026,Kiswahili,52,C,28,Excellent work. Keep it up!
ADM-1218,Gideon Kitonga,Grade 3 B,Term 1,2026,Mathematics,61,B-,24,Satisfactory. Needs consistent practice.
ADM-1218,Gideon Kitonga,Grade 3 B,Term 1,2026,Environmental Activities,76,A-,13,Very good performance. Focus on the few weak areas.
ADM-1218,Gideon Kitonga,Grade 3 B,Term 1,2026,Religious Education,68,B,21,Satisfactory. Needs consistent practice.
ADM-1218,Gideon Kitonga,Grade 3 B,Term 1,2026,Creative Activities,60,B-,29,Good effort. Can improve with more practice.
ADM-1218,Gideon Kitonga,Grade 3 B,Term 1,2026,Physical & Health Education,58,C+,29,Very good performance. Focus on the few weak areas.
ADM-1219,Francis Okoth,Grade 3 B,Term 1,2026,English,60,B-,27,Satisfactory. Needs consistent practice.
ADM-1219,Francis Okoth,Grade 3 B,Term 1,2026,Kiswahili,62,B-,25,Average. Put more effort into homework.
ADM-1219,Francis Okoth,Grade 3 B,Term 1,2026,Mathematics,60,B-,27,Steady progress. Do more revision.
ADM-1219,Francis Okoth,Grade 3 B,Term 1,2026,Environmental Activities,54,C,29,Good effort. Can improve with more practice.
ADM-1219,Francis Okoth,Grade 3 B,Term 1,2026,Religious Education,62,B-,26,Satisfactory. Needs consistent practice.
ADM-1219,Francis Okoth,Grade 3 B,Term 1,2026,Creative Activities,46,C-,32,Satisfactory. Needs consistent practice.
ADM-1219,Francis Okoth,Grade 3 B,Term 1,2026,Physical & Health Education,59,C+,28,Average. Put more effort into homework.
ADM-1220,Gloria Odhiambo,Grade 3 B,Term 1,2026,English,83,A,4,Satisfactory. Needs consistent practice.
ADM-1220,Gloria Odhiambo,Grade 3 B,Term 1,2026,Kiswahili,83,A,8,Satisfactory. Needs consistent practice.
ADM-1220,Gloria Odhiambo,Grade 3 B,Term 1,2026,Mathematics,79,A-,9,Shows understanding of key concepts.
ADM-1220,Gloria Odhiambo,Grade 3 B,Term 1,2026,Environmental Activities,76,A-,14,Very good performance. Focus on the few weak areas.
ADM-1220,Gloria Odhiambo,Grade 3 B,Term 1,2026,Religious Education,78,A-,13,Excellent work. Keep it up!
ADM-1220,Gloria Odhiambo,Grade 3 B,Term 1,2026,Creative Activities,84,A,6,Average. Put more effort into homework.
ADM-1220,Gloria Odhiambo,Grade 3 B,Term 1,2026,Physical & Health Education,75,A-,15,Below average. Extra tuition recommended.
ADM-1221,Monica Kombo,Grade 3 B,Term 1,2026,English,76,A-,14,Average. Put more effort into homework.
ADM-1221,Monica Kombo,Grade 3 B,Term 1,2026,Kiswahili,66,B,20,Excellent work. Keep it up!
ADM-1221,Monica Kombo,Grade 3 B,Term 1,2026,Mathematics,75,A-,13,Average. Put more effort into homework.
ADM-1221,Monica Kombo,Grade 3 B,Term 1,2026,Environmental Activities,83,A,4,Shows understanding of key concepts.
ADM-1221,Monica Kombo,Grade 3 B,Term 1,2026,Religious Education,61,B-,28,Steady progress. Do more revision.
ADM-1221,Monica Kombo,Grade 3 B,Term 1,2026,Creative Activities,65,B,27,Very good performance. Focus on the few weak areas.
ADM-1221,Monica Kombo,Grade 3 B,Term 1,2026,Physical & Health Education,62,B-,26,Very good performance. Focus on the few weak areas.
ADM-1222,Abigail Khisa,Grade 3 B,Term 1,2026,English,66,B,22,Good effort. Can improve with more practice.
ADM-1222,Abigail Khisa,Grade 3 B,Term 1,2026,Kiswahili,66,B,21,Excellent work. Keep it up!
ADM-1222,Abigail Khisa,Grade 3 B,Term 1,2026,Mathematics,52,C,29,Steady progress. Do more revision.
ADM-1222,Abigail Khisa,Grade 3 B,Term 1,2026,Environmental Activities,51,C,31,Steady progress. Do more revision.
ADM-1222,Abigail Khisa,Grade 3 B,Term 1,2026,Religious Education,45,C-,30,Average. Put more effort into homework.
ADM-1222,Abigail Khisa,Grade 3 B,Term 1,2026,Creative Activities,51,C,30,Good effort. Can improve with more practice.
ADM-1222,Abigail Khisa,Grade 3 B,Term 1,2026,Physical & Health Education,65,B,25,Good effort. Can improve with more practice.
ADM-1223,Simon Gitau,Grade 3 B,Term 1,2026,English,69,B,18,Satisfactory. Needs consistent practice.
ADM-1223,Simon Gitau,Grade 3 B,Term 1,2026,Kiswahili,51,C,29,Average. Put more effort into homework.
ADM-1223,Simon Gitau,Grade 3 B,Term 1,2026,Mathematics,70,B+,18,Very good performance. Focus on the few weak areas.
ADM-1223,Simon Gitau,Grade 3 B,Term 1,2026,Environmental Activities,61,B-,28,Satisfactory. Needs consistent practice.
ADM-1223,Simon Gitau,Grade 3 B,Term 1,2026,Religious Education,67,B,23,Good effort. Can improve with more practice.
ADM-1223,Simon Gitau,Grade 3 B,Term 1,2026,Creative Activities,66,B,26,Good effort. Can improve with more practice.
ADM-1223,Simon Gitau,Grade 3 B,Term 1,2026,Physical & Health Education,70,B+,22,Average. Put more effort into homework.
ADM-1224,Frank Abdalla,Grade 3 B,Term 1,2026,English,66,B,23,Satisfactory. Needs consistent practice.
ADM-1224,Frank Abdalla,Grade 3 B,Term 1,2026,Kiswahili,66,B,22,Excellent work. Keep it up!
ADM-1224,Frank Abdalla,Grade 3 B,Term 1,2026,Mathematics,54,C,28,Satisfactory. Needs consistent practice.
ADM-1224,Frank Abdalla,Grade 3 B,Term 1,2026,Environmental Activities,75,A-,15,Very good performance. Focus on the few weak areas.
ADM-1224,Frank Abdalla,Grade 3 B,Term 1,2026,Religious Education,63,B-,25,Average. Put more effort into homework.
ADM-1224,Frank Abdalla,Grade 3 B,Term 1,2026,Creative Activities,83,A,8,Shows understanding of key concepts.
ADM-1224,Frank Abdalla,Grade 3 B,Term 1,2026,Physical & Health Education,76,A-,13,Very good performance. Focus on the few weak areas.
ADM-1225,Zachary Oluoch,Grade 3 B,Term 1,2026,English,75,A-,15,Performs well under guidance. Keep practising.
ADM-1225,Zachary Oluoch,Grade 3 B,Term 1,2026,Kiswahili,83,A,9,Good effort. Can improve with more practice.
ADM-1225,Zachary Oluoch,Grade 3 B,Term 1,2026,Mathematics,61,B-,25,Very good performance. Focus on the few weak areas.
ADM-1225,Zachary Oluoch,Grade 3 B,Term 1,2026,Environmental Activities,80,A,10,Steady progress. Do more revision.
ADM-1225,Zachary Oluoch,Grade 3 B,Term 1,2026,Religious Education,81,A,11,Satisfactory. Needs consistent practice.
ADM-1225,Zachary Oluoch,Grade 3 B,Term 1,2026,Creative Activities,70,B+,19,Very good performance. Focus on the few weak areas.
ADM-1225,Zachary Oluoch,Grade 3 B,Term 1,2026,Physical & Health Education,71,B+,20,Excellent work. Keep it up!
ADM-1226,Vincent Ciawi,Grade 3 B,Term 1,2026,English,71,B+,17,Excellent work. Keep it up!
ADM-1226,Vincent Ciawi,Grade 3 B,Term 1,2026,Kiswahili,65,B,23,Steady progress. Do more revision.
ADM-1226,Vincent Ciawi,Grade 3 B,Term 1,2026,Mathematics,88,A,2,Satisfactory. Needs consistent practice.
ADM-1226,Vincent Ciawi,Grade 3 B,Term 1,2026,Environmental Activities,79,A-,11,Below average. Extra tuition recommended.
ADM-1226,Vincent Ciawi,Grade 3 B,Term 1,2026,Religious Education,86,A,5,Steady progress. Do more revision.
ADM-1226,Vincent Ciawi,Grade 3 B,Term 1,2026,Creative Activities,91,A,2,Shows understanding of key concepts.
ADM-1226,Vincent Ciawi,Grade 3 B,Term 1,2026,Physical & Health Education,81,A,8,Performs well under guidance. Keep practising.
ADM-1227,Susan Wamalwa,Grade 3 B,Term 1,2026,English,81,A,8,Shows understanding of key concepts.
ADM-1227,Susan Wamalwa,Grade 3 B,Term 1,2026,Kiswahili,64,B-,24,Steady progress. Do more revision.
ADM-1227,Susan Wamalwa,Grade 3 B,Term 1,2026,Mathematics,85,A,4,Needs significant improvement. Revise earlier topics.
ADM-1227,Susan Wamalwa,Grade 3 B,Term 1,2026,Environmental Activities,83,A,5,Performs well under guidance. Keep practising.
ADM-1227,Susan Wamalwa,Grade 3 B,Term 1,2026,Religious Education,82,A,10,Steady progress. Do more revision.
ADM-1227,Susan Wamalwa,Grade 3 B,Term 1,2026,Creative Activities,93,A,1,Shows understanding of key concepts.
ADM-1227,Susan Wamalwa,Grade 3 B,Term 1,2026,Physical & Health Education,96,A,1,Satisfactory. Needs consistent practice.
ADM-1228,Michael Wambua,Grade 3 B,Term 1,2026,English,78,A-,10,Average. Put more effort into homework.
ADM-1228,Michael Wambua,Grade 3 B,Term 1,2026,Kiswahili,76,A-,12,Needs significant improvement. Revise earlier topics.
ADM-1228,Michael Wambua,Grade 3 B,Term 1,2026,Mathematics,84,A,5,Excellent work. Keep it up!
ADM-1228,Michael Wambua,Grade 3 B,Term 1,2026,Environmental Activities,82,A,6,Steady progress. Do more revision.
ADM-1228,Michael Wambua,Grade 3 B,Term 1,2026,Religious Education,85,A,7,Satisfactory. Needs consistent practice.
ADM-1228,Michael Wambua,Grade 3 B,Term 1,2026,Creative Activities,78,A-,12,Very good performance. Focus on the few weak areas.
ADM-1228,Michael Wambua,Grade 3 B,Term 1,2026,Physical & Health Education,78,A-,10,Average. Put more effort into homework.
ADM-1229,Wesley Noor,Grade 4 A,Term 1,2026,English,86,A,7,Good effort. Can improve with more practice.
ADM-1229,Wesley Noor,Grade 4 A,Term 1,2026,Kiswahili,76,A-,14,Very good performance. Focus on the few weak areas.
ADM-1229,Wesley Noor,Grade 4 A,Term 1,2026,Mathematics,86,A,8,Good effort. Can improve with more practice.
ADM-1229,Wesley Noor,Grade 4 A,Term 1,2026,Science & Technology,89,A,4,Below average. Extra tuition recommended.
ADM-1229,Wesley Noor,Grade 4 A,Term 1,2026,Social Studies,86,A,7,Very good performance. Focus on the few weak areas.
ADM-1229,Wesley Noor,Grade 4 A,Term 1,2026,Religious Education,77,A-,11,Steady progress. Do more revision.
ADM-1229,Wesley Noor,Grade 4 A,Term 1,2026,Creative Arts,71,B+,15,Average. Put more effort into homework.
ADM-1229,Wesley Noor,Grade 4 A,Term 1,2026,Physical & Health Education,66,B,21,Steady progress. Do more revision.
ADM-1230,Felix Masinde,Grade 4 A,Term 1,2026,English,100,A,1,Very good performance. Focus on the few weak areas.
ADM-1230,Felix Masinde,Grade 4 A,Term 1,2026,Kiswahili,95,A,2,Good effort. Can improve with more practice.
ADM-1230,Felix Masinde,Grade 4 A,Term 1,2026,Mathematics,95,A,3,Performs well under guidance. Keep practising.
ADM-1230,Felix Masinde,Grade 4 A,Term 1,2026,Science & Technology,100,A,1,Below average. Extra tuition recommended.
ADM-1230,Felix Masinde,Grade 4 A,Term 1,2026,Social Studies,100,A,1,Good effort. Can improve with more practice.
ADM-1230,Felix Masinde,Grade 4 A,Term 1,2026,Religious Education,84,A,6,Performs well under guidance. Keep practising.
ADM-1230,Felix Masinde,Grade 4 A,Term 1,2026,Creative Arts,99,A,1,Good effort. Can improve with more practice.
ADM-1230,Felix Masinde,Grade 4 A,Term 1,2026,Physical & Health Education,92,A,3,Very good performance. Focus on the few weak areas.
ADM-1231,Caleb Maundu,Grade 4 A,Term 1,2026,English,70,B+,16,Very good performance. Focus on the few weak areas.
ADM-1231,Caleb Maundu,Grade 4 A,Term 1,2026,Kiswahili,64,B-,24,Very good performance. Focus on the few weak areas.
ADM-1231,Caleb Maundu,Grade 4 A,Term 1,2026,Mathematics,71,B+,16,Satisfactory. Needs consistent practice.
ADM-1231,Caleb Maundu,Grade 4 A,Term 1,2026,Science & Technology,80,A,11,Below average. Extra tuition recommended.
ADM-1231,Caleb Maundu,Grade 4 A,Term 1,2026,Social Studies,63,B-,22,Very good performance. Focus on the few weak areas.
ADM-1231,Caleb Maundu,Grade 4 A,Term 1,2026,Religious Education,69,B,20,Excellent work. Keep it up!
ADM-1231,Caleb Maundu,Grade 4 A,Term 1,2026,Creative Arts,60,B-,23,Very good performance. Focus on the few weak areas.
ADM-1231,Caleb Maundu,Grade 4 A,Term 1,2026,Physical & Health Education,80,A,6,Satisfactory. Needs consistent practice.
ADM-1232,Naomi Wambua,Grade 4 A,Term 1,2026,English,62,B-,25,Very good performance. Focus on the few weak areas.
ADM-1232,Naomi Wambua,Grade 4 A,Term 1,2026,Kiswahili,63,B-,26,Good effort. Can improve with more practice.
ADM-1232,Naomi Wambua,Grade 4 A,Term 1,2026,Mathematics,61,B-,25,Excellent work. Keep it up!
ADM-1232,Naomi Wambua,Grade 4 A,Term 1,2026,Science & Technology,69,B,20,Good effort. Can improve with more practice.
ADM-1232,Naomi Wambua,Grade 4 A,Term 1,2026,Social Studies,62,B-,23,Satisfactory. Needs consistent practice.
ADM-1232,Naomi Wambua,Grade 4 A,Term 1,2026,Religious Education,45,C-,30,Steady progress. Do more revision.
ADM-1232,Naomi Wambua,Grade 4 A,Term 1,2026,Creative Arts,60,B-,24,Good effort. Can improve with more practice.
ADM-1232,Naomi Wambua,Grade 4 A,Term 1,2026,Physical & Health Education,58,C+,29,Satisfactory. Needs consistent practice.
ADM-1233,Michael Syombua,Grade 4 A,Term 1,2026,English,67,B,18,Average. Put more effort into homework.
ADM-1233,Michael Syombua,Grade 4 A,Term 1,2026,Kiswahili,67,B,21,Very good performance. Focus on the few weak areas.
ADM-1233,Michael Syombua,Grade 4 A,Term 1,2026,Mathematics,71,B+,17,Excellent work. Keep it up!
ADM-1233,Michael Syombua,Grade 4 A,Term 1,2026,Science & Technology,62,B-,24,Satisfactory. Needs consistent practice.
ADM-1233,Michael Syombua,Grade 4 A,Term 1,2026,Social Studies,55,C+,27,Average. Put more effort into homework.
ADM-1233,Michael Syombua,Grade 4 A,Term 1,2026,Religious Education,72,B+,18,Excellent work. Keep it up!
ADM-1233,Michael Syombua,Grade 4 A,Term 1,2026,Creative Arts,60,B-,25,Excellent work. Keep it up!
ADM-1233,Michael Syombua,Grade 4 A,Term 1,2026,Physical & Health Education,74,B+,10,Very good performance. Focus on the few weak areas.
ADM-1234,William Omollo,Grade 4 A,Term 1,2026,English,91,A,2,Needs significant improvement. Revise earlier topics.
ADM-1234,William Omollo,Grade 4 A,Term 1,2026,Kiswahili,81,A,10,Good effort. Can improve with more practice.
ADM-1234,William Omollo,Grade 4 A,Term 1,2026,Mathematics,100,A,1,Performs well under guidance. Keep practising.
ADM-1234,William Omollo,Grade 4 A,Term 1,2026,Science & Technology,95,A,2,Shows understanding of key concepts.
ADM-1234,William Omollo,Grade 4 A,Term 1,2026,Social Studies,100,A,2,Performs well under guidance. Keep practising.
ADM-1234,William Omollo,Grade 4 A,Term 1,2026,Religious Education,87,A,4,Excellent work. Keep it up!
ADM-1234,William Omollo,Grade 4 A,Term 1,2026,Creative Arts,93,A,3,Shows understanding of key concepts.
ADM-1234,William Omollo,Grade 4 A,Term 1,2026,Physical & Health Education,100,A,1,Good effort. Can improve with more practice.
ADM-1235,Kennedy Chemtai,Grade 4 A,Term 1,2026,English,89,A,3,Good effort. Can improve with more practice.
ADM-1235,Kennedy Chemtai,Grade 4 A,Term 1,2026,Kiswahili,97,A,1,Satisfactory. Needs consistent practice.
ADM-1235,Kennedy Chemtai,Grade 4 A,Term 1,2026,Mathematics,94,A,4,Excellent work. Keep it up!
ADM-1235,Kennedy Chemtai,Grade 4 A,Term 1,2026,Science & Technology,88,A,5,Needs significant improvement. Revise earlier topics.
ADM-1235,Kennedy Chemtai,Grade 4 A,Term 1,2026,Social Studies,76,A-,14,Performs well under guidance. Keep practising.
ADM-1235,Kennedy Chemtai,Grade 4 A,Term 1,2026,Religious Education,76,A-,14,Good effort. Can improve with more practice.
ADM-1235,Kennedy Chemtai,Grade 4 A,Term 1,2026,Creative Arts,87,A,5,Excellent work. Keep it up!
ADM-1235,Kennedy Chemtai,Grade 4 A,Term 1,2026,Physical & Health Education,79,A-,7,Excellent work. Keep it up!
ADM-1236,Harrison Kitonga,Grade 4 A,Term 1,2026,English,65,B,22,Satisfactory. Needs consistent practice.
ADM-1236,Harrison Kitonga,Grade 4 A,Term 1,2026,Kiswahili,68,B,18,Average. Put more effort into homework.
ADM-1236,Harrison Kitonga,Grade 4 A,Term 1,2026,Mathematics,71,B+,18,Satisfactory. Needs consistent practice.
ADM-1236,Harrison Kitonga,Grade 4 A,Term 1,2026,Science & Technology,88,A,6,Average. Put more effort into homework.
ADM-1236,Harrison Kitonga,Grade 4 A,Term 1,2026,Social Studies,64,B-,21,Steady progress. Do more revision.
ADM-1236,Harrison Kitonga,Grade 4 A,Term 1,2026,Religious Education,73,B+,17,Average. Put more effort into homework.
ADM-1236,Harrison Kitonga,Grade 4 A,Term 1,2026,Creative Arts,76,A-,9,Shows understanding of key concepts.
ADM-1236,Harrison Kitonga,Grade 4 A,Term 1,2026,Physical & Health Education,71,B+,14,Good effort. Can improve with more practice.
ADM-1237,Teresia Kinyua,Grade 4 A,Term 1,2026,English,53,C,30,Very good performance. Focus on the few weak areas.
ADM-1237,Teresia Kinyua,Grade 4 A,Term 1,2026,Kiswahili,55,C+,28,Average. Put more effort into homework.
ADM-1237,Teresia Kinyua,Grade 4 A,Term 1,2026,Mathematics,42,D+,32,Repeated the topic without mastering basics. Revise.
ADM-1237,Teresia Kinyua,Grade 4 A,Term 1,2026,Science & Technology,45,C-,29,Good effort. Can improve with more practice.
ADM-1237,Teresia Kinyua,Grade 4 A,Term 1,2026,Social Studies,46,C-,31,Good effort. Can improve with more practice.
ADM-1237,Teresia Kinyua,Grade 4 A,Term 1,2026,Religious Education,65,B,22,Good effort. Can improve with more practice.
ADM-1237,Teresia Kinyua,Grade 4 A,Term 1,2026,Creative Arts,52,C,31,Excellent work. Keep it up!
ADM-1237,Teresia Kinyua,Grade 4 A,Term 1,2026,Physical & Health Education,56,C+,31,Good effort. Can improve with more practice.
ADM-1238,Kiplangat Sichangi,Grade 4 A,Term 1,2026,English,81,A,9,Performs well under guidance. Keep practising.
ADM-1238,Kiplangat Sichangi,Grade 4 A,Term 1,2026,Kiswahili,87,A,6,Very good performance. Focus on the few weak areas.
ADM-1238,Kiplangat Sichangi,Grade 4 A,Term 1,2026,Mathematics,92,A,5,Below average. Extra tuition recommended.
ADM-1238,Kiplangat Sichangi,Grade 4 A,Term 1,2026,Science & Technology,78,A-,13,Shows understanding of key concepts.
ADM-1238,Kiplangat Sichangi,Grade 4 A,Term 1,2026,Social Studies,92,A,5,Steady progress. Do more revision.
ADM-1238,Kiplangat Sichangi,Grade 4 A,Term 1,2026,Religious Education,83,A,7,Satisfactory. Needs consistent practice.
ADM-1238,Kiplangat Sichangi,Grade 4 A,Term 1,2026,Creative Arts,79,A-,8,Below average. Extra tuition recommended.
ADM-1238,Kiplangat Sichangi,Grade 4 A,Term 1,2026,Physical & Health Education,69,B,18,Very good performance. Focus on the few weak areas.
ADM-1239,Kiplangat Pekeri,Grade 4 A,Term 1,2026,English,78,A-,10,Excellent work. Keep it up!
ADM-1239,Kiplangat Pekeri,Grade 4 A,Term 1,2026,Kiswahili,74,B+,16,Excellent work. Keep it up!
ADM-1239,Kiplangat Pekeri,Grade 4 A,Term 1,2026,Mathematics,71,B+,19,Satisfactory. Needs consistent practice.
ADM-1239,Kiplangat Pekeri,Grade 4 A,Term 1,2026,Science & Technology,77,A-,14,Performs well under guidance. Keep practising.
ADM-1239,Kiplangat Pekeri,Grade 4 A,Term 1,2026,Social Studies,59,C+,25,Steady progress. Do more revision.
ADM-1239,Kiplangat Pekeri,Grade 4 A,Term 1,2026,Religious Education,79,A-,9,Good effort. Can improve with more practice.
ADM-1239,Kiplangat Pekeri,Grade 4 A,Term 1,2026,Creative Arts,66,B,19,Good effort. Can improve with more practice.
ADM-1239,Kiplangat Pekeri,Grade 4 A,Term 1,2026,Physical & Health Education,57,C+,30,Average. Put more effort into homework.
ADM-1240,Joshua Ciawi,Grade 4 A,Term 1,2026,English,66,B,21,Average. Put more effort into homework.
ADM-1240,Joshua Ciawi,Grade 4 A,Term 1,2026,Kiswahili,83,A,7,Very good performance. Focus on the few weak areas.
ADM-1240,Joshua Ciawi,Grade 4 A,Term 1,2026,Mathematics,74,B+,14,Steady progress. Do more revision.
ADM-1240,Joshua Ciawi,Grade 4 A,Term 1,2026,Science & Technology,72,B+,18,Very good performance. Focus on the few weak areas.
ADM-1240,Joshua Ciawi,Grade 4 A,Term 1,2026,Social Studies,71,B+,17,Satisfactory. Needs consistent practice.
ADM-1240,Joshua Ciawi,Grade 4 A,Term 1,2026,Religious Education,78,A-,10,Needs significant improvement. Revise earlier topics.
ADM-1240,Joshua Ciawi,Grade 4 A,Term 1,2026,Creative Arts,72,B+,13,Good effort. Can improve with more practice.
ADM-1240,Joshua Ciawi,Grade 4 A,Term 1,2026,Physical & Health Education,75,A-,9,Satisfactory. Needs consistent practice.
ADM-1241,Trevor Igweta,Grade 4 A,Term 1,2026,English,69,B,17,Good effort. Can improve with more practice.
ADM-1241,Trevor Igweta,Grade 4 A,Term 1,2026,Kiswahili,80,A,11,Needs significant improvement. Revise earlier topics.
ADM-1241,Trevor Igweta,Grade 4 A,Term 1,2026,Mathematics,74,B+,15,Steady progress. Do more revision.
ADM-1241,Trevor Igweta,Grade 4 A,Term 1,2026,Science & Technology,92,A,3,Shows understanding of key concepts.
ADM-1241,Trevor Igweta,Grade 4 A,Term 1,2026,Social Studies,83,A,8,Average. Put more effort into homework.
ADM-1241,Trevor Igweta,Grade 4 A,Term 1,2026,Religious Education,80,A,8,Average. Put more effort into homework.
ADM-1241,Trevor Igweta,Grade 4 A,Term 1,2026,Creative Arts,86,A,7,Steady progress. Do more revision.
ADM-1241,Trevor Igweta,Grade 4 A,Term 1,2026,Physical & Health Education,71,B+,15,Excellent work. Keep it up!
ADM-1242,Emily Gatwiri,Grade 4 A,Term 1,2026,English,87,A,5,Satisfactory. Needs consistent practice.
ADM-1242,Emily Gatwiri,Grade 4 A,Term 1,2026,Kiswahili,75,A-,15,Good effort. Can improve with more practice.
ADM-1242,Emily Gatwiri,Grade 4 A,Term 1,2026,Mathematics,85,A,10,Below average. Extra tuition recommended.
ADM-1242,Emily Gatwiri,Grade 4 A,Term 1,2026,Science & Technology,83,A,8,Shows understanding of key concepts.
ADM-1242,Emily Gatwiri,Grade 4 A,Term 1,2026,Social Studies,75,A-,16,Satisfactory. Needs consistent practice.
ADM-1242,Emily Gatwiri,Grade 4 A,Term 1,2026,Religious Education,77,A-,12,Performs well under guidance. Keep practising.
ADM-1242,Emily Gatwiri,Grade 4 A,Term 1,2026,Creative Arts,73,B+,11,Very good performance. Focus on the few weak areas.
ADM-1242,Emily Gatwiri,Grade 4 A,Term 1,2026,Physical & Health Education,72,B+,13,Very good performance. Focus on the few weak areas.
ADM-1243,Anthony Muthoka,Grade 4 A,Term 1,2026,English,87,A,6,Excellent work. Keep it up!
ADM-1243,Anthony Muthoka,Grade 4 A,Term 1,2026,Kiswahili,80,A,12,Steady progress. Do more revision.
ADM-1243,Anthony Muthoka,Grade 4 A,Term 1,2026,Mathematics,61,B-,26,Satisfactory. Needs consistent practice.
ADM-1243,Anthony Muthoka,Grade 4 A,Term 1,2026,Science & Technology,81,A,9,Good effort. Can improve with more practice.
ADM-1243,Anthony Muthoka,Grade 4 A,Term 1,2026,Social Studies,77,A-,13,Performs well under guidance. Keep practising.
ADM-1243,Anthony Muthoka,Grade 4 A,Term 1,2026,Religious Education,61,B-,24,Excellent work. Keep it up!
ADM-1243,Anthony Muthoka,Grade 4 A,Term 1,2026,Creative Arts,60,B-,26,Very good performance. Focus on the few weak areas.
ADM-1243,Anthony Muthoka,Grade 4 A,Term 1,2026,Physical & Health Education,69,B,19,Steady progress. Do more revision.
ADM-1244,Magdalene Nzomo,Grade 4 A,Term 1,2026,English,55,C+,27,Steady progress. Do more revision.
ADM-1244,Magdalene Nzomo,Grade 4 A,Term 1,2026,Kiswahili,68,B,19,Good effort. Can improve with more practice.
ADM-1244,Magdalene Nzomo,Grade 4 A,Term 1,2026,Mathematics,67,B,23,Very good performance. Focus on the few weak areas.
ADM-1244,Magdalene Nzomo,Grade 4 A,Term 1,2026,Science & Technology,63,B-,22,Good effort. Can improve with more practice.
ADM-1244,Magdalene Nzomo,Grade 4 A,Term 1,2026,Social Studies,51,C,29,Excellent work. Keep it up!
ADM-1244,Magdalene Nzomo,Grade 4 A,Term 1,2026,Religious Education,64,B-,23,Good effort. Can improve with more practice.
ADM-1244,Magdalene Nzomo,Grade 4 A,Term 1,2026,Creative Arts,65,B,20,Steady progress. Do more revision.
ADM-1244,Magdalene Nzomo,Grade 4 A,Term 1,2026,Physical & Health Education,63,B-,23,Steady progress. Do more revision.
ADM-1245,Michael Wamalwa,Grade 4 A,Term 1,2026,English,74,B+,12,Excellent work. Keep it up!
ADM-1245,Michael Wamalwa,Grade 4 A,Term 1,2026,Kiswahili,89,A,4,Good effort. Can improve with more practice.
ADM-1245,Michael Wamalwa,Grade 4 A,Term 1,2026,Mathematics,100,A,2,Excellent work. Keep it up!
ADM-1245,Michael Wamalwa,Grade 4 A,Term 1,2026,Science & Technology,86,A,7,Performs well under guidance. Keep practising.
ADM-1245,Michael Wamalwa,Grade 4 A,Term 1,2026,Social Studies,93,A,3,Very good performance. Focus on the few weak areas.
ADM-1245,Michael Wamalwa,Grade 4 A,Term 1,2026,Religious Education,91,A,1,Performs well under guidance. Keep practising.
ADM-1245,Michael Wamalwa,Grade 4 A,Term 1,2026,Creative Arts,87,A,6,Needs significant improvement. Revise earlier topics.
ADM-1245,Michael Wamalwa,Grade 4 A,Term 1,2026,Physical & Health Education,98,A,2,Needs significant improvement. Revise earlier topics.
ADM-1246,Brian Anyango,Grade 4 A,Term 1,2026,English,72,B+,13,Steady progress. Do more revision.
ADM-1246,Brian Anyango,Grade 4 A,Term 1,2026,Kiswahili,68,B,20,Satisfactory. Needs consistent practice.
ADM-1246,Brian Anyango,Grade 4 A,Term 1,2026,Mathematics,62,B-,24,Satisfactory. Needs consistent practice.
ADM-1246,Brian Anyango,Grade 4 A,Term 1,2026,Science & Technology,72,B+,19,Average. Put more effort into homework.
ADM-1246,Brian Anyango,Grade 4 A,Term 1,2026,Social Studies,68,B,18,Very good performance. Focus on the few weak areas.
ADM-1246,Brian Anyango,Grade 4 A,Term 1,2026,Religious Education,61,B-,25,Excellent work. Keep it up!
ADM-1246,Brian Anyango,Grade 4 A,Term 1,2026,Creative Arts,69,B,17,Good effort. Can improve with more practice.
ADM-1246,Brian Anyango,Grade 4 A,Term 1,2026,Physical & Health Education,64,B-,22,Very good performance. Focus on the few weak areas.
ADM-1247,Florence Farah,Grade 4 A,Term 1,2026,English,64,B-,23,Steady progress. Do more revision.
ADM-1247,Florence Farah,Grade 4 A,Term 1,2026,Kiswahili,66,B,23,Very good performance. Focus on the few weak areas.
ADM-1247,Florence Farah,Grade 4 A,Term 1,2026,Mathematics,59,C+,27,Steady progress. Do more revision.
ADM-1247,Florence Farah,Grade 4 A,Term 1,2026,Science & Technology,62,B-,25,Good effort. Can improve with more practice.
ADM-1247,Florence Farah,Grade 4 A,Term 1,2026,Social Studies,62,B-,24,Steady progress. Do more revision.
ADM-1247,Florence Farah,Grade 4 A,Term 1,2026,Religious Education,66,B,21,Good effort. Can improve with more practice.
ADM-1247,Florence Farah,Grade 4 A,Term 1,2026,Creative Arts,72,B+,14,Excellent work. Keep it up!
ADM-1247,Florence Farah,Grade 4 A,Term 1,2026,Physical & Health Education,74,B+,11,Satisfactory. Needs consistent practice.
ADM-1248,Kevin Mutoro,Grade 4 A,Term 1,2026,English,71,B+,14,Very good performance. Focus on the few weak areas.
ADM-1248,Kevin Mutoro,Grade 4 A,Term 1,2026,Kiswahili,88,A,5,Steady progress. Do more revision.
ADM-1248,Kevin Mutoro,Grade 4 A,Term 1,2026,Mathematics,83,A,12,Shows understanding of key concepts.
ADM-1248,Kevin Mutoro,Grade 4 A,Term 1,2026,Science & Technology,67,B,21,Good effort. Can improve with more practice.
ADM-1248,Kevin Mutoro,Grade 4 A,Term 1,2026,Social Studies,91,A,6,Steady progress. Do more revision.
ADM-1248,Kevin Mutoro,Grade 4 A,Term 1,2026,Religious Education,90,A,2,Average. Put more effort into homework.
ADM-1248,Kevin Mutoro,Grade 4 A,Term 1,2026,Creative Arts,62,B-,22,Average. Put more effort into homework.
ADM-1248,Kevin Mutoro,Grade 4 A,Term 1,2026,Physical & Health Education,71,B+,16,Good effort. Can improve with more practice.
ADM-1249,Teresia Kimeu,Grade 4 A,Term 1,2026,English,85,A,8,Excellent work. Keep it up!
ADM-1249,Teresia Kimeu,Grade 4 A,Term 1,2026,Kiswahili,78,A-,13,Shows understanding of key concepts.
ADM-1249,Teresia Kimeu,Grade 4 A,Term 1,2026,Mathematics,78,A-,13,Performs well under guidance. Keep practising.
ADM-1249,Teresia Kimeu,Grade 4 A,Term 1,2026,Science & Technology,79,A-,12,Good effort. Can improve with more practice.
ADM-1249,Teresia Kimeu,Grade 4 A,Term 1,2026,Social Studies,78,A-,11,Satisfactory. Needs consistent practice.
ADM-1249,Teresia Kimeu,Grade 4 A,Term 1,2026,Religious Education,90,A,3,Needs significant improvement. Revise earlier topics.
ADM-1249,Teresia Kimeu,Grade 4 A,Term 1,2026,Creative Arts,69,B,18,Steady progress. Do more revision.
ADM-1249,Teresia Kimeu,Grade 4 A,Term 1,2026,Physical & Health Education,88,A,5,Satisfactory. Needs consistent practice.
ADM-1250,Anthony Khisa,Grade 4 A,Term 1,2026,English,89,A,4,Performs well under guidance. Keep practising.
ADM-1250,Anthony Khisa,Grade 4 A,Term 1,2026,Kiswahili,92,A,3,Excellent work. Keep it up!
ADM-1250,Anthony Khisa,Grade 4 A,Term 1,2026,Mathematics,88,A,7,Excellent work. Keep it up!
ADM-1250,Anthony Khisa,Grade 4 A,Term 1,2026,Science & Technology,73,B+,16,Satisfactory. Needs consistent practice.
ADM-1250,Anthony Khisa,Grade 4 A,Term 1,2026,Social Studies,93,A,4,Performs well under guidance. Keep practising.
ADM-1250,Anthony Khisa,Grade 4 A,Term 1,2026,Religious Education,86,A,5,Satisfactory. Needs consistent practice.
ADM-1250,Anthony Khisa,Grade 4 A,Term 1,2026,Creative Arts,97,A,2,Average. Put more effort into homework.
ADM-1250,Anthony Khisa,Grade 4 A,Term 1,2026,Physical & Health Education,89,A,4,Below average. Extra tuition recommended.
ADM-1251,Hellen Omondi,Grade 4 A,Term 1,2026,English,49,C-,31,Excellent work. Keep it up!
ADM-1251,Hellen Omondi,Grade 4 A,Term 1,2026,Kiswahili,55,C+,29,Average. Put more effort into homework.
ADM-1251,Hellen Omondi,Grade 4 A,Term 1,2026,Mathematics,58,C+,29,Very good performance. Focus on the few weak areas.
ADM-1251,Hellen Omondi,Grade 4 A,Term 1,2026,Science & Technology,49,C-,28,Satisfactory. Needs consistent practice.
ADM-1251,Hellen Omondi,Grade 4 A,Term 1,2026,Social Studies,48,C-,30,Good effort. Can improve with more practice.
ADM-1251,Hellen Omondi,Grade 4 A,Term 1,2026,Religious Education,51,C,29,Excellent work. Keep it up!
ADM-1251,Hellen Omondi,Grade 4 A,Term 1,2026,Creative Arts,60,B-,27,Average. Put more effort into homework.
ADM-1251,Hellen Omondi,Grade 4 A,Term 1,2026,Physical & Health Education,62,B-,25,Excellent work. Keep it up!
ADM-1252,Lilian Suleiman,Grade 4 A,Term 1,2026,English,67,B,19,Average. Put more effort into homework.
ADM-1252,Lilian Suleiman,Grade 4 A,Term 1,2026,Kiswahili,83,A,8,Good effort. Can improve with more practice.
ADM-1252,Lilian Suleiman,Grade 4 A,Term 1,2026,Mathematics,92,A,6,Satisfactory. Needs consistent practice.
ADM-1252,Lilian Suleiman,Grade 4 A,Term 1,2026,Science & Technology,81,A,10,Performs well under guidance. Keep practising.
ADM-1252,Lilian Suleiman,Grade 4 A,Term 1,2026,Social Studies,83,A,9,Below average. Extra tuition recommended.
ADM-1252,Lilian Suleiman,Grade 4 A,Term 1,2026,Religious Education,74,B+,16,Satisfactory. Needs consistent practice.
ADM-1252,Lilian Suleiman,Grade 4 A,Term 1,2026,Creative Arts,73,B+,12,Very good performance. Focus on the few weak areas.
ADM-1252,Lilian Suleiman,Grade 4 A,Term 1,2026,Physical & Health Education,74,B+,12,Very good performance. Focus on the few weak areas.
ADM-1253,Martha Kimutai,Grade 4 A,Term 1,2026,English,55,C+,28,Steady progress. Do more revision.
ADM-1253,Martha Kimutai,Grade 4 A,Term 1,2026,Kiswahili,48,C-,30,Excellent work. Keep it up!
ADM-1253,Martha Kimutai,Grade 4 A,Term 1,2026,Mathematics,59,C+,28,Excellent work. Keep it up!
ADM-1253,Martha Kimutai,Grade 4 A,Term 1,2026,Science & Technology,53,C,27,Satisfactory. Needs consistent practice.
ADM-1253,Martha Kimutai,Grade 4 A,Term 1,2026,Social Studies,66,B,20,Satisfactory. Needs consistent practice.
ADM-1253,Martha Kimutai,Grade 4 A,Term 1,2026,Religious Education,58,C+,28,Satisfactory. Needs consistent practice.
ADM-1253,Martha Kimutai,Grade 4 A,Term 1,2026,Creative Arts,65,B,21,Satisfactory. Needs consistent practice.
ADM-1253,Martha Kimutai,Grade 4 A,Term 1,2026,Physical & Health Education,60,B-,27,Very good performance. Focus on the few weak areas.
ADM-1254,Kipchoge Kinyua,Grade 4 A,Term 1,2026,English,59,C+,26,Satisfactory. Needs consistent practice.
ADM-1254,Kipchoge Kinyua,Grade 4 A,Term 1,2026,Kiswahili,67,B,22,Excellent work. Keep it up!
ADM-1254,Kipchoge Kinyua,Grade 4 A,Term 1,2026,Mathematics,53,C,30,Excellent work. Keep it up!
ADM-1254,Kipchoge Kinyua,Grade 4 A,Term 1,2026,Science & Technology,55,C+,26,Excellent work. Keep it up!
ADM-1254,Kipchoge Kinyua,Grade 4 A,Term 1,2026,Social Studies,67,B,19,Excellent work. Keep it up!
ADM-1254,Kipchoge Kinyua,Grade 4 A,Term 1,2026,Religious Education,61,B-,26,Excellent work. Keep it up!
ADM-1254,Kipchoge Kinyua,Grade 4 A,Term 1,2026,Creative Arts,76,A-,10,Needs significant improvement. Revise earlier topics.
ADM-1254,Kipchoge Kinyua,Grade 4 A,Term 1,2026,Physical & Health Education,67,B,20,Very good performance. Focus on the few weak areas.
ADM-1255,Sophia Kithinji,Grade 4 A,Term 1,2026,English,71,B+,15,Satisfactory. Needs consistent practice.
ADM-1255,Sophia Kithinji,Grade 4 A,Term 1,2026,Kiswahili,63,B-,27,Excellent work. Keep it up!
ADM-1255,Sophia Kithinji,Grade 4 A,Term 1,2026,Mathematics,68,B,22,Average. Put more effort into homework.
ADM-1255,Sophia Kithinji,Grade 4 A,Term 1,2026,Science & Technology,ABS,ABS,,Absent for the examination.
ADM-1255,Sophia Kithinji,Grade 4 A,Term 1,2026,Social Studies,78,A-,12,Below average. Extra tuition recommended.
ADM-1255,Sophia Kithinji,Grade 4 A,Term 1,2026,Religious Education,72,B+,19,Excellent work. Keep it up!
ADM-1255,Sophia Kithinji,Grade 4 A,Term 1,2026,Creative Arts,57,C+,30,Excellent work. Keep it up!
ADM-1255,Sophia Kithinji,Grade 4 A,Term 1,2026,Physical & Health Education,77,A-,8,Shows understanding of key concepts.
ADM-1256,Lilian Ambani,Grade 4 A,Term 1,2026,English,54,C,29,Steady progress. Do more revision.
ADM-1256,Lilian Ambani,Grade 4 A,Term 1,2026,Kiswahili,43,D+,32,Careless mistakes in simple calculations. Slow down.
ADM-1256,Lilian Ambani,Grade 4 A,Term 1,2026,Mathematics,46,C-,31,Average. Put more effort into homework.
ADM-1256,Lilian Ambani,Grade 4 A,Term 1,2026,Science & Technology,35,D,31,Struggles with this subject. Seek remedial help.
ADM-1256,Lilian Ambani,Grade 4 A,Term 1,2026,Social Studies,35,D,32,Careless mistakes in simple calculations. Slow down.
ADM-1256,Lilian Ambani,Grade 4 A,Term 1,2026,Religious Education,44,D+,31,Homework not done regularly.
ADM-1256,Lilian Ambani,Grade 4 A,Term 1,2026,Creative Arts,59,C+,28,Satisfactory. Needs consistent practice.
ADM-1256,Lilian Ambani,Grade 4 A,Term 1,2026,Physical & Health Education,46,C-,32,Average. Put more effort into homework.
ADM-1257,Thomas Adan,Grade 4 A,Term 1,2026,English,63,B-,24,Excellent work. Keep it up!
ADM-1257,Thomas Adan,Grade 4 A,Term 1,2026,Kiswahili,64,B-,25,Excellent work. Keep it up!
ADM-1257,Thomas Adan,Grade 4 A,Term 1,2026,Mathematics,69,B,20,Excellent work. Keep it up!
ADM-1257,Thomas Adan,Grade 4 A,Term 1,2026,Science & Technology,44,D+,30,Struggles with this subject. Seek remedial help.
ADM-1257,Thomas Adan,Grade 4 A,Term 1,2026,Social Studies,58,C+,26,Average. Put more effort into homework.
ADM-1257,Thomas Adan,Grade 4 A,Term 1,2026,Religious Education,59,C+,27,Satisfactory. Needs consistent practice.
ADM-1257,Thomas Adan,Grade 4 A,Term 1,2026,Creative Arts,46,C-,32,Good effort. Can improve with more practice.
ADM-1257,Thomas Adan,Grade 4 A,Term 1,2026,Physical & Health Education,63,B-,24,Excellent work. Keep it up!
ADM-1258,Samuel Mugambi,Grade 4 A,Term 1,2026,English,42,D+,32,Struggles with this subject. Seek remedial help.
ADM-1258,Samuel Mugambi,Grade 4 A,Term 1,2026,Kiswahili,47,C-,31,Good effort. Can improve with more practice.
ADM-1258,Samuel Mugambi,Grade 4 A,Term 1,2026,Mathematics,69,B,21,Very good performance. Focus on the few weak areas.
ADM-1258,Samuel Mugambi,Grade 4 A,Term 1,2026,Science & Technology,63,B-,23,Average. Put more effort into homework.
ADM-1258,Samuel Mugambi,Grade 4 A,Term 1,2026,Social Studies,52,C,28,Satisfactory. Needs consistent practice.
ADM-1258,Samuel Mugambi,Grade 4 A,Term 1,2026,Religious Education,43,D+,32,Lacks interest; encourage reading at home.
ADM-1258,Samuel Mugambi,Grade 4 A,Term 1,2026,Creative Arts,58,C+,29,Satisfactory. Needs consistent practice.
ADM-1258,Samuel Mugambi,Grade 4 A,Term 1,2026,Physical & Health Education,59,C+,28,Steady progress. Do more revision.
ADM-1259,Lawrence Tianai,Grade 4 A,Term 1,2026,English,67,B,20,Good effort. Can improve with more practice.
ADM-1259,Lawrence Tianai,Grade 4 A,Term 1,2026,Kiswahili,82,A,9,Very good performance. Focus on the few weak areas.
ADM-1259,Lawrence Tianai,Grade 4 A,Term 1,2026,Mathematics,84,A,11,Shows understanding of key concepts.
ADM-1259,Lawrence Tianai,Grade 4 A,Term 1,2026,Science & Technology,73,B+,17,Very good performance. Focus on the few weak areas.
ADM-1259,Lawrence Tianai,Grade 4 A,Term 1,2026,Social Studies,76,A-,15,Good effort. Can improve with more practice.
ADM-1259,Lawrence Tianai,Grade 4 A,Term 1,2026,Religious Education,75,A-,15,Satisfactory. Needs consistent practice.
ADM-1259,Lawrence Tianai,Grade 4 A,Term 1,2026,Creative Arts,92,A,4,Below average. Extra tuition recommended.
ADM-1259,Lawrence Tianai,Grade 4 A,Term 1,2026,Physical & Health Education,70,B+,17,Satisfactory. Needs consistent practice.
ADM-1260,Gloria Omollo,Grade 4 A,Term 1,2026,English,77,A-,11,Excellent work. Keep it up!
ADM-1260,Gloria Omollo,Grade 4 A,Term 1,2026,Kiswahili,73,B+,17,Very good performance. Focus on the few weak areas.
ADM-1260,Gloria Omollo,Grade 4 A,Term 1,2026,Mathematics,86,A,9,Good effort. Can improve with more practice.
ADM-1260,Gloria Omollo,Grade 4 A,Term 1,2026,Science & Technology,75,A-,15,Below average. Extra tuition recommended.
ADM-1260,Gloria Omollo,Grade 4 A,Term 1,2026,Social Studies,80,A,10,Performs well under guidance. Keep practising.
ADM-1260,Gloria Omollo,Grade 4 A,Term 1,2026,Religious Education,77,A-,13,Steady progress. Do more revision.
ADM-1260,Gloria Omollo,Grade 4 A,Term 1,2026,Creative Arts,70,B+,16,Satisfactory. Needs consistent practice.
ADM-1260,Gloria Omollo,Grade 4 A,Term 1,2026,Physical & Health Education,61,B-,26,Good effort. Can improve with more practice.
ADM-1261,Vincent Suleiman,Grade 4 B,Term 1,2026,English,54,C,29,Good effort. Can improve with more practice.
ADM-1261,Vincent Suleiman,Grade 4 B,Term 1,2026,Kiswahili,34,D-,32,Lacks interest; encourage reading at home.
ADM-1261,Vincent Suleiman,Grade 4 B,Term 1,2026,Mathematics,43,D+,31,Repeated the topic without mastering basics. Revise.
ADM-1261,Vincent Suleiman,Grade 4 B,Term 1,2026,Science & Technology,44,D+,32,Low effort despite ability. Needs encouragement.
ADM-1261,Vincent Suleiman,Grade 4 B,Term 1,2026,Social Studies,53,C,30,Average. Put more effort into homework.
ADM-1261,Vincent Suleiman,Grade 4 B,Term 1,2026,Religious Education,54,C,29,Average. Put more effort into homework.
ADM-1261,Vincent Suleiman,Grade 4 B,Term 1,2026,Creative Arts,48,C-,32,Average. Put more effort into homework.
ADM-1261,Vincent Suleiman,Grade 4 B,Term 1,2026,Physical & Health Education,58,C+,26,Good effort. Can improve with more practice.
ADM-1262,Cynthia Kithinji,Grade 4 B,Term 1,2026,English,67,B,17,Good effort. Can improve with more practice.
ADM-1262,Cynthia Kithinji,Grade 4 B,Term 1,2026,Kiswahili,74,B+,13,Steady progress. Do more revision.
ADM-1262,Cynthia Kithinji,Grade 4 B,Term 1,2026,Mathematics,68,B,16,Excellent work. Keep it up!
ADM-1262,Cynthia Kithinji,Grade 4 B,Term 1,2026,Science & Technology,58,C+,25,Steady progress. Do more revision.
ADM-1262,Cynthia Kithinji,Grade 4 B,Term 1,2026,Social Studies,68,B,16,Steady progress. Do more revision.
ADM-1262,Cynthia Kithinji,Grade 4 B,Term 1,2026,Religious Education,70,B+,15,Very good performance. Focus on the few weak areas.
ADM-1262,Cynthia Kithinji,Grade 4 B,Term 1,2026,Creative Arts,56,C+,25,Steady progress. Do more revision.
ADM-1262,Cynthia Kithinji,Grade 4 B,Term 1,2026,Physical & Health Education,78,A-,7,Below average. Extra tuition recommended.
ADM-1263,Sharon Kariuki,Grade 4 B,Term 1,2026,English,66,B,21,Excellent work. Keep it up!
ADM-1263,Sharon Kariuki,Grade 4 B,Term 1,2026,Kiswahili,74,B+,14,Steady progress. Do more revision.
ADM-1263,Sharon Kariuki,Grade 4 B,Term 1,2026,Mathematics,66,B,19,Good effort. Can improve with more practice.
ADM-1263,Sharon Kariuki,Grade 4 B,Term 1,2026,Science & Technology,64,B-,18,Good effort. Can improve with more practice.
ADM-1263,Sharon Kariuki,Grade 4 B,Term 1,2026,Social Studies,80,A,3,Excellent work. Keep it up!
ADM-1263,Sharon Kariuki,Grade 4 B,Term 1,2026,Religious Education,69,B,17,Steady progress. Do more revision.
ADM-1263,Sharon Kariuki,Grade 4 B,Term 1,2026,Creative Arts,76,A-,8,Satisfactory. Needs consistent practice.
ADM-1263,Sharon Kariuki,Grade 4 B,Term 1,2026,Physical & Health Education,67,B,16,Average. Put more effort into homework.
ADM-1264,Peninah Kimeu,Grade 4 B,Term 1,2026,English,71,B+,11,Satisfactory. Needs consistent practice.
ADM-1264,Peninah Kimeu,Grade 4 B,Term 1,2026,Kiswahili,81,A,7,Needs significant improvement. Revise earlier topics.
ADM-1264,Peninah Kimeu,Grade 4 B,Term 1,2026,Mathematics,83,A,2,Needs significant improvement. Revise earlier topics.
ADM-1264,Peninah Kimeu,Grade 4 B,Term 1,2026,Science & Technology,76,A-,8,Good effort. Can improve with more practice.
ADM-1264,Peninah Kimeu,Grade 4 B,Term 1,2026,Social Studies,53,C,31,Satisfactory. Needs consistent practice.
ADM-1264,Peninah Kimeu,Grade 4 B,Term 1,2026,Religious Education,63,B-,21,Steady progress. Do more revision.
ADM-1264,Peninah Kimeu,Grade 4 B,Term 1,2026,Creative Arts,70,B+,14,Excellent work. Keep it up!
ADM-1264,Peninah Kimeu,Grade 4 B,Term 1,2026,Physical & Health Education,72,B+,12,Satisfactory. Needs consistent practice.
ADM-1265,Magdalene Kaelo,Grade 4 B,Term 1,2026,English,54,C,30,Very good performance. Focus on the few weak areas.
ADM-1265,Magdalene Kaelo,Grade 4 B,Term 1,2026,Kiswahili,86,A,4,Steady progress. Do more revision.
ADM-1265,Magdalene Kaelo,Grade 4 B,Term 1,2026,Mathematics,71,B+,10,Excellent work. Keep it up!
ADM-1265,Magdalene Kaelo,Grade 4 B,Term 1,2026,Science & Technology,72,B+,11,Good effort. Can improve with more practice.
ADM-1265,Magdalene Kaelo,Grade 4 B,Term 1,2026,Social Studies,65,B,20,Steady progress. Do more revision.
ADM-1265,Magdalene Kaelo,Grade 4 B,Term 1,2026,Religious Education,63,B-,22,Good effort. Can improve with more practice.
ADM-1265,Magdalene Kaelo,Grade 4 B,Term 1,2026,Creative Arts,73,B+,9,Average. Put more effort into homework.
ADM-1265,Magdalene Kaelo,Grade 4 B,Term 1,2026,Physical & Health Education,74,B+,10,Satisfactory. Needs consistent practice.
ADM-1266,Kipchoge Wamalwa,Grade 4 B,Term 1,2026,English,68,B,15,Average. Put more effort into homework.
ADM-1266,Kipchoge Wamalwa,Grade 4 B,Term 1,2026,Kiswahili,64,B-,19,Excellent work. Keep it up!
ADM-1266,Kipchoge Wamalwa,Grade 4 B,Term 1,2026,Mathematics,69,B,13,Excellent work. Keep it up!
ADM-1266,Kipchoge Wamalwa,Grade 4 B,Term 1,2026,Science & Technology,63,B-,20,Satisfactory. Needs consistent practice.
ADM-1266,Kipchoge Wamalwa,Grade 4 B,Term 1,2026,Social Studies,68,B,17,Very good performance. Focus on the few weak areas.
ADM-1266,Kipchoge Wamalwa,Grade 4 B,Term 1,2026,Religious Education,79,A-,6,Shows understanding of key concepts.
ADM-1266,Kipchoge Wamalwa,Grade 4 B,Term 1,2026,Creative Arts,58,C+,23,Excellent work. Keep it up!
ADM-1266,Kipchoge Wamalwa,Grade 4 B,Term 1,2026,Physical & Health Education,60,B-,25,Satisfactory. Needs consistent practice.
ADM-1267,Charles Hassan,Grade 4 B,Term 1,2026,English,55,C+,28,Satisfactory. Needs consistent practice.
ADM-1267,Charles Hassan,Grade 4 B,Term 1,2026,Kiswahili,52,C,29,Steady progress. Do more revision.
ADM-1267,Charles Hassan,Grade 4 B,Term 1,2026,Mathematics,59,C+,25,Good effort. Can improve with more practice.
ADM-1267,Charles Hassan,Grade 4 B,Term 1,2026,Science & Technology,65,B,17,Average. Put more effort into homework.
ADM-1267,Charles Hassan,Grade 4 B,Term 1,2026,Social Studies,55,C+,27,Satisfactory. Needs consistent practice.
ADM-1267,Charles Hassan,Grade 4 B,Term 1,2026,Religious Education,69,B,18,Steady progress. Do more revision.
ADM-1267,Charles Hassan,Grade 4 B,Term 1,2026,Creative Arts,64,B-,17,Excellent work. Keep it up!
ADM-1267,Charles Hassan,Grade 4 B,Term 1,2026,Physical & Health Education,75,A-,9,Very good performance. Focus on the few weak areas.
ADM-1268,Sarah Maina,Grade 4 B,Term 1,2026,English,59,C+,26,Average. Put more effort into homework.
ADM-1268,Sarah Maina,Grade 4 B,Term 1,2026,Kiswahili,59,C+,24,Excellent work. Keep it up!
ADM-1268,Sarah Maina,Grade 4 B,Term 1,2026,Mathematics,67,B,17,Steady progress. Do more revision.
ADM-1268,Sarah Maina,Grade 4 B,Term 1,2026,Science & Technology,60,B-,24,Average. Put more effort into homework.
ADM-1268,Sarah Maina,Grade 4 B,Term 1,2026,Social Studies,60,B-,23,Very good performance. Focus on the few weak areas.
ADM-1268,Sarah Maina,Grade 4 B,Term 1,2026,Religious Education,51,C,30,Excellent work. Keep it up!
ADM-1268,Sarah Maina,Grade 4 B,Term 1,2026,Creative Arts,64,B-,18,Very good performance. Focus on the few weak areas.
ADM-1268,Sarah Maina,Grade 4 B,Term 1,2026,Physical & Health Education,56,C+,28,Satisfactory. Needs consistent practice.
ADM-1269,Doreen Kariuki,Grade 4 B,Term 1,2026,English,76,A-,5,Performs well under guidance. Keep practising.
ADM-1269,Doreen Kariuki,Grade 4 B,Term 1,2026,Kiswahili,73,B+,15,Satisfactory. Needs consistent practice.
ADM-1269,Doreen Kariuki,Grade 4 B,Term 1,2026,Mathematics,58,C+,27,Good effort. Can improve with more practice.
ADM-1269,Doreen Kariuki,Grade 4 B,Term 1,2026,Science & Technology,68,B,15,Excellent work. Keep it up!
ADM-1269,Doreen Kariuki,Grade 4 B,Term 1,2026,Social Studies,71,B+,10,Good effort. Can improve with more practice.
ADM-1269,Doreen Kariuki,Grade 4 B,Term 1,2026,Religious Education,69,B,19,Steady progress. Do more revision.
ADM-1269,Doreen Kariuki,Grade 4 B,Term 1,2026,Creative Arts,77,A-,7,Average. Put more effort into homework.
ADM-1269,Doreen Kariuki,Grade 4 B,Term 1,2026,Physical & Health Education,51,C,30,Very good performance. Focus on the few weak areas.
ADM-1270,Moses Kimutai,Grade 4 B,Term 1,2026,English,71,B+,12,Steady progress. Do more revision.
ADM-1270,Moses Kimutai,Grade 4 B,Term 1,2026,Kiswahili,71,B+,16,Good effort. Can improve with more practice.
ADM-1270,Moses Kimutai,Grade 4 B,Term 1,2026,Mathematics,70,B+,11,Very good performance. Focus on the few weak areas.
ADM-1270,Moses Kimutai,Grade 4 B,Term 1,2026,Science & Technology,83,A,4,Performs well under guidance. Keep practising.
ADM-1270,Moses Kimutai,Grade 4 B,Term 1,2026,Social Studies,68,B,18,Steady progress. Do more revision.
ADM-1270,Moses Kimutai,Grade 4 B,Term 1,2026,Religious Education,79,A-,7,Below average. Extra tuition recommended.
ADM-1270,Moses Kimutai,Grade 4 B,Term 1,2026,Creative Arts,73,B+,10,Excellent work. Keep it up!
ADM-1270,Moses Kimutai,Grade 4 B,Term 1,2026,Physical & Health Education,65,B,20,Steady progress. Do more revision.
ADM-1271,Charity Chepkirui,Grade 4 B,Term 1,2026,English,100,A,1,Satisfactory. Needs consistent practice.
ADM-1271,Charity Chepkirui,Grade 4 B,Term 1,2026,Kiswahili,92,A,1,Below average. Extra tuition recommended.
ADM-1271,Charity Chepkirui,Grade 4 B,Term 1,2026,Mathematics,82,A,3,Needs significant improvement. Revise earlier topics.
ADM-1271,Charity Chepkirui,Grade 4 B,Term 1,2026,Science & Technology,100,A,1,Average. Put more effort into homework.
ADM-1271,Charity Chepkirui,Grade 4 B,Term 1,2026,Social Studies,98,A,1,Average. Put more effort into homework.
ADM-1271,Charity Chepkirui,Grade 4 B,Term 1,2026,Religious Education,87,A,2,Average. Put more effort into homework.
ADM-1271,Charity Chepkirui,Grade 4 B,Term 1,2026,Creative Arts,95,A,1,Needs significant improvement. Revise earlier topics.
ADM-1271,Charity Chepkirui,Grade 4 B,Term 1,2026,Physical & Health Education,89,A,3,Very good performance. Focus on the few weak areas.
ADM-1272,Catherine Mbithi,Grade 4 B,Term 1,2026,English,70,B+,13,Satisfactory. Needs consistent practice.
ADM-1272,Catherine Mbithi,Grade 4 B,Term 1,2026,Kiswahili,75,A-,12,Excellent work. Keep it up!
ADM-1272,Catherine Mbithi,Grade 4 B,Term 1,2026,Mathematics,85,A,1,Very good performance. Focus on the few weak areas.
ADM-1272,Catherine Mbithi,Grade 4 B,Term 1,2026,Science & Technology,71,B+,12,Steady progress. Do more revision.
ADM-1272,Catherine Mbithi,Grade 4 B,Term 1,2026,Social Studies,70,B+,13,Steady progress. Do more revision.
ADM-1272,Catherine Mbithi,Grade 4 B,Term 1,2026,Religious Education,81,A,5,Steady progress. Do more revision.
ADM-1272,Catherine Mbithi,Grade 4 B,Term 1,2026,Creative Arts,55,C+,26,Good effort. Can improve with more practice.
ADM-1272,Catherine Mbithi,Grade 4 B,Term 1,2026,Physical & Health Education,63,B-,22,Average. Put more effort into homework.
ADM-1273,Kiplangat Oduor,Grade 4 B,Term 1,2026,English,76,A-,6,Steady progress. Do more revision.
ADM-1273,Kiplangat Oduor,Grade 4 B,Term 1,2026,Kiswahili,77,A-,9,Steady progress. Do more revision.
ADM-1273,Kiplangat Oduor,Grade 4 B,Term 1,2026,Mathematics,73,B+,9,Satisfactory. Needs consistent practice.
ADM-1273,Kiplangat Oduor,Grade 4 B,Term 1,2026,Science & Technology,69,B,14,Good effort. Can improve with more practice.
ADM-1273,Kiplangat Oduor,Grade 4 B,Term 1,2026,Social Studies,67,B,19,Excellent work. Keep it up!
ADM-1273,Kiplangat Oduor,Grade 4 B,Term 1,2026,Religious Education,63,B-,23,Average. Put more effort into homework.
ADM-1273,Kiplangat Oduor,Grade 4 B,Term 1,2026,Creative Arts,78,A-,5,Shows understanding of key concepts.
ADM-1273,Kiplangat Oduor,Grade 4 B,Term 1,2026,Physical & Health Education,72,B+,13,Satisfactory. Needs consistent practice.
ADM-1274,Zipporah Kigen,Grade 4 B,Term 1,2026,English,60,B-,25,Satisfactory. Needs consistent practice.
ADM-1274,Zipporah Kigen,Grade 4 B,Term 1,2026,Kiswahili,44,D+,31,Concept grasp is weak; repeat class exercises.
ADM-1274,Zipporah Kigen,Grade 4 B,Term 1,2026,Mathematics,39,D,32,Homework not done regularly.
ADM-1274,Zipporah Kigen,Grade 4 B,Term 1,2026,Science & Technology,61,B-,23,Very good performance. Focus on the few weak areas.
ADM-1274,Zipporah Kigen,Grade 4 B,Term 1,2026,Social Studies,62,B-,22,Steady progress. Do more revision.
ADM-1274,Zipporah Kigen,Grade 4 B,Term 1,2026,Religious Education,49,C-,31,Satisfactory. Needs consistent practice.
ADM-1274,Zipporah Kigen,Grade 4 B,Term 1,2026,Creative Arts,49,C-,31,Steady progress. Do more revision.
ADM-1274,Zipporah Kigen,Grade 4 B,Term 1,2026,Physical & Health Education,64,B-,21,Steady progress. Do more revision.
ADM-1275,Florence Obiero,Grade 4 B,Term 1,2026,English,56,C+,27,Very good performance. Focus on the few weak areas.
ADM-1275,Florence Obiero,Grade 4 B,Term 1,2026,Kiswahili,55,C+,26,Very good performance. Focus on the few weak areas.
ADM-1275,Florence Obiero,Grade 4 B,Term 1,2026,Mathematics,69,B,14,Satisfactory. Needs consistent practice.
ADM-1275,Florence Obiero,Grade 4 B,Term 1,2026,Science & Technology,83,A,5,Good effort. Can improve with more practice.
ADM-1275,Florence Obiero,Grade 4 B,Term 1,2026,Social Studies,70,B+,14,Satisfactory. Needs consistent practice.
ADM-1275,Florence Obiero,Grade 4 B,Term 1,2026,Religious Education,72,B+,13,Steady progress. Do more revision.
ADM-1275,Florence Obiero,Grade 4 B,Term 1,2026,Creative Arts,61,B-,21,Very good performance. Focus on the few weak areas.
ADM-1275,Florence Obiero,Grade 4 B,Term 1,2026,Physical & Health Education,73,B+,11,Satisfactory. Needs consistent practice.
ADM-1276,Rachael Githinji,Grade 4 B,Term 1,2026,English,74,B+,9,Average. Put more effort into homework.
ADM-1276,Rachael Githinji,Grade 4 B,Term 1,2026,Kiswahili,54,C,27,Very good performance. Focus on the few weak areas.
ADM-1276,Rachael Githinji,Grade 4 B,Term 1,2026,Mathematics,65,B,21,Excellent work. Keep it up!
ADM-1276,Rachael Githinji,Grade 4 B,Term 1,2026,Science & Technology,53,C,30,Very good performance. Focus on the few weak areas.
ADM-1276,Rachael Githinji,Grade 4 B,Term 1,2026,Social Studies,74,B+,6,Excellent work. Keep it up!
ADM-1276,Rachael Githinji,Grade 4 B,Term 1,2026,Religious Education,78,A-,8,Excellent work. Keep it up!
ADM-1276,Rachael Githinji,Grade 4 B,Term 1,2026,Creative Arts,72,B+,11,Excellent work. Keep it up!
ADM-1276,Rachael Githinji,Grade 4 B,Term 1,2026,Physical & Health Education,69,B,15,Average. Put more effort into homework.
ADM-1277,Anthony Njoroge,Grade 4 B,Term 1,2026,English,76,A-,7,Performs well under guidance. Keep practising.
ADM-1277,Anthony Njoroge,Grade 4 B,Term 1,2026,Kiswahili,63,B-,20,Very good performance. Focus on the few weak areas.
ADM-1277,Anthony Njoroge,Grade 4 B,Term 1,2026,Mathematics,70,B+,12,Excellent work. Keep it up!
ADM-1277,Anthony Njoroge,Grade 4 B,Term 1,2026,Science & Technology,63,B-,21,Steady progress. Do more revision.
ADM-1277,Anthony Njoroge,Grade 4 B,Term 1,2026,Social Studies,73,B+,7,Satisfactory. Needs consistent practice.
ADM-1277,Anthony Njoroge,Grade 4 B,Term 1,2026,Religious Education,57,C+,26,Satisfactory. Needs consistent practice.
ADM-1277,Anthony Njoroge,Grade 4 B,Term 1,2026,Creative Arts,52,C,29,Very good performance. Focus on the few weak areas.
ADM-1277,Anthony Njoroge,Grade 4 B,Term 1,2026,Physical & Health Education,67,B,17,Very good performance. Focus on the few weak areas.
ADM-1278,Mark Pekeri,Grade 4 B,Term 1,2026,English,63,B-,23,Steady progress. Do more revision.
ADM-1278,Mark Pekeri,Grade 4 B,Term 1,2026,Kiswahili,67,B,18,Very good performance. Focus on the few weak areas.
ADM-1278,Mark Pekeri,Grade 4 B,Term 1,2026,Mathematics,59,C+,26,Good effort. Can improve with more practice.
ADM-1278,Mark Pekeri,Grade 4 B,Term 1,2026,Science & Technology,64,B-,19,Satisfactory. Needs consistent practice.
ADM-1278,Mark Pekeri,Grade 4 B,Term 1,2026,Social Studies,55,C+,28,Good effort. Can improve with more practice.
ADM-1278,Mark Pekeri,Grade 4 B,Term 1,2026,Religious Education,64,B-,20,Excellent work. Keep it up!
ADM-1278,Mark Pekeri,Grade 4 B,Term 1,2026,Creative Arts,69,B,16,Average. Put more effort into homework.
ADM-1278,Mark Pekeri,Grade 4 B,Term 1,2026,Physical & Health Education,66,B,18,Very good performance. Focus on the few weak areas.
ADM-1279,Joyce Lugalia,Grade 4 B,Term 1,2026,English,45,C-,32,Satisfactory. Needs consistent practice.
ADM-1279,Joyce Lugalia,Grade 4 B,Term 1,2026,Kiswahili,61,B-,22,Excellent work. Keep it up!
ADM-1279,Joyce Lugalia,Grade 4 B,Term 1,2026,Mathematics,51,C,30,Average. Put more effort into homework.
ADM-1279,Joyce Lugalia,Grade 4 B,Term 1,2026,Science & Technology,49,C-,31,Good effort. Can improve with more practice.
ADM-1279,Joyce Lugalia,Grade 4 B,Term 1,2026,Social Studies,69,B,15,Steady progress. Do more revision.
ADM-1279,Joyce Lugalia,Grade 4 B,Term 1,2026,Religious Education,57,C+,27,Very good performance. Focus on the few weak areas.
ADM-1279,Joyce Lugalia,Grade 4 B,Term 1,2026,Creative Arts,61,B-,22,Steady progress. Do more revision.
ADM-1279,Joyce Lugalia,Grade 4 B,Term 1,2026,Physical & Health Education,51,C,31,Steady progress. Do more revision.
ADM-1280,Samuel Nandwa,Grade 4 B,Term 1,2026,English,68,B,16,Excellent work. Keep it up!
ADM-1280,Samuel Nandwa,Grade 4 B,Term 1,2026,Kiswahili,51,C,30,Very good performance. Focus on the few weak areas.
ADM-1280,Samuel Nandwa,Grade 4 B,Term 1,2026,Mathematics,61,B-,23,Excellent work. Keep it up!
ADM-1280,Samuel Nandwa,Grade 4 B,Term 1,2026,Science & Technology,54,C,28,Very good performance. Focus on the few weak areas.
ADM-1280,Samuel Nandwa,Grade 4 B,Term 1,2026,Social Studies,50,C,32,Satisfactory. Needs consistent practice.
ADM-1280,Samuel Nandwa,Grade 4 B,Term 1,2026,Religious Education,47,C-,32,Good effort. Can improve with more practice.
ADM-1280,Samuel Nandwa,Grade 4 B,Term 1,2026,Creative Arts,51,C,30,Average. Put more effort into homework.
ADM-1280,Samuel Nandwa,Grade 4 B,Term 1,2026,Physical & Health Education,44,D+,32,Low effort despite ability. Needs encouragement.
ADM-1281,Collins Kipchumba,Grade 4 B,Term 1,2026,English,70,B+,14,Average. Put more effort into homework.
ADM-1281,Collins Kipchumba,Grade 4 B,Term 1,2026,Kiswahili,84,A,6,Shows understanding of key concepts.
ADM-1281,Collins Kipchumba,Grade 4 B,Term 1,2026,Mathematics,64,B-,22,Good effort. Can improve with more practice.
ADM-1281,Collins Kipchumba,Grade 4 B,Term 1,2026,Science & Technology,68,B,16,Excellent work. Keep it up!
ADM-1281,Collins Kipchumba,Grade 4 B,Term 1,2026,Social Studies,63,B-,21,Excellent work. Keep it up!
ADM-1281,Collins Kipchumba,Grade 4 B,Term 1,2026,Religious Education,73,B+,12,Steady progress. Do more revision.
ADM-1281,Collins Kipchumba,Grade 4 B,Term 1,2026,Creative Arts,58,C+,24,Steady progress. Do more revision.
ADM-1281,Collins Kipchumba,Grade 4 B,Term 1,2026,Physical & Health Education,78,A-,8,Average. Put more effort into homework.
ADM-1282,Timothy Chebet,Grade 4 B,Term 1,2026,English,81,A,2,Good effort. Can improve with more practice.
ADM-1282,Timothy Chebet,Grade 4 B,Term 1,2026,Kiswahili,92,A,2,Satisfactory. Needs consistent practice.
ADM-1282,Timothy Chebet,Grade 4 B,Term 1,2026,Mathematics,79,A-,5,Performs well under guidance. Keep practising.
ADM-1282,Timothy Chebet,Grade 4 B,Term 1,2026,Science & Technology,100,A,2,Satisfactory. Needs consistent practice.
ADM-1282,Timothy Chebet,Grade 4 B,Term 1,2026,Social Studies,80,A,4,Below average. Extra tuition recommended.
ADM-1282,Timothy Chebet,Grade 4 B,Term 1,2026,Religious Education,84,A,3,Steady progress. Do more revision.
ADM-1282,Timothy Chebet,Grade 4 B,Term 1,2026,Creative Arts,79,A-,4,Excellent work. Keep it up!
ADM-1282,Timothy Chebet,Grade 4 B,Term 1,2026,Physical & Health Education,91,A,2,Performs well under guidance. Keep practising.
ADM-1283,Timothy Kamau,Grade 4 B,Term 1,2026,English,81,A,3,Performs well under guidance. Keep practising.
ADM-1283,Timothy Kamau,Grade 4 B,Term 1,2026,Kiswahili,85,A,5,Shows understanding of key concepts.
ADM-1283,Timothy Kamau,Grade 4 B,Term 1,2026,Mathematics,74,B+,8,Satisfactory. Needs consistent practice.
ADM-1283,Timothy Kamau,Grade 4 B,Term 1,2026,Science & Technology,88,A,3,Satisfactory. Needs consistent practice.
ADM-1283,Timothy Kamau,Grade 4 B,Term 1,2026,Social Studies,95,A,2,Average. Put more effort into homework.
ADM-1283,Timothy Kamau,Grade 4 B,Term 1,2026,Religious Education,88,A,1,Satisfactory. Needs consistent practice.
ADM-1283,Timothy Kamau,Grade 4 B,Term 1,2026,Creative Arts,70,B+,15,Average. Put more effort into homework.
ADM-1283,Timothy Kamau,Grade 4 B,Term 1,2026,Physical & Health Education,94,A,1,Needs significant improvement. Revise earlier topics.
ADM-1284,Caleb Kamau,Grade 4 B,Term 1,2026,English,67,B,18,Good effort. Can improve with more practice.
ADM-1284,Caleb Kamau,Grade 4 B,Term 1,2026,Kiswahili,60,B-,23,Steady progress. Do more revision.
ADM-1284,Caleb Kamau,Grade 4 B,Term 1,2026,Mathematics,66,B,20,Very good performance. Focus on the few weak areas.
ADM-1284,Caleb Kamau,Grade 4 B,Term 1,2026,Science & Technology,56,C+,27,Very good performance. Focus on the few weak areas.
ADM-1284,Caleb Kamau,Grade 4 B,Term 1,2026,Social Studies,60,B-,24,Average. Put more effort into homework.
ADM-1284,Caleb Kamau,Grade 4 B,Term 1,2026,Religious Education,63,B-,24,Good effort. Can improve with more practice.
ADM-1284,Caleb Kamau,Grade 4 B,Term 1,2026,Creative Arts,53,C,28,Steady progress. Do more revision.
ADM-1284,Caleb Kamau,Grade 4 B,Term 1,2026,Physical & Health Education,66,B,19,Good effort. Can improve with more practice.
ADM-1285,Tabitha Oluoch,Grade 4 B,Term 1,2026,English,61,B-,24,Average. Put more effort into homework.
ADM-1285,Tabitha Oluoch,Grade 4 B,Term 1,2026,Kiswahili,69,B,17,Steady progress. Do more revision.
ADM-1285,Tabitha Oluoch,Grade 4 B,Term 1,2026,Mathematics,78,A-,6,Average. Put more effort into homework.
ADM-1285,Tabitha Oluoch,Grade 4 B,Term 1,2026,Science & Technology,79,A-,6,Average. Put more effort into homework.
ADM-1285,Tabitha Oluoch,Grade 4 B,Term 1,2026,Social Studies,72,B+,9,Satisfactory. Needs consistent practice.
ADM-1285,Tabitha Oluoch,Grade 4 B,Term 1,2026,Religious Education,70,B+,16,Very good performance. Focus on the few weak areas.
ADM-1285,Tabitha Oluoch,Grade 4 B,Term 1,2026,Creative Arts,85,A,3,Excellent work. Keep it up!
ADM-1285,Tabitha Oluoch,Grade 4 B,Term 1,2026,Physical & Health Education,63,B-,23,Satisfactory. Needs consistent practice.
ADM-1286,Kipchoge Anyango,Grade 4 B,Term 1,2026,English,66,B,22,Steady progress. Do more revision.
ADM-1286,Kipchoge Anyango,Grade 4 B,Term 1,2026,Kiswahili,77,A-,10,Average. Put more effort into homework.
ADM-1286,Kipchoge Anyango,Grade 4 B,Term 1,2026,Mathematics,61,B-,24,Excellent work. Keep it up!
ADM-1286,Kipchoge Anyango,Grade 4 B,Term 1,2026,Science & Technology,73,B+,10,Satisfactory. Needs consistent practice.
ADM-1286,Kipchoge Anyango,Grade 4 B,Term 1,2026,Social Studies,71,B+,11,Average. Put more effort into homework.
ADM-1286,Kipchoge Anyango,Grade 4 B,Term 1,2026,Religious Education,60,B-,25,Excellent work. Keep it up!
ADM-1286,Kipchoge Anyango,Grade 4 B,Term 1,2026,Creative Arts,62,B-,19,Satisfactory. Needs consistent practice.
ADM-1286,Kipchoge Anyango,Grade 4 B,Term 1,2026,Physical & Health Education,82,A,6,Good effort. Can improve with more practice.
ADM-1287,Zachary Namukuru,Grade 4 B,Term 1,2026,English,67,B,19,Good effort. Can improve with more practice.
ADM-1287,Zachary Namukuru,Grade 4 B,Term 1,2026,Kiswahili,62,B-,21,Excellent work. Keep it up!
ADM-1287,Zachary Namukuru,Grade 4 B,Term 1,2026,Mathematics,67,B,18,Very good performance. Focus on the few weak areas.
ADM-1287,Zachary Namukuru,Grade 4 B,Term 1,2026,Science & Technology,70,B+,13,Excellent work. Keep it up!
ADM-1287,Zachary Namukuru,Grade 4 B,Term 1,2026,Social Studies,75,A-,5,Satisfactory. Needs consistent practice.
ADM-1287,Zachary Namukuru,Grade 4 B,Term 1,2026,Religious Education,83,A,4,Satisfactory. Needs consistent practice.
ADM-1287,Zachary Namukuru,Grade 4 B,Term 1,2026,Creative Arts,71,B+,12,Satisfactory. Needs consistent practice.
ADM-1287,Zachary Namukuru,Grade 4 B,Term 1,2026,Physical & Health Education,85,A,5,Good effort. Can improve with more practice.
ADM-1288,Caleb Wanjala,Grade 4 B,Term 1,2026,English,52,C,31,Excellent work. Keep it up!
ADM-1288,Caleb Wanjala,Grade 4 B,Term 1,2026,Kiswahili,57,C+,25,Average. Put more effort into homework.
ADM-1288,Caleb Wanjala,Grade 4 B,Term 1,2026,Mathematics,52,C,29,Steady progress. Do more revision.
ADM-1288,Caleb Wanjala,Grade 4 B,Term 1,2026,Science & Technology,54,C,29,Very good performance. Focus on the few weak areas.
ADM-1288,Caleb Wanjala,Grade 4 B,Term 1,2026,Social Studies,60,B-,25,Good effort. Can improve with more practice.
ADM-1288,Caleb Wanjala,Grade 4 B,Term 1,2026,Religious Education,75,A-,11,Needs significant improvement. Revise earlier topics.
ADM-1288,Caleb Wanjala,Grade 4 B,Term 1,2026,Creative Arts,62,B-,20,Very good performance. Focus on the few weak areas.
ADM-1288,Caleb Wanjala,Grade 4 B,Term 1,2026,Physical & Health Education,53,C,29,Steady progress. Do more revision.
ADM-1289,Hellen Odhiambo,Grade 4 B,Term 1,2026,English,80,A,4,Satisfactory. Needs consistent practice.
ADM-1289,Hellen Odhiambo,Grade 4 B,Term 1,2026,Kiswahili,54,C,28,Very good performance. Focus on the few weak areas.
ADM-1289,Hellen Odhiambo,Grade 4 B,Term 1,2026,Mathematics,53,C,28,Average. Put more effort into homework.
ADM-1289,Hellen Odhiambo,Grade 4 B,Term 1,2026,Science & Technology,62,B-,22,Average. Put more effort into homework.
ADM-1289,Hellen Odhiambo,Grade 4 B,Term 1,2026,Social Studies,59,C+,26,Satisfactory. Needs consistent practice.
ADM-1289,Hellen Odhiambo,Grade 4 B,Term 1,2026,Religious Education,57,C+,28,Very good performance. Focus on the few weak areas.
ADM-1289,Hellen Odhiambo,Grade 4 B,Term 1,2026,Creative Arts,54,C,27,Excellent work. Keep it up!
ADM-1289,Hellen Odhiambo,Grade 4 B,Term 1,2026,Physical & Health Education,61,B-,24,Average. Put more effort into homework.
ADM-1290,Moses Omollo,Grade 4 B,Term 1,2026,English,74,B+,10,Average. Put more effort into homework.
ADM-1290,Moses Omollo,Grade 4 B,Term 1,2026,Kiswahili,81,A,8,Good effort. Can improve with more practice.
ADM-1290,Moses Omollo,Grade 4 B,Term 1,2026,Mathematics,81,A,4,Excellent work. Keep it up!
ADM-1290,Moses Omollo,Grade 4 B,Term 1,2026,Science & Technology,57,C+,26,Good effort. Can improve with more practice.
ADM-1290,Moses Omollo,Grade 4 B,Term 1,2026,Social Studies,54,C,29,Satisfactory. Needs consistent practice.
ADM-1290,Moses Omollo,Grade 4 B,Term 1,2026,Religious Education,77,A-,9,Shows understanding of key concepts.
ADM-1290,Moses Omollo,Grade 4 B,Term 1,2026,Creative Arts,71,B+,13,Excellent work. Keep it up!
ADM-1290,Moses Omollo,Grade 4 B,Term 1,2026,Physical & Health Education,58,C+,27,Average. Put more effort into homework.
ADM-1291,Dorcas Ruto,Grade 4 B,Term 1,2026,English,75,A-,8,Good effort. Can improve with more practice.
ADM-1291,Dorcas Ruto,Grade 4 B,Term 1,2026,Kiswahili,77,A-,11,Satisfactory. Needs consistent practice.
ADM-1291,Dorcas Ruto,Grade 4 B,Term 1,2026,Mathematics,76,A-,7,Satisfactory. Needs consistent practice.
ADM-1291,Dorcas Ruto,Grade 4 B,Term 1,2026,Science & Technology,78,A-,7,Excellent work. Keep it up!
ADM-1291,Dorcas Ruto,Grade 4 B,Term 1,2026,Social Studies,73,B+,8,Very good performance. Focus on the few weak areas.
ADM-1291,Dorcas Ruto,Grade 4 B,Term 1,2026,Religious Education,76,A-,10,Below average. Extra tuition recommended.
ADM-1291,Dorcas Ruto,Grade 4 B,Term 1,2026,Creative Arts,78,A-,6,Satisfactory. Needs consistent practice.
ADM-1291,Dorcas Ruto,Grade 4 B,Term 1,2026,Physical & Health Education,70,B+,14,Very good performance. Focus on the few weak areas.
ADM-1292,Dorcas Suleiman,Grade 4 B,Term 1,2026,English,67,B,20,Average. Put more effort into homework.
ADM-1292,Dorcas Suleiman,Grade 4 B,Term 1,2026,Kiswahili,92,A,3,Very good performance. Focus on the few weak areas.
ADM-1292,Dorcas Suleiman,Grade 4 B,Term 1,2026,Mathematics,69,B,15,Very good performance. Focus on the few weak areas.
ADM-1292,Dorcas Suleiman,Grade 4 B,Term 1,2026,Science & Technology,74,B+,9,Satisfactory. Needs consistent practice.
ADM-1292,Dorcas Suleiman,Grade 4 B,Term 1,2026,Social Studies,71,B+,12,Steady progress. Do more revision.
ADM-1292,Dorcas Suleiman,Grade 4 B,Term 1,2026,Religious Education,71,B+,14,Satisfactory. Needs consistent practice.
ADM-1292,Dorcas Suleiman,Grade 4 B,Term 1,2026,Creative Arts,90,A,2,Average. Put more effort into homework.
ADM-1292,Dorcas Suleiman,Grade 4 B,Term 1,2026,Physical & Health Education,87,A,4,Needs significant improvement. Revise earlier topics.
ADM-1293,Vincent Makokha,Grade 5 A,Term 1,2026,English,63,B-,22,Very good performance. Focus on the few weak areas.
ADM-1293,Vincent Makokha,Grade 5 A,Term 1,2026,Kiswahili,70,B+,17,Very good performance. Focus on the few weak areas.
ADM-1293,Vincent Makokha,Grade 5 A,Term 1,2026,Mathematics,74,B+,9,Very good performance. Focus on the few weak areas.
ADM-1293,Vincent Makokha,Grade 5 A,Term 1,2026,Science & Technology,53,C,30,Satisfactory. Needs consistent practice.
ADM-1293,Vincent Makokha,Grade 5 A,Term 1,2026,Social Studies,60,B-,26,Steady progress. Do more revision.
ADM-1293,Vincent Makokha,Grade 5 A,Term 1,2026,Religious Education,47,C-,31,Very good performance. Focus on the few weak areas.
ADM-1293,Vincent Makokha,Grade 5 A,Term 1,2026,Creative Arts,75,A-,10,Performs well under guidance. Keep practising.
ADM-1293,Vincent Makokha,Grade 5 A,Term 1,2026,Physical & Health Education,52,C,31,Very good performance. Focus on the few weak areas.
ADM-1294,Edna Juma,Grade 5 A,Term 1,2026,English,58,C+,27,Average. Put more effort into homework.
ADM-1294,Edna Juma,Grade 5 A,Term 1,2026,Kiswahili,71,B+,11,Average. Put more effort into homework.
ADM-1294,Edna Juma,Grade 5 A,Term 1,2026,Mathematics,65,B,21,Excellent work. Keep it up!
ADM-1294,Edna Juma,Grade 5 A,Term 1,2026,Science & Technology,74,B+,12,Excellent work. Keep it up!
ADM-1294,Edna Juma,Grade 5 A,Term 1,2026,Social Studies,67,B,17,Very good performance. Focus on the few weak areas.
ADM-1294,Edna Juma,Grade 5 A,Term 1,2026,Religious Education,53,C,29,Satisfactory. Needs consistent practice.
ADM-1294,Edna Juma,Grade 5 A,Term 1,2026,Creative Arts,68,B,18,Very good performance. Focus on the few weak areas.
ADM-1294,Edna Juma,Grade 5 A,Term 1,2026,Physical & Health Education,61,B-,26,Excellent work. Keep it up!
ADM-1295,Mercy Karanja,Grade 5 A,Term 1,2026,English,49,C-,32,Excellent work. Keep it up!
ADM-1295,Mercy Karanja,Grade 5 A,Term 1,2026,Kiswahili,55,C+,29,Steady progress. Do more revision.
ADM-1295,Mercy Karanja,Grade 5 A,Term 1,2026,Mathematics,57,C+,30,Very good performance. Focus on the few weak areas.
ADM-1295,Mercy Karanja,Grade 5 A,Term 1,2026,Science & Technology,45,C-,31,Very good performance. Focus on the few weak areas.
ADM-1295,Mercy Karanja,Grade 5 A,Term 1,2026,Social Studies,68,B,15,Steady progress. Do more revision.
ADM-1295,Mercy Karanja,Grade 5 A,Term 1,2026,Religious Education,ABS,ABS,,Absent for the examination.
ADM-1295,Mercy Karanja,Grade 5 A,Term 1,2026,Creative Arts,57,C+,30,Excellent work. Keep it up!
ADM-1295,Mercy Karanja,Grade 5 A,Term 1,2026,Physical & Health Education,63,B-,20,Excellent work. Keep it up!
ADM-1296,Hannah Njuguna,Grade 5 A,Term 1,2026,English,66,B,18,Steady progress. Do more revision.
ADM-1296,Hannah Njuguna,Grade 5 A,Term 1,2026,Kiswahili,65,B,18,Steady progress. Do more revision.
ADM-1296,Hannah Njuguna,Grade 5 A,Term 1,2026,Mathematics,68,B,18,Good effort. Can improve with more practice.
ADM-1296,Hannah Njuguna,Grade 5 A,Term 1,2026,Science & Technology,61,B-,26,Excellent work. Keep it up!
ADM-1296,Hannah Njuguna,Grade 5 A,Term 1,2026,Social Studies,62,B-,25,Satisfactory. Needs consistent practice.
ADM-1296,Hannah Njuguna,Grade 5 A,Term 1,2026,Religious Education,61,B-,24,Good effort. Can improve with more practice.
ADM-1296,Hannah Njuguna,Grade 5 A,Term 1,2026,Creative Arts,63,B-,23,Good effort. Can improve with more practice.
ADM-1296,Hannah Njuguna,Grade 5 A,Term 1,2026,Physical & Health Education,68,B,13,Satisfactory. Needs consistent practice.
ADM-1297,John Leshan,Grade 5 A,Term 1,2026,English,66,B,19,Excellent work. Keep it up!
ADM-1297,John Leshan,Grade 5 A,Term 1,2026,Kiswahili,71,B+,12,Very good performance. Focus on the few weak areas.
ADM-1297,John Leshan,Grade 5 A,Term 1,2026,Mathematics,72,B+,13,Excellent work. Keep it up!
ADM-1297,John Leshan,Grade 5 A,Term 1,2026,Science & Technology,86,A,4,Performs well under guidance. Keep practising.
ADM-1297,John Leshan,Grade 5 A,Term 1,2026,Social Studies,54,C,30,Satisfactory. Needs consistent practice.
ADM-1297,John Leshan,Grade 5 A,Term 1,2026,Religious Education,68,B,16,Steady progress. Do more revision.
ADM-1297,John Leshan,Grade 5 A,Term 1,2026,Creative Arts,65,B,22,Good effort. Can improve with more practice.
ADM-1297,John Leshan,Grade 5 A,Term 1,2026,Physical & Health Education,73,B+,8,Good effort. Can improve with more practice.
ADM-1298,Joyce Noor,Grade 5 A,Term 1,2026,English,60,B-,25,Average. Put more effort into homework.
ADM-1298,Joyce Noor,Grade 5 A,Term 1,2026,Kiswahili,61,B-,23,Average. Put more effort into homework.
ADM-1298,Joyce Noor,Grade 5 A,Term 1,2026,Mathematics,71,B+,14,Excellent work. Keep it up!
ADM-1298,Joyce Noor,Grade 5 A,Term 1,2026,Science & Technology,74,B+,13,Good effort. Can improve with more practice.
ADM-1298,Joyce Noor,Grade 5 A,Term 1,2026,Social Studies,60,B-,27,Satisfactory. Needs consistent practice.
ADM-1298,Joyce Noor,Grade 5 A,Term 1,2026,Religious Education,70,B+,13,Excellent work. Keep it up!
ADM-1298,Joyce Noor,Grade 5 A,Term 1,2026,Creative Arts,60,B-,27,Average. Put more effort into homework.
ADM-1298,Joyce Noor,Grade 5 A,Term 1,2026,Physical & Health Education,62,B-,23,Average. Put more effort into homework.
ADM-1299,Alex Korir,Grade 5 A,Term 1,2026,English,90,A,1,Excellent work. Keep it up!
ADM-1299,Alex Korir,Grade 5 A,Term 1,2026,Kiswahili,80,A,9,Good effort. Can improve with more practice.
ADM-1299,Alex Korir,Grade 5 A,Term 1,2026,Mathematics,82,A,4,Performs well under guidance. Keep practising.
ADM-1299,Alex Korir,Grade 5 A,Term 1,2026,Science & Technology,95,A,1,Below average. Extra tuition recommended.
ADM-1299,Alex Korir,Grade 5 A,Term 1,2026,Social Studies,83,A,4,Very good performance. Focus on the few weak areas.
ADM-1299,Alex Korir,Grade 5 A,Term 1,2026,Religious Education,90,A,2,Below average. Extra tuition recommended.
ADM-1299,Alex Korir,Grade 5 A,Term 1,2026,Creative Arts,96,A,1,Average. Put more effort into homework.
ADM-1299,Alex Korir,Grade 5 A,Term 1,2026,Physical & Health Education,72,B+,9,Good effort. Can improve with more practice.
ADM-1300,Lawrence Musalia,Grade 5 A,Term 1,2026,English,86,A,4,Very good performance. Focus on the few weak areas.
ADM-1300,Lawrence Musalia,Grade 5 A,Term 1,2026,Kiswahili,98,A,1,Satisfactory. Needs consistent practice.
ADM-1300,Lawrence Musalia,Grade 5 A,Term 1,2026,Mathematics,82,A,5,Below average. Extra tuition recommended.
ADM-1300,Lawrence Musalia,Grade 5 A,Term 1,2026,Science & Technology,85,A,6,Average. Put more effort into homework.
ADM-1300,Lawrence Musalia,Grade 5 A,Term 1,2026,Social Studies,96,A,1,Very good performance. Focus on the few weak areas.
ADM-1300,Lawrence Musalia,Grade 5 A,Term 1,2026,Religious Education,82,A,6,Below average. Extra tuition recommended.
ADM-1300,Lawrence Musalia,Grade 5 A,Term 1,2026,Creative Arts,82,A,5,Performs well under guidance. Keep practising.
ADM-1300,Lawrence Musalia,Grade 5 A,Term 1,2026,Physical & Health Education,82,A,2,Excellent work. Keep it up!
ADM-1301,Veronica Mutiso,Grade 5 A,Term 1,2026,English,73,B+,11,Good effort. Can improve with more practice.
ADM-1301,Veronica Mutiso,Grade 5 A,Term 1,2026,Kiswahili,63,B-,21,Excellent work. Keep it up!
ADM-1301,Veronica Mutiso,Grade 5 A,Term 1,2026,Mathematics,74,B+,10,Good effort. Can improve with more practice.
ADM-1301,Veronica Mutiso,Grade 5 A,Term 1,2026,Science & Technology,74,B+,14,Steady progress. Do more revision.
ADM-1301,Veronica Mutiso,Grade 5 A,Term 1,2026,Social Studies,72,B+,13,Very good performance. Focus on the few weak areas.
ADM-1301,Veronica Mutiso,Grade 5 A,Term 1,2026,Religious Education,73,B+,10,Satisfactory. Needs consistent practice.
ADM-1301,Veronica Mutiso,Grade 5 A,Term 1,2026,Creative Arts,88,A,4,Satisfactory. Needs consistent practice.
ADM-1301,Veronica Mutiso,Grade 5 A,Term 1,2026,Physical & Health Education,67,B,15,Excellent work. Keep it up!
ADM-1302,Dorcas Syombua,Grade 5 A,Term 1,2026,English,60,B-,26,Good effort. Can improve with more practice.
ADM-1302,Dorcas Syombua,Grade 5 A,Term 1,2026,Kiswahili,57,C+,27,Steady progress. Do more revision.
ADM-1302,Dorcas Syombua,Grade 5 A,Term 1,2026,Mathematics,64,B-,22,Excellent work. Keep it up!
ADM-1302,Dorcas Syombua,Grade 5 A,Term 1,2026,Science & Technology,85,A,7,Below average. Extra tuition recommended.
ADM-1302,Dorcas Syombua,Grade 5 A,Term 1,2026,Social Studies,81,A,6,Performs well under guidance. Keep practising.
ADM-1302,Dorcas Syombua,Grade 5 A,Term 1,2026,Religious Education,59,C+,25,Steady progress. Do more revision.
ADM-1302,Dorcas Syombua,Grade 5 A,Term 1,2026,Creative Arts,82,A,6,Satisfactory. Needs consistent practice.
ADM-1302,Dorcas Syombua,Grade 5 A,Term 1,2026,Physical & Health Education,69,B,11,Satisfactory. Needs consistent practice.
ADM-1303,Brian Omondi,Grade 5 A,Term 1,2026,English,53,C,30,Average. Put more effort into homework.
ADM-1303,Brian Omondi,Grade 5 A,Term 1,2026,Kiswahili,59,C+,25,Average. Put more effort into homework.
ADM-1303,Brian Omondi,Grade 5 A,Term 1,2026,Mathematics,60,B-,26,Satisfactory. Needs consistent practice.
ADM-1303,Brian Omondi,Grade 5 A,Term 1,2026,Science & Technology,59,C+,28,Satisfactory. Needs consistent practice.
ADM-1303,Brian Omondi,Grade 5 A,Term 1,2026,Social Studies,49,C-,32,Good effort. Can improve with more practice.
ADM-1303,Brian Omondi,Grade 5 A,Term 1,2026,Religious Education,55,C+,28,Steady progress. Do more revision.
ADM-1303,Brian Omondi,Grade 5 A,Term 1,2026,Creative Arts,47,C-,32,Very good performance. Focus on the few weak areas.
ADM-1303,Brian Omondi,Grade 5 A,Term 1,2026,Physical & Health Education,63,B-,21,Good effort. Can improve with more practice.
ADM-1304,Priscilla Wafula,Grade 5 A,Term 1,2026,English,67,B,17,Very good performance. Focus on the few weak areas.
ADM-1304,Priscilla Wafula,Grade 5 A,Term 1,2026,Kiswahili,51,C,31,Very good performance. Focus on the few weak areas.
ADM-1304,Priscilla Wafula,Grade 5 A,Term 1,2026,Mathematics,60,B-,27,Excellent work. Keep it up!
ADM-1304,Priscilla Wafula,Grade 5 A,Term 1,2026,Science & Technology,54,C,29,Good effort. Can improve with more practice.
ADM-1304,Priscilla Wafula,Grade 5 A,Term 1,2026,Social Studies,65,B,20,Excellent work. Keep it up!
ADM-1304,Priscilla Wafula,Grade 5 A,Term 1,2026,Religious Education,58,C+,26,Good effort. Can improve with more practice.
ADM-1304,Priscilla Wafula,Grade 5 A,Term 1,2026,Creative Arts,70,B+,17,Very good performance. Focus on the few weak areas.
ADM-1304,Priscilla Wafula,Grade 5 A,Term 1,2026,Physical & Health Education,60,B-,29,Satisfactory. Needs consistent practice.
ADM-1305,Patrick Tanui,Grade 5 A,Term 1,2026,English,87,A,2,Good effort. Can improve with more practice.
ADM-1305,Patrick Tanui,Grade 5 A,Term 1,2026,Kiswahili,80,A,10,Good effort. Can improve with more practice.
ADM-1305,Patrick Tanui,Grade 5 A,Term 1,2026,Mathematics,97,A,1,Performs well under guidance. Keep practising.
ADM-1305,Patrick Tanui,Grade 5 A,Term 1,2026,Science & Technology,63,B-,23,Satisfactory. Needs consistent practice.
ADM-1305,Patrick Tanui,Grade 5 A,Term 1,2026,Social Studies,78,A-,7,Steady progress. Do more revision.
ADM-1305,Patrick Tanui,Grade 5 A,Term 1,2026,Religious Education,83,A,5,Very good performance. Focus on the few weak areas.
ADM-1305,Patrick Tanui,Grade 5 A,Term 1,2026,Creative Arts,76,A-,9,Excellent work. Keep it up!
ADM-1305,Patrick Tanui,Grade 5 A,Term 1,2026,Physical & Health Education,67,B,16,Satisfactory. Needs consistent practice.
ADM-1306,Anthony Kimeu,Grade 5 A,Term 1,2026,English,77,A-,7,Below average. Extra tuition recommended.
ADM-1306,Anthony Kimeu,Grade 5 A,Term 1,2026,Kiswahili,89,A,4,Satisfactory. Needs consistent practice.
ADM-1306,Anthony Kimeu,Grade 5 A,Term 1,2026,Mathematics,86,A,3,Good effort. Can improve with more practice.
ADM-1306,Anthony Kimeu,Grade 5 A,Term 1,2026,Science & Technology,86,A,5,Average. Put more effort into homework.
ADM-1306,Anthony Kimeu,Grade 5 A,Term 1,2026,Social Studies,71,B+,14,Good effort. Can improve with more practice.
ADM-1306,Anthony Kimeu,Grade 5 A,Term 1,2026,Religious Education,95,A,1,Average. Put more effort into homework.
ADM-1306,Anthony Kimeu,Grade 5 A,Term 1,2026,Creative Arts,94,A,2,Steady progress. Do more revision.
ADM-1306,Anthony Kimeu,Grade 5 A,Term 1,2026,Physical & Health Education,74,B+,7,Very good performance. Focus on the few weak areas.
ADM-1307,Kennedy Achieng,Grade 5 A,Term 1,2026,English,56,C+,28,Very good performance. Focus on the few weak areas.
ADM-1307,Kennedy Achieng,Grade 5 A,Term 1,2026,Kiswahili,71,B+,13,Good effort. Can improve with more practice.
ADM-1307,Kennedy Achieng,Grade 5 A,Term 1,2026,Mathematics,59,C+,28,Excellent work. Keep it up!
ADM-1307,Kennedy Achieng,Grade 5 A,Term 1,2026,Science & Technology,73,B+,17,Excellent work. Keep it up!
ADM-1307,Kennedy Achieng,Grade 5 A,Term 1,2026,Social Studies,64,B-,22,Steady progress. Do more revision.
ADM-1307,Kennedy Achieng,Grade 5 A,Term 1,2026,Religious Education,64,B-,20,Very good performance. Focus on the few weak areas.
ADM-1307,Kennedy Achieng,Grade 5 A,Term 1,2026,Creative Arts,66,B,21,Excellent work. Keep it up!
ADM-1307,Kennedy Achieng,Grade 5 A,Term 1,2026,Physical & Health Education,75,A-,6,Average. Put more effort into homework.
ADM-1308,Doreen Makokha,Grade 5 A,Term 1,2026,English,80,A,6,Below average. Extra tuition recommended.
ADM-1308,Doreen Makokha,Grade 5 A,Term 1,2026,Kiswahili,71,B+,14,Very good performance. Focus on the few weak areas.
ADM-1308,Doreen Makokha,Grade 5 A,Term 1,2026,Mathematics,66,B,20,Steady progress. Do more revision.
ADM-1308,Doreen Makokha,Grade 5 A,Term 1,2026,Science & Technology,71,B+,19,Steady progress. Do more revision.
ADM-1308,Doreen Makokha,Grade 5 A,Term 1,2026,Social Studies,50,C,31,Satisfactory. Needs consistent practice.
ADM-1308,Doreen Makokha,Grade 5 A,Term 1,2026,Religious Education,71,B+,12,Excellent work. Keep it up!
ADM-1308,Doreen Makokha,Grade 5 A,Term 1,2026,Creative Arts,71,B+,16,Very good performance. Focus on the few weak areas.
ADM-1308,Doreen Makokha,Grade 5 A,Term 1,2026,Physical & Health Education,63,B-,22,Good effort. Can improve with more practice.
ADM-1309,Ibrahim Natepo,Grade 5 A,Term 1,2026,English,69,B,16,Very good performance. Focus on the few weak areas.
ADM-1309,Ibrahim Natepo,Grade 5 A,Term 1,2026,Kiswahili,65,B,19,Excellent work. Keep it up!
ADM-1309,Ibrahim Natepo,Grade 5 A,Term 1,2026,Mathematics,49,C-,32,Steady progress. Do more revision.
ADM-1309,Ibrahim Natepo,Grade 5 A,Term 1,2026,Science & Technology,60,B-,27,Steady progress. Do more revision.
ADM-1309,Ibrahim Natepo,Grade 5 A,Term 1,2026,Social Studies,77,A-,9,Good effort. Can improve with more practice.
ADM-1309,Ibrahim Natepo,Grade 5 A,Term 1,2026,Religious Education,69,B,15,Satisfactory. Needs consistent practice.
ADM-1309,Ibrahim Natepo,Grade 5 A,Term 1,2026,Creative Arts,60,B-,28,Good effort. Can improve with more practice.
ADM-1309,Ibrahim Natepo,Grade 5 A,Term 1,2026,Physical & Health Education,61,B-,27,Steady progress. Do more revision.
ADM-1310,Kipchoge Adhiambo,Grade 5 A,Term 1,2026,English,87,A,3,Satisfactory. Needs consistent practice.
ADM-1310,Kipchoge Adhiambo,Grade 5 A,Term 1,2026,Kiswahili,85,A,6,Excellent work. Keep it up!
ADM-1310,Kipchoge Adhiambo,Grade 5 A,Term 1,2026,Mathematics,70,B+,16,Very good performance. Focus on the few weak areas.
ADM-1310,Kipchoge Adhiambo,Grade 5 A,Term 1,2026,Science & Technology,88,A,3,Very good performance. Focus on the few weak areas.
ADM-1310,Kipchoge Adhiambo,Grade 5 A,Term 1,2026,Social Studies,90,A,2,Good effort. Can improve with more practice.
ADM-1310,Kipchoge Adhiambo,Grade 5 A,Term 1,2026,Religious Education,89,A,3,Shows understanding of key concepts.
ADM-1310,Kipchoge Adhiambo,Grade 5 A,Term 1,2026,Creative Arts,82,A,7,Steady progress. Do more revision.
ADM-1310,Kipchoge Adhiambo,Grade 5 A,Term 1,2026,Physical & Health Education,91,A,1,Satisfactory. Needs consistent practice.
ADM-1311,Amos Chepkirui,Grade 5 A,Term 1,2026,English,75,A-,9,Steady progress. Do more revision.
ADM-1311,Amos Chepkirui,Grade 5 A,Term 1,2026,Kiswahili,52,C,30,Excellent work. Keep it up!
ADM-1311,Amos Chepkirui,Grade 5 A,Term 1,2026,Mathematics,67,B,19,Very good performance. Focus on the few weak areas.
ADM-1311,Amos Chepkirui,Grade 5 A,Term 1,2026,Science & Technology,75,A-,11,Shows understanding of key concepts.
ADM-1311,Amos Chepkirui,Grade 5 A,Term 1,2026,Social Studies,78,A-,8,Satisfactory. Needs consistent practice.
ADM-1311,Amos Chepkirui,Grade 5 A,Term 1,2026,Religious Education,65,B,19,Satisfactory. Needs consistent practice.
ADM-1311,Amos Chepkirui,Grade 5 A,Term 1,2026,Creative Arts,56,C+,31,Average. Put more effort into homework.
ADM-1311,Amos Chepkirui,Grade 5 A,Term 1,2026,Physical & Health Education,62,B-,24,Excellent work. Keep it up!
ADM-1312,Esther Kipsang,Grade 5 A,Term 1,2026,English,70,B+,15,Good effort. Can improve with more practice.
ADM-1312,Esther Kipsang,Grade 5 A,Term 1,2026,Kiswahili,93,A,2,Below average. Extra tuition recommended.
ADM-1312,Esther Kipsang,Grade 5 A,Term 1,2026,Mathematics,81,A,6,Satisfactory. Needs consistent practice.
ADM-1312,Esther Kipsang,Grade 5 A,Term 1,2026,Science & Technology,93,A,2,Steady progress. Do more revision.
ADM-1312,Esther Kipsang,Grade 5 A,Term 1,2026,Social Studies,86,A,3,Very good performance. Focus on the few weak areas.
ADM-1312,Esther Kipsang,Grade 5 A,Term 1,2026,Religious Education,80,A,8,Average. Put more effort into homework.
ADM-1312,Esther Kipsang,Grade 5 A,Term 1,2026,Creative Arts,90,A,3,Below average. Extra tuition recommended.
ADM-1312,Esther Kipsang,Grade 5 A,Term 1,2026,Physical & Health Education,76,A-,5,Needs significant improvement. Revise earlier topics.
ADM-1313,Shalom Kimutai,Grade 5 A,Term 1,2026,English,65,B,20,Excellent work. Keep it up!
ADM-1313,Shalom Kimutai,Grade 5 A,Term 1,2026,Kiswahili,64,B-,20,Very good performance. Focus on the few weak areas.
ADM-1313,Shalom Kimutai,Grade 5 A,Term 1,2026,Mathematics,63,B-,24,Average. Put more effort into homework.
ADM-1313,Shalom Kimutai,Grade 5 A,Term 1,2026,Science & Technology,69,B,20,Good effort. Can improve with more practice.
ADM-1313,Shalom Kimutai,Grade 5 A,Term 1,2026,Social Studies,57,C+,28,Very good performance. Focus on the few weak areas.
ADM-1313,Shalom Kimutai,Grade 5 A,Term 1,2026,Religious Education,79,A-,9,Below average. Extra tuition recommended.
ADM-1313,Shalom Kimutai,Grade 5 A,Term 1,2026,Creative Arts,68,B,19,Very good performance. Focus on the few weak areas.
ADM-1313,Shalom Kimutai,Grade 5 A,Term 1,2026,Physical & Health Education,79,A-,3,Below average. Extra tuition recommended.
ADM-1314,Donald Njenga,Grade 5 A,Term 1,2026,English,56,C+,29,Excellent work. Keep it up!
ADM-1314,Donald Njenga,Grade 5 A,Term 1,2026,Kiswahili,61,B-,24,Steady progress. Do more revision.
ADM-1314,Donald Njenga,Grade 5 A,Term 1,2026,Mathematics,71,B+,15,Steady progress. Do more revision.
ADM-1314,Donald Njenga,Grade 5 A,Term 1,2026,Science & Technology,73,B+,18,Average. Put more effort into homework.
ADM-1314,Donald Njenga,Grade 5 A,Term 1,2026,Social Studies,68,B,16,Satisfactory. Needs consistent practice.
ADM-1314,Donald Njenga,Grade 5 A,Term 1,2026,Religious Education,66,B,18,Very good performance. Focus on the few weak areas.
ADM-1314,Donald Njenga,Grade 5 A,Term 1,2026,Creative Arts,62,B-,25,Very good performance. Focus on the few weak areas.
ADM-1314,Donald Njenga,Grade 5 A,Term 1,2026,Physical & Health Education,61,B-,28,Average. Put more effort into homework.
ADM-1315,Abigail Kinyua,Grade 5 A,Term 1,2026,English,83,A,5,Good effort. Can improve with more practice.
ADM-1315,Abigail Kinyua,Grade 5 A,Term 1,2026,Kiswahili,88,A,5,Performs well under guidance. Keep practising.
ADM-1315,Abigail Kinyua,Grade 5 A,Term 1,2026,Mathematics,91,A,2,Satisfactory. Needs consistent practice.
ADM-1315,Abigail Kinyua,Grade 5 A,Term 1,2026,Science & Technology,74,B+,15,Satisfactory. Needs consistent practice.
ADM-1315,Abigail Kinyua,Grade 5 A,Term 1,2026,Social Studies,76,A-,10,Needs significant improvement. Revise earlier topics.
ADM-1315,Abigail Kinyua,Grade 5 A,Term 1,2026,Religious Education,72,B+,11,Satisfactory. Needs consistent practice.
ADM-1315,Abigail Kinyua,Grade 5 A,Term 1,2026,Creative Arts,73,B+,14,Very good performance. Focus on the few weak areas.
ADM-1315,Abigail Kinyua,Grade 5 A,Term 1,2026,Physical & Health Education,78,A-,4,Needs significant improvement. Revise earlier topics.
ADM-1316,Winfred Kariuki,Grade 5 A,Term 1,2026,English,61,B-,24,Very good performance. Focus on the few weak areas.
ADM-1316,Winfred Kariuki,Grade 5 A,Term 1,2026,Kiswahili,48,C-,32,Good effort. Can improve with more practice.
ADM-1316,Winfred Kariuki,Grade 5 A,Term 1,2026,Mathematics,70,B+,17,Good effort. Can improve with more practice.
ADM-1316,Winfred Kariuki,Grade 5 A,Term 1,2026,Science & Technology,74,B+,16,Average. Put more effort into homework.
ADM-1316,Winfred Kariuki,Grade 5 A,Term 1,2026,Social Studies,57,C+,29,Steady progress. Do more revision.
ADM-1316,Winfred Kariuki,Grade 5 A,Term 1,2026,Religious Education,49,C-,30,Average. Put more effort into homework.
ADM-1316,Winfred Kariuki,Grade 5 A,Term 1,2026,Creative Arts,67,B,20,Good effort. Can improve with more practice.
ADM-1316,Winfred Kariuki,Grade 5 A,Term 1,2026,Physical & Health Education,65,B,18,Average. Put more effort into homework.
ADM-1317,Ian Omar,Grade 5 A,Term 1,2026,English,75,A-,10,Needs significant improvement. Revise earlier topics.
ADM-1317,Ian Omar,Grade 5 A,Term 1,2026,Kiswahili,71,B+,15,Good effort. Can improve with more practice.
ADM-1317,Ian Omar,Grade 5 A,Term 1,2026,Mathematics,64,B-,23,Steady progress. Do more revision.
ADM-1317,Ian Omar,Grade 5 A,Term 1,2026,Science & Technology,81,A,8,Average. Put more effort into homework.
ADM-1317,Ian Omar,Grade 5 A,Term 1,2026,Social Studies,67,B,18,Excellent work. Keep it up!
ADM-1317,Ian Omar,Grade 5 A,Term 1,2026,Religious Education,82,A,7,Good effort. Can improve with more practice.
ADM-1317,Ian Omar,Grade 5 A,Term 1,2026,Creative Arts,74,B+,11,Satisfactory. Needs consistent practice.
ADM-1317,Ian Omar,Grade 5 A,Term 1,2026,Physical & Health Education,69,B,12,Satisfactory. Needs consistent practice.
ADM-1318,Teresia Mutuku,Grade 5 A,Term 1,2026,English,62,B-,23,Average. Put more effort into homework.
ADM-1318,Teresia Mutuku,Grade 5 A,Term 1,2026,Kiswahili,59,C+,26,Steady progress. Do more revision.
ADM-1318,Teresia Mutuku,Grade 5 A,Term 1,2026,Mathematics,62,B-,25,Average. Put more effort into homework.
ADM-1318,Teresia Mutuku,Grade 5 A,Term 1,2026,Science & Technology,ABS,ABS,,Absent for the examination.
ADM-1318,Teresia Mutuku,Grade 5 A,Term 1,2026,Social Studies,64,B-,23,Excellent work. Keep it up!
ADM-1318,Teresia Mutuku,Grade 5 A,Term 1,2026,Religious Education,67,B,17,Steady progress. Do more revision.
ADM-1318,Teresia Mutuku,Grade 5 A,Term 1,2026,Creative Arts,60,B-,29,Satisfactory. Needs consistent practice.
ADM-1318,Teresia Mutuku,Grade 5 A,Term 1,2026,Physical & Health Education,67,B,17,Good effort. Can improve with more practice.
ADM-1319,Trevor Adhiambo,Grade 5 A,Term 1,2026,English,52,C,31,Very good performance. Focus on the few weak areas.
ADM-1319,Trevor Adhiambo,Grade 5 A,Term 1,2026,Kiswahili,71,B+,16,Steady progress. Do more revision.
ADM-1319,Trevor Adhiambo,Grade 5 A,Term 1,2026,Mathematics,73,B+,12,Excellent work. Keep it up!
ADM-1319,Trevor Adhiambo,Grade 5 A,Term 1,2026,Science & Technology,66,B,22,Steady progress. Do more revision.
ADM-1319,Trevor Adhiambo,Grade 5 A,Term 1,2026,Social Studies,64,B-,24,Average. Put more effort into homework.
ADM-1319,Trevor Adhiambo,Grade 5 A,Term 1,2026,Religious Education,56,C+,27,Average. Put more effort into homework.
ADM-1319,Trevor Adhiambo,Grade 5 A,Term 1,2026,Creative Arts,78,A-,8,Very good performance. Focus on the few weak areas.
ADM-1319,Trevor Adhiambo,Grade 5 A,Term 1,2026,Physical & Health Education,62,B-,25,Good effort. Can improve with more practice.
ADM-1320,George Okello,Grade 5 A,Term 1,2026,English,71,B+,14,Very good performance. Focus on the few weak areas.
ADM-1320,George Okello,Grade 5 A,Term 1,2026,Kiswahili,62,B-,22,Very good performance. Focus on the few weak areas.
ADM-1320,George Okello,Grade 5 A,Term 1,2026,Mathematics,59,C+,29,Excellent work. Keep it up!
ADM-1320,George Okello,Grade 5 A,Term 1,2026,Science & Technology,62,B-,25,Average. Put more effort into homework.
ADM-1320,George Okello,Grade 5 A,Term 1,2026,Social Studies,65,B,21,Good effort. Can improve with more practice.
ADM-1320,George Okello,Grade 5 A,Term 1,2026,Religious Education,70,B+,14,Satisfactory. Needs consistent practice.
ADM-1320,George Okello,Grade 5 A,Term 1,2026,Creative Arts,74,B+,12,Steady progress. Do more revision.
ADM-1320,George Okello,Grade 5 A,Term 1,2026,Physical & Health Education,68,B,14,Excellent work. Keep it up!
ADM-1321,Dorcas Maina,Grade 5 A,Term 1,2026,English,65,B,21,Average. Put more effort into homework.
ADM-1321,Dorcas Maina,Grade 5 A,Term 1,2026,Kiswahili,83,A,7,Satisfactory. Needs consistent practice.
ADM-1321,Dorcas Maina,Grade 5 A,Term 1,2026,Mathematics,55,C+,31,Average. Put more effort into homework.
ADM-1321,Dorcas Maina,Grade 5 A,Term 1,2026,Science & Technology,80,A,9,Excellent work. Keep it up!
ADM-1321,Dorcas Maina,Grade 5 A,Term 1,2026,Social Studies,66,B,19,Very good performance. Focus on the few weak areas.
ADM-1321,Dorcas Maina,Grade 5 A,Term 1,2026,Religious Education,63,B-,22,Satisfactory. Needs consistent practice.
ADM-1321,Dorcas Maina,Grade 5 A,Term 1,2026,Creative Arts,63,B-,24,Very good performance. Focus on the few weak areas.
ADM-1321,Dorcas Maina,Grade 5 A,Term 1,2026,Physical & Health Education,56,C+,30,Satisfactory. Needs consistent practice.
ADM-1322,Sonia Simiyu,Grade 5 A,Term 1,2026,English,72,B+,12,Steady progress. Do more revision.
ADM-1322,Sonia Simiyu,Grade 5 A,Term 1,2026,Kiswahili,90,A,3,Good effort. Can improve with more practice.
ADM-1322,Sonia Simiyu,Grade 5 A,Term 1,2026,Mathematics,79,A-,7,Very good performance. Focus on the few weak areas.
ADM-1322,Sonia Simiyu,Grade 5 A,Term 1,2026,Science & Technology,69,B,21,Steady progress. Do more revision.
ADM-1322,Sonia Simiyu,Grade 5 A,Term 1,2026,Social Studies,73,B+,12,Very good performance. Focus on the few weak areas.
ADM-1322,Sonia Simiyu,Grade 5 A,Term 1,2026,Religious Education,62,B-,23,Steady progress. Do more revision.
ADM-1322,Sonia Simiyu,Grade 5 A,Term 1,2026,Creative Arts,74,B+,13,Average. Put more effort into homework.
ADM-1322,Sonia Simiyu,Grade 5 A,Term 1,2026,Physical & Health Education,64,B-,19,Average. Put more effort into homework.
ADM-1323,Daniel Maina,Grade 5 A,Term 1,2026,English,76,A-,8,Very good performance. Focus on the few weak areas.
ADM-1323,Daniel Maina,Grade 5 A,Term 1,2026,Kiswahili,57,C+,28,Excellent work. Keep it up!
ADM-1323,Daniel Maina,Grade 5 A,Term 1,2026,Mathematics,74,B+,11,Steady progress. Do more revision.
ADM-1323,Daniel Maina,Grade 5 A,Term 1,2026,Science & Technology,63,B-,24,Excellent work. Keep it up!
ADM-1323,Daniel Maina,Grade 5 A,Term 1,2026,Social Studies,75,A-,11,Steady progress. Do more revision.
ADM-1323,Daniel Maina,Grade 5 A,Term 1,2026,Religious Education,64,B-,21,Average. Put more effort into homework.
ADM-1323,Daniel Maina,Grade 5 A,Term 1,2026,Creative Arts,61,B-,26,Excellent work. Keep it up!
ADM-1323,Daniel Maina,Grade 5 A,Term 1,2026,Physical & Health Education,52,C,32,Good effort. Can improve with more practice.
ADM-1324,Tabitha Sironka,Grade 5 A,Term 1,2026,English,72,B+,13,Excellent work. Keep it up!
ADM-1324,Tabitha Sironka,Grade 5 A,Term 1,2026,Kiswahili,81,A,8,Needs significant improvement. Revise earlier topics.
ADM-1324,Tabitha Sironka,Grade 5 A,Term 1,2026,Mathematics,79,A-,8,Steady progress. Do more revision.
ADM-1324,Tabitha Sironka,Grade 5 A,Term 1,2026,Science & Technology,76,A-,10,Shows understanding of key concepts.
ADM-1324,Tabitha Sironka,Grade 5 A,Term 1,2026,Social Studies,82,A,5,Shows understanding of key concepts.
ADM-1324,Tabitha Sironka,Grade 5 A,Term 1,2026,Religious Education,85,A,4,Steady progress. Do more revision.
ADM-1324,Tabitha Sironka,Grade 5 A,Term 1,2026,Creative Arts,73,B+,15,Satisfactory. Needs consistent practice.
ADM-1324,Tabitha Sironka,Grade 5 A,Term 1,2026,Physical & Health Education,71,B+,10,Good effort. Can improve with more practice.
ADM-1325,Veronica Pekeri,Grade 5 B,Term 1,2026,English,71,B+,17,Very good performance. Focus on the few weak areas.
ADM-1325,Veronica Pekeri,Grade 5 B,Term 1,2026,Kiswahili,83,A,6,Good effort. Can improve with more practice.
ADM-1325,Veronica Pekeri,Grade 5 B,Term 1,2026,Mathematics,64,B-,23,Average. Put more effort into homework.
ADM-1325,Veronica Pekeri,Grade 5 B,Term 1,2026,Science & Technology,78,A-,7,Performs well under guidance. Keep practising.
ADM-1325,Veronica Pekeri,Grade 5 B,Term 1,2026,Social Studies,67,B,21,Good effort. Can improve with more practice.
ADM-1325,Veronica Pekeri,Grade 5 B,Term 1,2026,Religious Education,80,A,8,Good effort. Can improve with more practice.
ADM-1325,Veronica Pekeri,Grade 5 B,Term 1,2026,Creative Arts,77,A-,8,Excellent work. Keep it up!
ADM-1325,Veronica Pekeri,Grade 5 B,Term 1,2026,Physical & Health Education,83,A,5,Below average. Extra tuition recommended.
ADM-1326,Peter Mwakisha,Grade 5 B,Term 1,2026,English,74,B+,15,Average. Put more effort into homework.
ADM-1326,Peter Mwakisha,Grade 5 B,Term 1,2026,Kiswahili,65,B,21,Average. Put more effort into homework.
ADM-1326,Peter Mwakisha,Grade 5 B,Term 1,2026,Mathematics,66,B,22,Good effort. Can improve with more practice.
ADM-1326,Peter Mwakisha,Grade 5 B,Term 1,2026,Science & Technology,72,B+,14,Steady progress. Do more revision.
ADM-1326,Peter Mwakisha,Grade 5 B,Term 1,2026,Social Studies,72,B+,18,Excellent work. Keep it up!
ADM-1326,Peter Mwakisha,Grade 5 B,Term 1,2026,Religious Education,61,B-,24,Average. Put more effort into homework.
ADM-1326,Peter Mwakisha,Grade 5 B,Term 1,2026,Creative Arts,63,B-,20,Steady progress. Do more revision.
ADM-1326,Peter Mwakisha,Grade 5 B,Term 1,2026,Physical & Health Education,69,B,16,Average. Put more effort into homework.
ADM-1327,Florence Kipsang,Grade 5 B,Term 1,2026,English,75,A-,13,Good effort. Can improve with more practice.
ADM-1327,Florence Kipsang,Grade 5 B,Term 1,2026,Kiswahili,69,B,16,Steady progress. Do more revision.
ADM-1327,Florence Kipsang,Grade 5 B,Term 1,2026,Mathematics,59,C+,28,Excellent work. Keep it up!
ADM-1327,Florence Kipsang,Grade 5 B,Term 1,2026,Science & Technology,63,B-,28,Excellent work. Keep it up!
ADM-1327,Florence Kipsang,Grade 5 B,Term 1,2026,Social Studies,75,A-,16,Satisfactory. Needs consistent practice.
ADM-1327,Florence Kipsang,Grade 5 B,Term 1,2026,Religious Education,67,B,16,Average. Put more effort into homework.
ADM-1327,Florence Kipsang,Grade 5 B,Term 1,2026,Creative Arts,80,A,7,Needs significant improvement. Revise earlier topics.
ADM-1327,Florence Kipsang,Grade 5 B,Term 1,2026,Physical & Health Education,82,A,6,Satisfactory. Needs consistent practice.
ADM-1328,Anthony Namukuru,Grade 5 B,Term 1,2026,English,86,A,4,Average. Put more effort into homework.
ADM-1328,Anthony Namukuru,Grade 5 B,Term 1,2026,Kiswahili,72,B+,13,Average. Put more effort into homework.
ADM-1328,Anthony Namukuru,Grade 5 B,Term 1,2026,Mathematics,68,B,18,Steady progress. Do more revision.
ADM-1328,Anthony Namukuru,Grade 5 B,Term 1,2026,Science & Technology,86,A,3,Performs well under guidance. Keep practising.
ADM-1328,Anthony Namukuru,Grade 5 B,Term 1,2026,Social Studies,82,A,6,Good effort. Can improve with more practice.
ADM-1328,Anthony Namukuru,Grade 5 B,Term 1,2026,Religious Education,79,A-,9,Good effort. Can improve with more practice.
ADM-1328,Anthony Namukuru,Grade 5 B,Term 1,2026,Creative Arts,92,A,2,Average. Put more effort into homework.
ADM-1328,Anthony Namukuru,Grade 5 B,Term 1,2026,Physical & Health Education,85,A,3,Shows understanding of key concepts.
ADM-1329,Sophia Wekesa,Grade 5 B,Term 1,2026,English,61,B-,24,Excellent work. Keep it up!
ADM-1329,Sophia Wekesa,Grade 5 B,Term 1,2026,Kiswahili,79,A-,8,Below average. Extra tuition recommended.
ADM-1329,Sophia Wekesa,Grade 5 B,Term 1,2026,Mathematics,73,B+,9,Satisfactory. Needs consistent practice.
ADM-1329,Sophia Wekesa,Grade 5 B,Term 1,2026,Science & Technology,69,B,22,Satisfactory. Needs consistent practice.
ADM-1329,Sophia Wekesa,Grade 5 B,Term 1,2026,Social Studies,67,B,22,Excellent work. Keep it up!
ADM-1329,Sophia Wekesa,Grade 5 B,Term 1,2026,Religious Education,63,B-,22,Satisfactory. Needs consistent practice.
ADM-1329,Sophia Wekesa,Grade 5 B,Term 1,2026,Creative Arts,72,B+,12,Very good performance. Focus on the few weak areas.
ADM-1329,Sophia Wekesa,Grade 5 B,Term 1,2026,Physical & Health Education,60,B-,23,Very good performance. Focus on the few weak areas.
ADM-1330,Edna Nzioka,Grade 5 B,Term 1,2026,English,60,B-,26,Steady progress. Do more revision.
ADM-1330,Edna Nzioka,Grade 5 B,Term 1,2026,Kiswahili,62,B-,24,Steady progress. Do more revision.
ADM-1330,Edna Nzioka,Grade 5 B,Term 1,2026,Mathematics,73,B+,10,Very good performance. Focus on the few weak areas.
ADM-1330,Edna Nzioka,Grade 5 B,Term 1,2026,Science & Technology,70,B+,19,Good effort. Can improve with more practice.
ADM-1330,Edna Nzioka,Grade 5 B,Term 1,2026,Social Studies,82,A,7,Shows understanding of key concepts.
ADM-1330,Edna Nzioka,Grade 5 B,Term 1,2026,Religious Education,74,B+,14,Excellent work. Keep it up!
ADM-1330,Edna Nzioka,Grade 5 B,Term 1,2026,Creative Arts,75,A-,9,Below average. Extra tuition recommended.
ADM-1330,Edna Nzioka,Grade 5 B,Term 1,2026,Physical & Health Education,73,B+,13,Satisfactory. Needs consistent practice.
ADM-1331,Samuel Anyango,Grade 5 B,Term 1,2026,English,48,C-,30,Very good performance. Focus on the few weak areas.
ADM-1331,Samuel Anyango,Grade 5 B,Term 1,2026,Kiswahili,69,B,17,Good effort. Can improve with more practice.
ADM-1331,Samuel Anyango,Grade 5 B,Term 1,2026,Mathematics,63,B-,24,Good effort. Can improve with more practice.
ADM-1331,Samuel Anyango,Grade 5 B,Term 1,2026,Science & Technology,64,B-,26,Very good performance. Focus on the few weak areas.
ADM-1331,Samuel Anyango,Grade 5 B,Term 1,2026,Social Studies,47,C-,29,Good effort. Can improve with more practice.
ADM-1331,Samuel Anyango,Grade 5 B,Term 1,2026,Religious Education,59,C+,25,Very good performance. Focus on the few weak areas.
ADM-1331,Samuel Anyango,Grade 5 B,Term 1,2026,Creative Arts,68,B,17,Steady progress. Do more revision.
ADM-1331,Samuel Anyango,Grade 5 B,Term 1,2026,Physical & Health Education,48,C-,29,Very good performance. Focus on the few weak areas.
ADM-1332,Stephen Nzioka,Grade 5 B,Term 1,2026,English,96,A,2,Good effort. Can improve with more practice.
ADM-1332,Stephen Nzioka,Grade 5 B,Term 1,2026,Kiswahili,87,A,3,Performs well under guidance. Keep practising.
ADM-1332,Stephen Nzioka,Grade 5 B,Term 1,2026,Mathematics,100,A,1,Needs significant improvement. Revise earlier topics.
ADM-1332,Stephen Nzioka,Grade 5 B,Term 1,2026,Science & Technology,97,A,1,Satisfactory. Needs consistent practice.
ADM-1332,Stephen Nzioka,Grade 5 B,Term 1,2026,Social Studies,89,A,1,Shows understanding of key concepts.
ADM-1332,Stephen Nzioka,Grade 5 B,Term 1,2026,Religious Education,100,A,1,Very good performance. Focus on the few weak areas.
ADM-1332,Stephen Nzioka,Grade 5 B,Term 1,2026,Creative Arts,100,A,1,Average. Put more effort into homework.
ADM-1332,Stephen Nzioka,Grade 5 B,Term 1,2026,Physical & Health Education,98,A,1,Needs significant improvement. Revise earlier topics.
ADM-1333,Rebecca Muthoka,Grade 5 B,Term 1,2026,English,76,A-,10,Average. Put more effort into homework.
ADM-1333,Rebecca Muthoka,Grade 5 B,Term 1,2026,Kiswahili,77,A-,9,Average. Put more effort into homework.
ADM-1333,Rebecca Muthoka,Grade 5 B,Term 1,2026,Mathematics,80,A,4,Excellent work. Keep it up!
ADM-1333,Rebecca Muthoka,Grade 5 B,Term 1,2026,Science & Technology,84,A,4,Average. Put more effort into homework.
ADM-1333,Rebecca Muthoka,Grade 5 B,Term 1,2026,Social Studies,83,A,5,Very good performance. Focus on the few weak areas.
ADM-1333,Rebecca Muthoka,Grade 5 B,Term 1,2026,Religious Education,78,A-,10,Shows understanding of key concepts.
ADM-1333,Rebecca Muthoka,Grade 5 B,Term 1,2026,Creative Arts,67,B,19,Average. Put more effort into homework.
ADM-1333,Rebecca Muthoka,Grade 5 B,Term 1,2026,Physical & Health Education,82,A,7,Below average. Extra tuition recommended.
ADM-1334,Alice Kirimi,Grade 5 B,Term 1,2026,English,56,C+,28,Good effort. Can improve with more practice.
ADM-1334,Alice Kirimi,Grade 5 B,Term 1,2026,Kiswahili,65,B,22,Very good performance. Focus on the few weak areas.
ADM-1334,Alice Kirimi,Grade 5 B,Term 1,2026,Mathematics,67,B,20,Average. Put more effort into homework.
ADM-1334,Alice Kirimi,Grade 5 B,Term 1,2026,Science & Technology,72,B+,15,Excellent work. Keep it up!
ADM-1334,Alice Kirimi,Grade 5 B,Term 1,2026,Social Studies,71,B+,19,Steady progress. Do more revision.
ADM-1334,Alice Kirimi,Grade 5 B,Term 1,2026,Religious Education,55,C+,30,Satisfactory. Needs consistent practice.
ADM-1334,Alice Kirimi,Grade 5 B,Term 1,2026,Creative Arts,84,A,4,Very good performance. Focus on the few weak areas.
ADM-1334,Alice Kirimi,Grade 5 B,Term 1,2026,Physical & Health Education,69,B,17,Excellent work. Keep it up!
ADM-1335,Lawrence Mugambi,Grade 5 B,Term 1,2026,English,66,B,22,Good effort. Can improve with more practice.
ADM-1335,Lawrence Mugambi,Grade 5 B,Term 1,2026,Kiswahili,88,A,2,Steady progress. Do more revision.
ADM-1335,Lawrence Mugambi,Grade 5 B,Term 1,2026,Mathematics,75,A-,8,Needs significant improvement. Revise earlier topics.
ADM-1335,Lawrence Mugambi,Grade 5 B,Term 1,2026,Science & Technology,73,B+,12,Good effort. Can improve with more practice.
ADM-1335,Lawrence Mugambi,Grade 5 B,Term 1,2026,Social Studies,77,A-,13,Performs well under guidance. Keep practising.
ADM-1335,Lawrence Mugambi,Grade 5 B,Term 1,2026,Religious Education,78,A-,11,Very good performance. Focus on the few weak areas.
ADM-1335,Lawrence Mugambi,Grade 5 B,Term 1,2026,Creative Arts,61,B-,26,Steady progress. Do more revision.
ADM-1335,Lawrence Mugambi,Grade 5 B,Term 1,2026,Physical & Health Education,73,B+,14,Satisfactory. Needs consistent practice.
ADM-1336,Mark Kinyua,Grade 5 B,Term 1,2026,English,67,B,19,Good effort. Can improve with more practice.
ADM-1336,Mark Kinyua,Grade 5 B,Term 1,2026,Kiswahili,56,C+,29,Steady progress. Do more revision.
ADM-1336,Mark Kinyua,Grade 5 B,Term 1,2026,Mathematics,70,B+,14,Satisfactory. Needs consistent practice.
ADM-1336,Mark Kinyua,Grade 5 B,Term 1,2026,Science & Technology,66,B,23,Very good performance. Focus on the few weak areas.
ADM-1336,Mark Kinyua,Grade 5 B,Term 1,2026,Social Studies,47,C-,30,Very good performance. Focus on the few weak areas.
ADM-1336,Mark Kinyua,Grade 5 B,Term 1,2026,Religious Education,66,B,19,Very good performance. Focus on the few weak areas.
ADM-1336,Mark Kinyua,Grade 5 B,Term 1,2026,Creative Arts,63,B-,21,Average. Put more effort into homework.
ADM-1336,Mark Kinyua,Grade 5 B,Term 1,2026,Physical & Health Education,65,B,21,Satisfactory. Needs consistent practice.
ADM-1337,Rebecca Sichangi,Grade 5 B,Term 1,2026,English,72,B+,16,Average. Put more effort into homework.
ADM-1337,Rebecca Sichangi,Grade 5 B,Term 1,2026,Kiswahili,58,C+,26,Good effort. Can improve with more practice.
ADM-1337,Rebecca Sichangi,Grade 5 B,Term 1,2026,Mathematics,72,B+,12,Good effort. Can improve with more practice.
ADM-1337,Rebecca Sichangi,Grade 5 B,Term 1,2026,Science & Technology,72,B+,16,Steady progress. Do more revision.
ADM-1337,Rebecca Sichangi,Grade 5 B,Term 1,2026,Social Studies,63,B-,24,Steady progress. Do more revision.
ADM-1337,Rebecca Sichangi,Grade 5 B,Term 1,2026,Religious Education,64,B-,21,Steady progress. Do more revision.
ADM-1337,Rebecca Sichangi,Grade 5 B,Term 1,2026,Creative Arts,73,B+,11,Steady progress. Do more revision.
ADM-1337,Rebecca Sichangi,Grade 5 B,Term 1,2026,Physical & Health Education,75,A-,12,Steady progress. Do more revision.
ADM-1338,Sophia Mwinyi,Grade 5 B,Term 1,2026,English,75,A-,14,Performs well under guidance. Keep practising.
ADM-1338,Sophia Mwinyi,Grade 5 B,Term 1,2026,Kiswahili,58,C+,27,Good effort. Can improve with more practice.
ADM-1338,Sophia Mwinyi,Grade 5 B,Term 1,2026,Mathematics,69,B,15,Very good performance. Focus on the few weak areas.
ADM-1338,Sophia Mwinyi,Grade 5 B,Term 1,2026,Science & Technology,65,B,24,Very good performance. Focus on the few weak areas.
ADM-1338,Sophia Mwinyi,Grade 5 B,Term 1,2026,Social Studies,63,B-,25,Average. Put more effort into homework.
ADM-1338,Sophia Mwinyi,Grade 5 B,Term 1,2026,Religious Education,73,B+,15,Average. Put more effort into homework.
ADM-1338,Sophia Mwinyi,Grade 5 B,Term 1,2026,Creative Arts,63,B-,22,Very good performance. Focus on the few weak areas.
ADM-1338,Sophia Mwinyi,Grade 5 B,Term 1,2026,Physical & Health Education,62,B-,22,Good effort. Can improve with more practice.
ADM-1339,Wesley Pekeri,Grade 5 B,Term 1,2026,English,77,A-,9,Shows understanding of key concepts.
ADM-1339,Wesley Pekeri,Grade 5 B,Term 1,2026,Kiswahili,76,A-,10,Shows understanding of key concepts.
ADM-1339,Wesley Pekeri,Grade 5 B,Term 1,2026,Mathematics,80,A,5,Excellent work. Keep it up!
ADM-1339,Wesley Pekeri,Grade 5 B,Term 1,2026,Science & Technology,71,B+,18,Excellent work. Keep it up!
ADM-1339,Wesley Pekeri,Grade 5 B,Term 1,2026,Social Studies,53,C,27,Steady progress. Do more revision.
ADM-1339,Wesley Pekeri,Grade 5 B,Term 1,2026,Religious Education,67,B,17,Good effort. Can improve with more practice.
ADM-1339,Wesley Pekeri,Grade 5 B,Term 1,2026,Creative Arts,63,B-,23,Good effort. Can improve with more practice.
ADM-1339,Wesley Pekeri,Grade 5 B,Term 1,2026,Physical & Health Education,59,C+,25,Good effort. Can improve with more practice.
ADM-1340,Beatrice Mutua,Grade 5 B,Term 1,2026,English,76,A-,11,Satisfactory. Needs consistent practice.
ADM-1340,Beatrice Mutua,Grade 5 B,Term 1,2026,Kiswahili,74,B+,12,Satisfactory. Needs consistent practice.
ADM-1340,Beatrice Mutua,Grade 5 B,Term 1,2026,Mathematics,61,B-,26,Steady progress. Do more revision.
ADM-1340,Beatrice Mutua,Grade 5 B,Term 1,2026,Science & Technology,72,B+,17,Good effort. Can improve with more practice.
ADM-1340,Beatrice Mutua,Grade 5 B,Term 1,2026,Social Studies,78,A-,12,Satisfactory. Needs consistent practice.
ADM-1340,Beatrice Mutua,Grade 5 B,Term 1,2026,Religious Education,67,B,18,Very good performance. Focus on the few weak areas.
ADM-1340,Beatrice Mutua,Grade 5 B,Term 1,2026,Creative Arts,71,B+,13,Good effort. Can improve with more practice.
ADM-1340,Beatrice Mutua,Grade 5 B,Term 1,2026,Physical & Health Education,58,C+,27,Steady progress. Do more revision.
ADM-1341,Gideon Farah,Grade 5 B,Term 1,2026,English,69,B,18,Average. Put more effort into homework.
ADM-1341,Gideon Farah,Grade 5 B,Term 1,2026,Kiswahili,76,A-,11,Shows understanding of key concepts.
ADM-1341,Gideon Farah,Grade 5 B,Term 1,2026,Mathematics,62,B-,25,Excellent work. Keep it up!
ADM-1341,Gideon Farah,Grade 5 B,Term 1,2026,Science & Technology,75,A-,10,Performs well under guidance. Keep practising.
ADM-1341,Gideon Farah,Grade 5 B,Term 1,2026,Social Studies,81,A,10,Satisfactory. Needs consistent practice.
ADM-1341,Gideon Farah,Grade 5 B,Term 1,2026,Religious Education,58,C+,26,Average. Put more effort into homework.
ADM-1341,Gideon Farah,Grade 5 B,Term 1,2026,Creative Arts,71,B+,14,Steady progress. Do more revision.
ADM-1341,Gideon Farah,Grade 5 B,Term 1,2026,Physical & Health Education,77,A-,10,Performs well under guidance. Keep practising.
ADM-1342,Doreen Obiero,Grade 5 B,Term 1,2026,English,86,A,5,Below average. Extra tuition recommended.
ADM-1342,Doreen Obiero,Grade 5 B,Term 1,2026,Kiswahili,87,A,4,Shows understanding of key concepts.
ADM-1342,Doreen Obiero,Grade 5 B,Term 1,2026,Mathematics,90,A,3,Excellent work. Keep it up!
ADM-1342,Doreen Obiero,Grade 5 B,Term 1,2026,Science & Technology,74,B+,11,Steady progress. Do more revision.
ADM-1342,Doreen Obiero,Grade 5 B,Term 1,2026,Social Studies,79,A-,11,Needs significant improvement. Revise earlier topics.
ADM-1342,Doreen Obiero,Grade 5 B,Term 1,2026,Religious Education,83,A,5,Needs significant improvement. Revise earlier topics.
ADM-1342,Doreen Obiero,Grade 5 B,Term 1,2026,Creative Arts,84,A,5,Below average. Extra tuition recommended.
ADM-1342,Doreen Obiero,Grade 5 B,Term 1,2026,Physical & Health Education,78,A-,9,Average. Put more effort into homework.
ADM-1343,Esther Wanjala,Grade 5 B,Term 1,2026,English,46,C-,31,Good effort. Can improve with more practice.
ADM-1343,Esther Wanjala,Grade 5 B,Term 1,2026,Kiswahili,42,D+,31,Low effort despite ability. Needs encouragement.
ADM-1343,Esther Wanjala,Grade 5 B,Term 1,2026,Mathematics,47,C-,31,Steady progress. Do more revision.
ADM-1343,Esther Wanjala,Grade 5 B,Term 1,2026,Science & Technology,60,B-,29,Average. Put more effort into homework.
ADM-1343,Esther Wanjala,Grade 5 B,Term 1,2026,Social Studies,47,C-,31,Good effort. Can improve with more practice.
ADM-1343,Esther Wanjala,Grade 5 B,Term 1,2026,Religious Education,44,D+,32,Concept grasp is weak; repeat class exercises.
ADM-1343,Esther Wanjala,Grade 5 B,Term 1,2026,Creative Arts,47,C-,32,Good effort. Can improve with more practice.
ADM-1343,Esther Wanjala,Grade 5 B,Term 1,2026,Physical & Health Education,58,C+,28,Good effort. Can improve with more practice.
ADM-1344,Joshua Ambani,Grade 5 B,Term 1,2026,English,67,B,20,Excellent work. Keep it up!
ADM-1344,Joshua Ambani,Grade 5 B,Term 1,2026,Kiswahili,62,B-,25,Satisfactory. Needs consistent practice.
ADM-1344,Joshua Ambani,Grade 5 B,Term 1,2026,Mathematics,73,B+,11,Very good performance. Focus on the few weak areas.
ADM-1344,Joshua Ambani,Grade 5 B,Term 1,2026,Science & Technology,73,B+,13,Satisfactory. Needs consistent practice.
ADM-1344,Joshua Ambani,Grade 5 B,Term 1,2026,Social Studies,ABS,ABS,,Absent for the examination.
ADM-1344,Joshua Ambani,Grade 5 B,Term 1,2026,Religious Education,62,B-,23,Satisfactory. Needs consistent practice.
ADM-1344,Joshua Ambani,Grade 5 B,Term 1,2026,Creative Arts,61,B-,27,Good effort. Can improve with more practice.
ADM-1344,Joshua Ambani,Grade 5 B,Term 1,2026,Physical & Health Education,68,B,19,Satisfactory. Needs consistent practice.
ADM-1345,Brian Chepkoech,Grade 5 B,Term 1,2026,English,67,B,21,Steady progress. Do more revision.
ADM-1345,Brian Chepkoech,Grade 5 B,Term 1,2026,Kiswahili,45,C-,30,Good effort. Can improve with more practice.
ADM-1345,Brian Chepkoech,Grade 5 B,Term 1,2026,Mathematics,56,C+,29,Good effort. Can improve with more practice.
ADM-1345,Brian Chepkoech,Grade 5 B,Term 1,2026,Science & Technology,53,C,31,Very good performance. Focus on the few weak areas.
ADM-1345,Brian Chepkoech,Grade 5 B,Term 1,2026,Social Studies,63,B-,26,Satisfactory. Needs consistent practice.
ADM-1345,Brian Chepkoech,Grade 5 B,Term 1,2026,Religious Education,65,B,20,Steady progress. Do more revision.
ADM-1345,Brian Chepkoech,Grade 5 B,Term 1,2026,Creative Arts,63,B-,24,Very good performance. Focus on the few weak areas.
ADM-1345,Brian Chepkoech,Grade 5 B,Term 1,2026,Physical & Health Education,48,C-,30,Average. Put more effort into homework.
ADM-1346,Rachael Gitau,Grade 5 B,Term 1,2026,English,89,A,3,Steady progress. Do more revision.
ADM-1346,Rachael Gitau,Grade 5 B,Term 1,2026,Kiswahili,83,A,7,Very good performance. Focus on the few weak areas.
ADM-1346,Rachael Gitau,Grade 5 B,Term 1,2026,Mathematics,68,B,19,Steady progress. Do more revision.
ADM-1346,Rachael Gitau,Grade 5 B,Term 1,2026,Science & Technology,70,B+,20,Steady progress. Do more revision.
ADM-1346,Rachael Gitau,Grade 5 B,Term 1,2026,Social Studies,76,A-,14,Excellent work. Keep it up!
ADM-1346,Rachael Gitau,Grade 5 B,Term 1,2026,Religious Education,83,A,6,Steady progress. Do more revision.
ADM-1346,Rachael Gitau,Grade 5 B,Term 1,2026,Creative Arts,61,B-,28,Good effort. Can improve with more practice.
ADM-1346,Rachael Gitau,Grade 5 B,Term 1,2026,Physical & Health Education,60,B-,24,Satisfactory. Needs consistent practice.
ADM-1347,Olivia Wanjala,Grade 5 B,Term 1,2026,English,61,B-,25,Steady progress. Do more revision.
ADM-1347,Olivia Wanjala,Grade 5 B,Term 1,2026,Kiswahili,70,B+,15,Excellent work. Keep it up!
ADM-1347,Olivia Wanjala,Grade 5 B,Term 1,2026,Mathematics,61,B-,27,Steady progress. Do more revision.
ADM-1347,Olivia Wanjala,Grade 5 B,Term 1,2026,Science & Technology,81,A,6,Below average. Extra tuition recommended.
ADM-1347,Olivia Wanjala,Grade 5 B,Term 1,2026,Social Studies,71,B+,20,Steady progress. Do more revision.
ADM-1347,Olivia Wanjala,Grade 5 B,Term 1,2026,Religious Education,57,C+,27,Satisfactory. Needs consistent practice.
ADM-1347,Olivia Wanjala,Grade 5 B,Term 1,2026,Creative Arts,62,B-,25,Excellent work. Keep it up!
ADM-1347,Olivia Wanjala,Grade 5 B,Term 1,2026,Physical & Health Education,84,A,4,Steady progress. Do more revision.
ADM-1348,Amos Nzioka,Grade 5 B,Term 1,2026,English,40,D+,32,Concept grasp is weak; repeat class exercises.
ADM-1348,Amos Nzioka,Grade 5 B,Term 1,2026,Kiswahili,40,D+,32,Concept grasp is weak; repeat class exercises.
ADM-1348,Amos Nzioka,Grade 5 B,Term 1,2026,Mathematics,33,D-,32,Frequent absenteeism is affecting performance.
ADM-1348,Amos Nzioka,Grade 5 B,Term 1,2026,Science & Technology,45,C-,32,Satisfactory. Needs consistent practice.
ADM-1348,Amos Nzioka,Grade 5 B,Term 1,2026,Social Studies,64,B-,23,Satisfactory. Needs consistent practice.
ADM-1348,Amos Nzioka,Grade 5 B,Term 1,2026,Religious Education,47,C-,31,Steady progress. Do more revision.
ADM-1348,Amos Nzioka,Grade 5 B,Term 1,2026,Creative Arts,54,C,29,Satisfactory. Needs consistent practice.
ADM-1348,Amos Nzioka,Grade 5 B,Term 1,2026,Physical & Health Education,41,D+,31,Struggles with this subject. Seek remedial help.
ADM-1349,Anthony Kirimi,Grade 5 B,Term 1,2026,English,58,C+,27,Good effort. Can improve with more practice.
ADM-1349,Anthony Kirimi,Grade 5 B,Term 1,2026,Kiswahili,67,B,20,Satisfactory. Needs consistent practice.
ADM-1349,Anthony Kirimi,Grade 5 B,Term 1,2026,Mathematics,54,C,30,Excellent work. Keep it up!
ADM-1349,Anthony Kirimi,Grade 5 B,Term 1,2026,Science & Technology,77,A-,8,Satisfactory. Needs consistent practice.
ADM-1349,Anthony Kirimi,Grade 5 B,Term 1,2026,Social Studies,51,C,28,Very good performance. Focus on the few weak areas.
ADM-1349,Anthony Kirimi,Grade 5 B,Term 1,2026,Religious Education,77,A-,12,Very good performance. Focus on the few weak areas.
ADM-1349,Anthony Kirimi,Grade 5 B,Term 1,2026,Creative Arts,54,C,30,Good effort. Can improve with more practice.
ADM-1349,Anthony Kirimi,Grade 5 B,Term 1,2026,Physical & Health Education,59,C+,26,Excellent work. Keep it up!
ADM-1350,Wesley Bii,Grade 5 B,Term 1,2026,English,85,A,6,Shows understanding of key concepts.
ADM-1350,Wesley Bii,Grade 5 B,Term 1,2026,Kiswahili,57,C+,28,Excellent work. Keep it up!
ADM-1350,Wesley Bii,Grade 5 B,Term 1,2026,Mathematics,69,B,16,Good effort. Can improve with more practice.
ADM-1350,Wesley Bii,Grade 5 B,Term 1,2026,Science & Technology,70,B+,21,Average. Put more effort into homework.
ADM-1350,Wesley Bii,Grade 5 B,Term 1,2026,Social Studies,85,A,2,Good effort. Can improve with more practice.
ADM-1350,Wesley Bii,Grade 5 B,Term 1,2026,Religious Education,56,C+,29,Good effort. Can improve with more practice.
ADM-1350,Wesley Bii,Grade 5 B,Term 1,2026,Creative Arts,54,C,31,Average. Put more effort into homework.
ADM-1350,Wesley Bii,Grade 5 B,Term 1,2026,Physical & Health Education,68,B,20,Excellent work. Keep it up!
ADM-1351,Godfrey Lugalia,Grade 5 B,Term 1,2026,English,81,A,7,Good effort. Can improve with more practice.
ADM-1351,Godfrey Lugalia,Grade 5 B,Term 1,2026,Kiswahili,93,A,1,Good effort. Can improve with more practice.
ADM-1351,Godfrey Lugalia,Grade 5 B,Term 1,2026,Mathematics,69,B,17,Average. Put more effort into homework.
ADM-1351,Godfrey Lugalia,Grade 5 B,Term 1,2026,Science & Technology,82,A,5,Below average. Extra tuition recommended.
ADM-1351,Godfrey Lugalia,Grade 5 B,Term 1,2026,Social Studies,84,A,3,Below average. Extra tuition recommended.
ADM-1351,Godfrey Lugalia,Grade 5 B,Term 1,2026,Religious Education,87,A,3,Satisfactory. Needs consistent practice.
ADM-1351,Godfrey Lugalia,Grade 5 B,Term 1,2026,Creative Arts,83,A,6,Very good performance. Focus on the few weak areas.
ADM-1351,Godfrey Lugalia,Grade 5 B,Term 1,2026,Physical & Health Education,69,B,18,Steady progress. Do more revision.
ADM-1352,Joyce Chebet,Grade 5 B,Term 1,2026,English,56,C+,29,Satisfactory. Needs consistent practice.
ADM-1352,Joyce Chebet,Grade 5 B,Term 1,2026,Kiswahili,69,B,18,Average. Put more effort into homework.
ADM-1352,Joyce Chebet,Grade 5 B,Term 1,2026,Mathematics,77,A-,7,Average. Put more effort into homework.
ADM-1352,Joyce Chebet,Grade 5 B,Term 1,2026,Science & Technology,64,B-,27,Satisfactory. Needs consistent practice.
ADM-1352,Joyce Chebet,Grade 5 B,Term 1,2026,Social Studies,75,A-,17,Steady progress. Do more revision.
ADM-1352,Joyce Chebet,Grade 5 B,Term 1,2026,Religious Education,76,A-,13,Good effort. Can improve with more practice.
ADM-1352,Joyce Chebet,Grade 5 B,Term 1,2026,Creative Arts,71,B+,15,Excellent work. Keep it up!
ADM-1352,Joyce Chebet,Grade 5 B,Term 1,2026,Physical & Health Education,77,A-,11,Good effort. Can improve with more practice.
ADM-1353,Stephen Tianai,Grade 5 B,Term 1,2026,English,76,A-,12,Excellent work. Keep it up!
ADM-1353,Stephen Tianai,Grade 5 B,Term 1,2026,Kiswahili,69,B,19,Very good performance. Focus on the few weak areas.
ADM-1353,Stephen Tianai,Grade 5 B,Term 1,2026,Mathematics,78,A-,6,Needs significant improvement. Revise earlier topics.
ADM-1353,Stephen Tianai,Grade 5 B,Term 1,2026,Science & Technology,77,A-,9,Good effort. Can improve with more practice.
ADM-1353,Stephen Tianai,Grade 5 B,Term 1,2026,Social Studies,84,A,4,Satisfactory. Needs consistent practice.
ADM-1353,Stephen Tianai,Grade 5 B,Term 1,2026,Religious Education,91,A,2,Excellent work. Keep it up!
ADM-1353,Stephen Tianai,Grade 5 B,Term 1,2026,Creative Arts,70,B+,16,Good effort. Can improve with more practice.
ADM-1353,Stephen Tianai,Grade 5 B,Term 1,2026,Physical & Health Education,ABS,ABS,,Absent for the examination.
ADM-1354,Patrick Barasa,Grade 5 B,Term 1,2026,English,98,A,1,Very good performance. Focus on the few weak areas.
ADM-1354,Patrick Barasa,Grade 5 B,Term 1,2026,Kiswahili,85,A,5,Needs significant improvement. Revise earlier topics.
ADM-1354,Patrick Barasa,Grade 5 B,Term 1,2026,Mathematics,95,A,2,Very good performance. Focus on the few weak areas.
ADM-1354,Patrick Barasa,Grade 5 B,Term 1,2026,Science & Technology,91,A,2,Performs well under guidance. Keep practising.
ADM-1354,Patrick Barasa,Grade 5 B,Term 1,2026,Social Studies,82,A,8,Very good performance. Focus on the few weak areas.
ADM-1354,Patrick Barasa,Grade 5 B,Term 1,2026,Religious Education,81,A,7,Steady progress. Do more revision.
ADM-1354,Patrick Barasa,Grade 5 B,Term 1,2026,Creative Arts,87,A,3,Shows understanding of key concepts.
ADM-1354,Patrick Barasa,Grade 5 B,Term 1,2026,Physical & Health Education,93,A,2,Needs significant improvement. Revise earlier topics.
ADM-1355,Meshack Wamalwa,Grade 5 B,Term 1,2026,English,81,A,8,Needs significant improvement. Revise earlier topics.
ADM-1355,Meshack Wamalwa,Grade 5 B,Term 1,2026,Kiswahili,71,B+,14,Good effort. Can improve with more practice.
ADM-1355,Meshack Wamalwa,Grade 5 B,Term 1,2026,Mathematics,72,B+,13,Steady progress. Do more revision.
ADM-1355,Meshack Wamalwa,Grade 5 B,Term 1,2026,Science & Technology,65,B,25,Very good performance. Focus on the few weak areas.
ADM-1355,Meshack Wamalwa,Grade 5 B,Term 1,2026,Social Studies,76,A-,15,Shows understanding of key concepts.
ADM-1355,Meshack Wamalwa,Grade 5 B,Term 1,2026,Religious Education,86,A,4,Performs well under guidance. Keep practising.
ADM-1355,Meshack Wamalwa,Grade 5 B,Term 1,2026,Creative Arts,68,B,18,Satisfactory. Needs consistent practice.
ADM-1355,Meshack Wamalwa,Grade 5 B,Term 1,2026,Physical & Health Education,79,A-,8,Needs significant improvement. Revise earlier topics.
ADM-1356,Kipchoge Kamau,Grade 5 B,Term 1,2026,English,65,B,23,Very good performance. Focus on the few weak areas.
ADM-1356,Kipchoge Kamau,Grade 5 B,Term 1,2026,Kiswahili,63,B-,23,Good effort. Can improve with more practice.
ADM-1356,Kipchoge Kamau,Grade 5 B,Term 1,2026,Mathematics,67,B,21,Very good performance. Focus on the few weak areas.
ADM-1356,Kipchoge Kamau,Grade 5 B,Term 1,2026,Science & Technology,59,C+,30,Steady progress. Do more revision.
ADM-1356,Kipchoge Kamau,Grade 5 B,Term 1,2026,Social Studies,82,A,9,Performs well under guidance. Keep practising.
ADM-1356,Kipchoge Kamau,Grade 5 B,Term 1,2026,Religious Education,57,C+,28,Excellent work. Keep it up!
ADM-1356,Kipchoge Kamau,Grade 5 B,Term 1,2026,Creative Arts,74,B+,10,Very good performance. Focus on the few weak areas.
ADM-1356,Kipchoge Kamau,Grade 5 B,Term 1,2026,Physical & Health Education,73,B+,15,Excellent work. Keep it up!
ADM-1357,Dorcas Mugo,Grade 6 A,Term 1,2026,English,78,A-,7,Shows understanding of key concepts.
ADM-1357,Dorcas Mugo,Grade 6 A,Term 1,2026,Kiswahili,72,B+,15,Average. Put more effort into homework.
ADM-1357,Dorcas Mugo,Grade 6 A,Term 1,2026,Mathematics,58,C+,23,Good effort. Can improve with more practice.
ADM-1357,Dorcas Mugo,Grade 6 A,Term 1,2026,Science & Technology,72,B+,12,Satisfactory. Needs consistent practice.
ADM-1357,Dorcas Mugo,Grade 6 A,Term 1,2026,Social Studies,69,B,19,Satisfactory. Needs consistent practice.
ADM-1357,Dorcas Mugo,Grade 6 A,Term 1,2026,Religious Education,59,C+,23,Steady progress. Do more revision.
ADM-1357,Dorcas Mugo,Grade 6 A,Term 1,2026,Creative Arts,81,A,5,Needs significant improvement. Revise earlier topics.
ADM-1357,Dorcas Mugo,Grade 6 A,Term 1,2026,Physical & Health Education,65,B,17,Steady progress. Do more revision.
ADM-1358,Karen Korir,Grade 6 A,Term 1,2026,English,88,A,3,Shows understanding of key concepts.
ADM-1358,Karen Korir,Grade 6 A,Term 1,2026,Kiswahili,78,A-,7,Steady progress. Do more revision.
ADM-1358,Karen Korir,Grade 6 A,Term 1,2026,Mathematics,78,A-,9,Performs well under guidance. Keep practising.
ADM-1358,Karen Korir,Grade 6 A,Term 1,2026,Science & Technology,79,A-,9,Satisfactory. Needs consistent practice.
ADM-1358,Karen Korir,Grade 6 A,Term 1,2026,Social Studies,83,A,6,Needs significant improvement. Revise earlier topics.
ADM-1358,Karen Korir,Grade 6 A,Term 1,2026,Religious Education,81,A,9,Satisfactory. Needs consistent practice.
ADM-1358,Karen Korir,Grade 6 A,Term 1,2026,Creative Arts,71,B+,11,Average. Put more effort into homework.
ADM-1358,Karen Korir,Grade 6 A,Term 1,2026,Physical & Health Education,78,A-,8,Satisfactory. Needs consistent practice.
ADM-1359,Andrew Juma,Grade 6 A,Term 1,2026,English,62,B-,24,Satisfactory. Needs consistent practice.
ADM-1359,Andrew Juma,Grade 6 A,Term 1,2026,Kiswahili,58,C+,24,Good effort. Can improve with more practice.
ADM-1359,Andrew Juma,Grade 6 A,Term 1,2026,Mathematics,70,B+,16,Very good performance. Focus on the few weak areas.
ADM-1359,Andrew Juma,Grade 6 A,Term 1,2026,Science & Technology,71,B+,15,Excellent work. Keep it up!
ADM-1359,Andrew Juma,Grade 6 A,Term 1,2026,Social Studies,74,B+,14,Excellent work. Keep it up!
ADM-1359,Andrew Juma,Grade 6 A,Term 1,2026,Religious Education,73,B+,10,Excellent work. Keep it up!
ADM-1359,Andrew Juma,Grade 6 A,Term 1,2026,Creative Arts,67,B,15,Good effort. Can improve with more practice.
ADM-1359,Andrew Juma,Grade 6 A,Term 1,2026,Physical & Health Education,70,B+,14,Satisfactory. Needs consistent practice.
ADM-1360,Gideon Mburu,Grade 6 A,Term 1,2026,English,71,B+,17,Satisfactory. Needs consistent practice.
ADM-1360,Gideon Mburu,Grade 6 A,Term 1,2026,Kiswahili,53,C,28,Steady progress. Do more revision.
ADM-1360,Gideon Mburu,Grade 6 A,Term 1,2026,Mathematics,55,C+,27,Average. Put more effort into homework.
ADM-1360,Gideon Mburu,Grade 6 A,Term 1,2026,Science & Technology,59,C+,22,Satisfactory. Needs consistent practice.
ADM-1360,Gideon Mburu,Grade 6 A,Term 1,2026,Social Studies,58,C+,25,Average. Put more effort into homework.
ADM-1360,Gideon Mburu,Grade 6 A,Term 1,2026,Religious Education,59,C+,24,Good effort. Can improve with more practice.
ADM-1360,Gideon Mburu,Grade 6 A,Term 1,2026,Creative Arts,65,B,18,Satisfactory. Needs consistent practice.
ADM-1360,Gideon Mburu,Grade 6 A,Term 1,2026,Physical & Health Education,71,B+,12,Excellent work. Keep it up!
ADM-1361,Ian Ali,Grade 6 A,Term 1,2026,English,76,A-,10,Below average. Extra tuition recommended.
ADM-1361,Ian Ali,Grade 6 A,Term 1,2026,Kiswahili,95,A,2,Shows understanding of key concepts.
ADM-1361,Ian Ali,Grade 6 A,Term 1,2026,Mathematics,82,A,4,Excellent work. Keep it up!
ADM-1361,Ian Ali,Grade 6 A,Term 1,2026,Science & Technology,91,A,2,Very good performance. Focus on the few weak areas.
ADM-1361,Ian Ali,Grade 6 A,Term 1,2026,Social Studies,100,A,1,Below average. Extra tuition recommended.
ADM-1361,Ian Ali,Grade 6 A,Term 1,2026,Religious Education,87,A,5,Average. Put more effort into homework.
ADM-1361,Ian Ali,Grade 6 A,Term 1,2026,Creative Arts,84,A,3,Performs well under guidance. Keep practising.
ADM-1361,Ian Ali,Grade 6 A,Term 1,2026,Physical & Health Education,81,A,4,Needs significant improvement. Revise earlier topics.
ADM-1362,Monica Odhiambo,Grade 6 A,Term 1,2026,English,74,B+,14,Steady progress. Do more revision.
ADM-1362,Monica Odhiambo,Grade 6 A,Term 1,2026,Kiswahili,74,B+,13,Very good performance. Focus on the few weak areas.
ADM-1362,Monica Odhiambo,Grade 6 A,Term 1,2026,Mathematics,75,A-,14,Excellent work. Keep it up!
ADM-1362,Monica Odhiambo,Grade 6 A,Term 1,2026,Science & Technology,81,A,8,Average. Put more effort into homework.
ADM-1362,Monica Odhiambo,Grade 6 A,Term 1,2026,Social Studies,64,B-,21,Good effort. Can improve with more practice.
ADM-1362,Monica Odhiambo,Grade 6 A,Term 1,2026,Religious Education,87,A,6,Below average. Extra tuition recommended.
ADM-1362,Monica Odhiambo,Grade 6 A,Term 1,2026,Creative Arts,64,B-,19,Excellent work. Keep it up!
ADM-1362,Monica Odhiambo,Grade 6 A,Term 1,2026,Physical & Health Education,80,A,5,Steady progress. Do more revision.
ADM-1363,John Barasa,Grade 6 A,Term 1,2026,English,49,C-,30,Average. Put more effort into homework.
ADM-1363,John Barasa,Grade 6 A,Term 1,2026,Kiswahili,41,D+,30,Homework not done regularly.
ADM-1363,John Barasa,Grade 6 A,Term 1,2026,Mathematics,46,C-,30,Very good performance. Focus on the few weak areas.
ADM-1363,John Barasa,Grade 6 A,Term 1,2026,Science & Technology,59,C+,23,Average. Put more effort into homework.
ADM-1363,John Barasa,Grade 6 A,Term 1,2026,Social Studies,47,C-,29,Steady progress. Do more revision.
ADM-1363,John Barasa,Grade 6 A,Term 1,2026,Religious Education,62,B-,20,Satisfactory. Needs consistent practice.
ADM-1363,John Barasa,Grade 6 A,Term 1,2026,Creative Arts,50,C,29,Steady progress. Do more revision.
ADM-1363,John Barasa,Grade 6 A,Term 1,2026,Physical & Health Education,ABS,ABS,,Absent for the examination.
ADM-1364,Winfred Ambani,Grade 6 A,Term 1,2026,English,82,A,6,Satisfactory. Needs consistent practice.
ADM-1364,Winfred Ambani,Grade 6 A,Term 1,2026,Kiswahili,87,A,4,Shows understanding of key concepts.
ADM-1364,Winfred Ambani,Grade 6 A,Term 1,2026,Mathematics,78,A-,10,Excellent work. Keep it up!
ADM-1364,Winfred Ambani,Grade 6 A,Term 1,2026,Science & Technology,79,A-,10,Satisfactory. Needs consistent practice.
ADM-1364,Winfred Ambani,Grade 6 A,Term 1,2026,Social Studies,95,A,2,Performs well under guidance. Keep practising.
ADM-1364,Winfred Ambani,Grade 6 A,Term 1,2026,Religious Education,84,A,8,Needs significant improvement. Revise earlier topics.
ADM-1364,Winfred Ambani,Grade 6 A,Term 1,2026,Creative Arts,84,A,4,Very good performance. Focus on the few weak areas.
ADM-1364,Winfred Ambani,Grade 6 A,Term 1,2026,Physical & Health Education,93,A,1,Very good performance. Focus on the few weak areas.
ADM-1365,Edwin Tianai,Grade 6 A,Term 1,2026,English,91,A,2,Below average. Extra tuition recommended.
ADM-1365,Edwin Tianai,Grade 6 A,Term 1,2026,Kiswahili,88,A,3,Performs well under guidance. Keep practising.
ADM-1365,Edwin Tianai,Grade 6 A,Term 1,2026,Mathematics,91,A,1,Excellent work. Keep it up!
ADM-1365,Edwin Tianai,Grade 6 A,Term 1,2026,Science & Technology,100,A,1,Needs significant improvement. Revise earlier topics.
ADM-1365,Edwin Tianai,Grade 6 A,Term 1,2026,Social Studies,86,A,3,Below average. Extra tuition recommended.
ADM-1365,Edwin Tianai,Grade 6 A,Term 1,2026,Religious Education,100,A,1,Below average. Extra tuition recommended.
ADM-1365,Edwin Tianai,Grade 6 A,Term 1,2026,Creative Arts,100,A,1,Needs significant improvement. Revise earlier topics.
ADM-1365,Edwin Tianai,Grade 6 A,Term 1,2026,Physical & Health Education,92,A,2,Good effort. Can improve with more practice.
ADM-1366,Harrison Kimutai,Grade 6 A,Term 1,2026,English,60,B-,26,Average. Put more effort into homework.
ADM-1366,Harrison Kimutai,Grade 6 A,Term 1,2026,Kiswahili,75,A-,11,Performs well under guidance. Keep practising.
ADM-1366,Harrison Kimutai,Grade 6 A,Term 1,2026,Mathematics,62,B-,21,Satisfactory. Needs consistent practice.
ADM-1366,Harrison Kimutai,Grade 6 A,Term 1,2026,Science & Technology,52,C,28,Excellent work. Keep it up!
ADM-1366,Harrison Kimutai,Grade 6 A,Term 1,2026,Social Studies,78,A-,10,Average. Put more effort into homework.
ADM-1366,Harrison Kimutai,Grade 6 A,Term 1,2026,Religious Education,60,B-,21,Satisfactory. Needs consistent practice.
ADM-1366,Harrison Kimutai,Grade 6 A,Term 1,2026,Creative Arts,58,C+,25,Satisfactory. Needs consistent practice.
ADM-1366,Harrison Kimutai,Grade 6 A,Term 1,2026,Physical & Health Education,54,C,28,Very good performance. Focus on the few weak areas.
ADM-1367,Charity Tuwei,Grade 6 A,Term 1,2026,English,78,A-,8,Performs well under guidance. Keep practising.
ADM-1367,Charity Tuwei,Grade 6 A,Term 1,2026,Kiswahili,60,B-,22,Average. Put more effort into homework.
ADM-1367,Charity Tuwei,Grade 6 A,Term 1,2026,Mathematics,57,C+,25,Steady progress. Do more revision.
ADM-1367,Charity Tuwei,Grade 6 A,Term 1,2026,Science & Technology,70,B+,16,Good effort. Can improve with more practice.
ADM-1367,Charity Tuwei,Grade 6 A,Term 1,2026,Social Studies,64,B-,22,Excellent work. Keep it up!
ADM-1367,Charity Tuwei,Grade 6 A,Term 1,2026,Religious Education,60,B-,22,Very good performance. Focus on the few weak areas.
ADM-1367,Charity Tuwei,Grade 6 A,Term 1,2026,Creative Arts,69,B,14,Very good performance. Focus on the few weak areas.
ADM-1367,Charity Tuwei,Grade 6 A,Term 1,2026,Physical & Health Education,65,B,18,Satisfactory. Needs consistent practice.
ADM-1368,Stephen Wanjiku,Grade 6 A,Term 1,2026,English,83,A,5,Shows understanding of key concepts.
ADM-1368,Stephen Wanjiku,Grade 6 A,Term 1,2026,Kiswahili,78,A-,8,Steady progress. Do more revision.
ADM-1368,Stephen Wanjiku,Grade 6 A,Term 1,2026,Mathematics,80,A,8,Very good performance. Focus on the few weak areas.
ADM-1368,Stephen Wanjiku,Grade 6 A,Term 1,2026,Science & Technology,90,A,4,Performs well under guidance. Keep practising.
ADM-1368,Stephen Wanjiku,Grade 6 A,Term 1,2026,Social Studies,79,A-,8,Satisfactory. Needs consistent practice.
ADM-1368,Stephen Wanjiku,Grade 6 A,Term 1,2026,Religious Education,88,A,4,Satisfactory. Needs consistent practice.
ADM-1368,Stephen Wanjiku,Grade 6 A,Term 1,2026,Creative Arts,71,B+,12,Steady progress. Do more revision.
ADM-1368,Stephen Wanjiku,Grade 6 A,Term 1,2026,Physical & Health Education,77,A-,9,Below average. Extra tuition recommended.
ADM-1369,Catherine Igweta,Grade 6 A,Term 1,2026,English,61,B-,25,Very good performance. Focus on the few weak areas.
ADM-1369,Catherine Igweta,Grade 6 A,Term 1,2026,Kiswahili,56,C+,26,Excellent work. Keep it up!
ADM-1369,Catherine Igweta,Grade 6 A,Term 1,2026,Mathematics,53,C,28,Excellent work. Keep it up!
ADM-1369,Catherine Igweta,Grade 6 A,Term 1,2026,Science & Technology,58,C+,24,Good effort. Can improve with more practice.
ADM-1369,Catherine Igweta,Grade 6 A,Term 1,2026,Social Studies,50,C,28,Excellent work. Keep it up!
ADM-1369,Catherine Igweta,Grade 6 A,Term 1,2026,Religious Education,49,C-,28,Good effort. Can improve with more practice.
ADM-1369,Catherine Igweta,Grade 6 A,Term 1,2026,Creative Arts,59,C+,24,Satisfactory. Needs consistent practice.
ADM-1369,Catherine Igweta,Grade 6 A,Term 1,2026,Physical & Health Education,52,C,29,Steady progress. Do more revision.
ADM-1370,Joyce Ndungu,Grade 6 A,Term 1,2026,English,71,B+,18,Very good performance. Focus on the few weak areas.
ADM-1370,Joyce Ndungu,Grade 6 A,Term 1,2026,Kiswahili,75,A-,12,Below average. Extra tuition recommended.
ADM-1370,Joyce Ndungu,Grade 6 A,Term 1,2026,Mathematics,83,A,3,Excellent work. Keep it up!
ADM-1370,Joyce Ndungu,Grade 6 A,Term 1,2026,Science & Technology,63,B-,21,Very good performance. Focus on the few weak areas.
ADM-1370,Joyce Ndungu,Grade 6 A,Term 1,2026,Social Studies,69,B,20,Very good performance. Focus on the few weak areas.
ADM-1370,Joyce Ndungu,Grade 6 A,Term 1,2026,Religious Education,68,B,14,Average. Put more effort into homework.
ADM-1370,Joyce Ndungu,Grade 6 A,Term 1,2026,Creative Arts,70,B+,13,Steady progress. Do more revision.
ADM-1370,Joyce Ndungu,Grade 6 A,Term 1,2026,Physical & Health Education,60,B-,23,Steady progress. Do more revision.
ADM-1371,Agnes Igweta,Grade 6 A,Term 1,2026,English,32,D-,31,Repeated the topic without mastering basics. Revise.
ADM-1371,Agnes Igweta,Grade 6 A,Term 1,2026,Kiswahili,35,D,31,Homework not done regularly.
ADM-1371,Agnes Igweta,Grade 6 A,Term 1,2026,Mathematics,58,C+,24,Very good performance. Focus on the few weak areas.
ADM-1371,Agnes Igweta,Grade 6 A,Term 1,2026,Science & Technology,50,C,29,Good effort. Can improve with more practice.
ADM-1371,Agnes Igweta,Grade 6 A,Term 1,2026,Social Studies,44,D+,30,Frequent absenteeism is affecting performance.
ADM-1371,Agnes Igweta,Grade 6 A,Term 1,2026,Religious Education,48,C-,29,Good effort. Can improve with more practice.
ADM-1371,Agnes Igweta,Grade 6 A,Term 1,2026,Creative Arts,29,E,31,Repeated the topic without mastering basics. Revise.
ADM-1371,Agnes Igweta,Grade 6 A,Term 1,2026,Physical & Health Education,37,D,30,Poor foundation from previous grade. Support needed.
ADM-1372,Tabitha Owino,Grade 6 A,Term 1,2026,English,74,B+,15,Good effort. Can improve with more practice.
ADM-1372,Tabitha Owino,Grade 6 A,Term 1,2026,Kiswahili,58,C+,25,Satisfactory. Needs consistent practice.
ADM-1372,Tabitha Owino,Grade 6 A,Term 1,2026,Mathematics,56,C+,26,Satisfactory. Needs consistent practice.
ADM-1372,Tabitha Owino,Grade 6 A,Term 1,2026,Science & Technology,72,B+,13,Good effort. Can improve with more practice.
ADM-1372,Tabitha Owino,Grade 6 A,Term 1,2026,Social Studies,63,B-,23,Very good performance. Focus on the few weak areas.
ADM-1372,Tabitha Owino,Grade 6 A,Term 1,2026,Religious Education,56,C+,25,Excellent work. Keep it up!
ADM-1372,Tabitha Owino,Grade 6 A,Term 1,2026,Creative Arts,64,B-,20,Very good performance. Focus on the few weak areas.
ADM-1372,Tabitha Owino,Grade 6 A,Term 1,2026,Physical & Health Education,60,B-,24,Steady progress. Do more revision.
ADM-1373,Donald Auma,Grade 6 A,Term 1,2026,English,50,C,29,Average. Put more effort into homework.
ADM-1373,Donald Auma,Grade 6 A,Term 1,2026,Kiswahili,60,B-,23,Excellent work. Keep it up!
ADM-1373,Donald Auma,Grade 6 A,Term 1,2026,Mathematics,40,D+,31,Homework not done regularly.
ADM-1373,Donald Auma,Grade 6 A,Term 1,2026,Science & Technology,44,D+,31,Concept grasp is weak; repeat class exercises.
ADM-1373,Donald Auma,Grade 6 A,Term 1,2026,Social Studies,42,D+,31,Lacks interest; encourage reading at home.
ADM-1373,Donald Auma,Grade 6 A,Term 1,2026,Religious Education,44,D+,30,Repeated the topic without mastering basics. Revise.
ADM-1373,Donald Auma,Grade 6 A,Term 1,2026,Creative Arts,44,D+,30,Repeated the topic without mastering basics. Revise.
ADM-1373,Donald Auma,Grade 6 A,Term 1,2026,Physical & Health Education,58,C+,26,Good effort. Can improve with more practice.
ADM-1374,Luke Gitau,Grade 6 A,Term 1,2026,English,84,A,4,Shows understanding of key concepts.
ADM-1374,Luke Gitau,Grade 6 A,Term 1,2026,Kiswahili,97,A,1,Below average. Extra tuition recommended.
ADM-1374,Luke Gitau,Grade 6 A,Term 1,2026,Mathematics,78,A-,11,Very good performance. Focus on the few weak areas.
ADM-1374,Luke Gitau,Grade 6 A,Term 1,2026,Science & Technology,91,A,3,Shows understanding of key concepts.
ADM-1374,Luke Gitau,Grade 6 A,Term 1,2026,Social Studies,78,A-,11,Needs significant improvement. Revise earlier topics.
ADM-1374,Luke Gitau,Grade 6 A,Term 1,2026,Religious Education,73,B+,11,Good effort. Can improve with more practice.
ADM-1374,Luke Gitau,Grade 6 A,Term 1,2026,Creative Arts,76,A-,8,Shows understanding of key concepts.
ADM-1374,Luke Gitau,Grade 6 A,Term 1,2026,Physical & Health Education,79,A-,6,Performs well under guidance. Keep practising.
ADM-1375,James Kathambi,Grade 6 A,Term 1,2026,English,68,B,22,Good effort. Can improve with more practice.
ADM-1375,James Kathambi,Grade 6 A,Term 1,2026,Kiswahili,54,C,27,Steady progress. Do more revision.
ADM-1375,James Kathambi,Grade 6 A,Term 1,2026,Mathematics,59,C+,22,Excellent work. Keep it up!
ADM-1375,James Kathambi,Grade 6 A,Term 1,2026,Science & Technology,46,C-,30,Steady progress. Do more revision.
ADM-1375,James Kathambi,Grade 6 A,Term 1,2026,Social Studies,72,B+,16,Average. Put more effort into homework.
ADM-1375,James Kathambi,Grade 6 A,Term 1,2026,Religious Education,63,B-,18,Average. Put more effort into homework.
ADM-1375,James Kathambi,Grade 6 A,Term 1,2026,Creative Arts,53,C,27,Average. Put more effort into homework.
ADM-1375,James Kathambi,Grade 6 A,Term 1,2026,Physical & Health Education,61,B-,22,Satisfactory. Needs consistent practice.
ADM-1376,Diana Njuguna,Grade 6 A,Term 1,2026,English,70,B+,21,Good effort. Can improve with more practice.
ADM-1376,Diana Njuguna,Grade 6 A,Term 1,2026,Kiswahili,72,B+,16,Good effort. Can improve with more practice.
ADM-1376,Diana Njuguna,Grade 6 A,Term 1,2026,Mathematics,65,B,19,Very good performance. Focus on the few weak areas.
ADM-1376,Diana Njuguna,Grade 6 A,Term 1,2026,Science & Technology,68,B,17,Excellent work. Keep it up!
ADM-1376,Diana Njuguna,Grade 6 A,Term 1,2026,Social Studies,72,B+,17,Average. Put more effort into homework.
ADM-1376,Diana Njuguna,Grade 6 A,Term 1,2026,Religious Education,65,B,17,Excellent work. Keep it up!
ADM-1376,Diana Njuguna,Grade 6 A,Term 1,2026,Creative Arts,77,A-,7,Excellent work. Keep it up!
ADM-1376,Diana Njuguna,Grade 6 A,Term 1,2026,Physical & Health Education,70,B+,15,Excellent work. Keep it up!
ADM-1377,Winnie Odhiambo,Grade 6 A,Term 1,2026,English,78,A-,9,Needs significant improvement. Revise earlier topics.
ADM-1377,Winnie Odhiambo,Grade 6 A,Term 1,2026,Kiswahili,77,A-,9,Satisfactory. Needs consistent practice.
ADM-1377,Winnie Odhiambo,Grade 6 A,Term 1,2026,Mathematics,75,A-,15,Below average. Extra tuition recommended.
ADM-1377,Winnie Odhiambo,Grade 6 A,Term 1,2026,Science & Technology,68,B,18,Good effort. Can improve with more practice.
ADM-1377,Winnie Odhiambo,Grade 6 A,Term 1,2026,Social Studies,80,A,7,Steady progress. Do more revision.
ADM-1377,Winnie Odhiambo,Grade 6 A,Term 1,2026,Religious Education,63,B-,19,Average. Put more effort into homework.
ADM-1377,Winnie Odhiambo,Grade 6 A,Term 1,2026,Creative Arts,63,B-,21,Steady progress. Do more revision.
ADM-1377,Winnie Odhiambo,Grade 6 A,Term 1,2026,Physical & Health Education,64,B-,19,Very good performance. Focus on the few weak areas.
ADM-1378,Abigail Mganga,Grade 6 A,Term 1,2026,English,56,C+,28,Average. Put more effort into homework.
ADM-1378,Abigail Mganga,Grade 6 A,Term 1,2026,Kiswahili,50,C,29,Average. Put more effort into homework.
ADM-1378,Abigail Mganga,Grade 6 A,Term 1,2026,Mathematics,53,C,29,Very good performance. Focus on the few weak areas.
ADM-1378,Abigail Mganga,Grade 6 A,Term 1,2026,Science & Technology,55,C+,26,Steady progress. Do more revision.
ADM-1378,Abigail Mganga,Grade 6 A,Term 1,2026,Social Studies,53,C,27,Satisfactory. Needs consistent practice.
ADM-1378,Abigail Mganga,Grade 6 A,Term 1,2026,Religious Education,53,C,27,Very good performance. Focus on the few weak areas.
ADM-1378,Abigail Mganga,Grade 6 A,Term 1,2026,Creative Arts,51,C,28,Excellent work. Keep it up!
ADM-1378,Abigail Mganga,Grade 6 A,Term 1,2026,Physical & Health Education,57,C+,27,Satisfactory. Needs consistent practice.
ADM-1379,Peninah Korir,Grade 6 A,Term 1,2026,English,75,A-,12,Steady progress. Do more revision.
ADM-1379,Peninah Korir,Grade 6 A,Term 1,2026,Kiswahili,79,A-,6,Very good performance. Focus on the few weak areas.
ADM-1379,Peninah Korir,Grade 6 A,Term 1,2026,Mathematics,90,A,2,Average. Put more effort into homework.
ADM-1379,Peninah Korir,Grade 6 A,Term 1,2026,Science & Technology,72,B+,14,Steady progress. Do more revision.
ADM-1379,Peninah Korir,Grade 6 A,Term 1,2026,Social Studies,73,B+,15,Steady progress. Do more revision.
ADM-1379,Peninah Korir,Grade 6 A,Term 1,2026,Religious Education,90,A,2,Steady progress. Do more revision.
ADM-1379,Peninah Korir,Grade 6 A,Term 1,2026,Creative Arts,76,A-,9,Below average. Extra tuition recommended.
ADM-1379,Peninah Korir,Grade 6 A,Term 1,2026,Physical & Health Education,86,A,3,Below average. Extra tuition recommended.
ADM-1380,Nathaniel Kimeu,Grade 6 A,Term 1,2026,English,73,B+,16,Very good performance. Focus on the few weak areas.
ADM-1380,Nathaniel Kimeu,Grade 6 A,Term 1,2026,Kiswahili,69,B,17,Excellent work. Keep it up!
ADM-1380,Nathaniel Kimeu,Grade 6 A,Term 1,2026,Mathematics,78,A-,12,Good effort. Can improve with more practice.
ADM-1380,Nathaniel Kimeu,Grade 6 A,Term 1,2026,Science & Technology,83,A,6,Average. Put more effort into homework.
ADM-1380,Nathaniel Kimeu,Grade 6 A,Term 1,2026,Social Studies,86,A,4,Below average. Extra tuition recommended.
ADM-1380,Nathaniel Kimeu,Grade 6 A,Term 1,2026,Religious Education,89,A,3,Shows understanding of key concepts.
ADM-1380,Nathaniel Kimeu,Grade 6 A,Term 1,2026,Creative Arts,67,B,16,Satisfactory. Needs consistent practice.
ADM-1380,Nathaniel Kimeu,Grade 6 A,Term 1,2026,Physical & Health Education,71,B+,13,Very good performance. Focus on the few weak areas.
ADM-1381,Gladys Ali,Grade 6 A,Term 1,2026,English,66,B,23,Good effort. Can improve with more practice.
ADM-1381,Gladys Ali,Grade 6 A,Term 1,2026,Kiswahili,63,B-,20,Good effort. Can improve with more practice.
ADM-1381,Gladys Ali,Grade 6 A,Term 1,2026,Mathematics,63,B-,20,Very good performance. Focus on the few weak areas.
ADM-1381,Gladys Ali,Grade 6 A,Term 1,2026,Science & Technology,54,C,27,Average. Put more effort into homework.
ADM-1381,Gladys Ali,Grade 6 A,Term 1,2026,Social Studies,79,A-,9,Below average. Extra tuition recommended.
ADM-1381,Gladys Ali,Grade 6 A,Term 1,2026,Religious Education,ABS,ABS,,Absent for the examination.
ADM-1381,Gladys Ali,Grade 6 A,Term 1,2026,Creative Arts,60,B-,22,Satisfactory. Needs consistent practice.
ADM-1381,Gladys Ali,Grade 6 A,Term 1,2026,Physical & Health Education,64,B-,20,Satisfactory. Needs consistent practice.
ADM-1382,Esther Suleiman,Grade 6 A,Term 1,2026,English,75,A-,13,Average. Put more effort into homework.
ADM-1382,Esther Suleiman,Grade 6 A,Term 1,2026,Kiswahili,73,B+,14,Average. Put more effort into homework.
ADM-1382,Esther Suleiman,Grade 6 A,Term 1,2026,Mathematics,68,B,17,Average. Put more effort into homework.
ADM-1382,Esther Suleiman,Grade 6 A,Term 1,2026,Science & Technology,85,A,5,Steady progress. Do more revision.
ADM-1382,Esther Suleiman,Grade 6 A,Term 1,2026,Social Studies,72,B+,18,Good effort. Can improve with more practice.
ADM-1382,Esther Suleiman,Grade 6 A,Term 1,2026,Religious Education,67,B,15,Average. Put more effort into homework.
ADM-1382,Esther Suleiman,Grade 6 A,Term 1,2026,Creative Arts,81,A,6,Very good performance. Focus on the few weak areas.
ADM-1382,Esther Suleiman,Grade 6 A,Term 1,2026,Physical & Health Education,72,B+,11,Steady progress. Do more revision.
ADM-1383,Emmanuel Mutiso,Grade 6 A,Term 1,2026,English,92,A,1,Below average. Extra tuition recommended.
ADM-1383,Emmanuel Mutiso,Grade 6 A,Term 1,2026,Kiswahili,87,A,5,Needs significant improvement. Revise earlier topics.
ADM-1383,Emmanuel Mutiso,Grade 6 A,Term 1,2026,Mathematics,82,A,5,Steady progress. Do more revision.
ADM-1383,Emmanuel Mutiso,Grade 6 A,Term 1,2026,Science & Technology,75,A-,11,Performs well under guidance. Keep practising.
ADM-1383,Emmanuel Mutiso,Grade 6 A,Term 1,2026,Social Studies,85,A,5,Below average. Extra tuition recommended.
ADM-1383,Emmanuel Mutiso,Grade 6 A,Term 1,2026,Religious Education,86,A,7,Satisfactory. Needs consistent practice.
ADM-1383,Emmanuel Mutiso,Grade 6 A,Term 1,2026,Creative Arts,89,A,2,Steady progress. Do more revision.
ADM-1383,Emmanuel Mutiso,Grade 6 A,Term 1,2026,Physical & Health Education,79,A-,7,Satisfactory. Needs consistent practice.
ADM-1384,Francis Omar,Grade 6 A,Term 1,2026,English,71,B+,19,Very good performance. Focus on the few weak areas.
ADM-1384,Francis Omar,Grade 6 A,Term 1,2026,Kiswahili,67,B,18,Average. Put more effort into homework.
ADM-1384,Francis Omar,Grade 6 A,Term 1,2026,Mathematics,82,A,6,Satisfactory. Needs consistent practice.
ADM-1384,Francis Omar,Grade 6 A,Term 1,2026,Science & Technology,82,A,7,Satisfactory. Needs consistent practice.
ADM-1384,Francis Omar,Grade 6 A,Term 1,2026,Social Studies,78,A-,12,Shows understanding of key concepts.
ADM-1384,Francis Omar,Grade 6 A,Term 1,2026,Religious Education,71,B+,12,Average. Put more effort into homework.
ADM-1384,Francis Omar,Grade 6 A,Term 1,2026,Creative Arts,76,A-,10,Average. Put more effort into homework.
ADM-1384,Francis Omar,Grade 6 A,Term 1,2026,Physical & Health Education,67,B,16,Steady progress. Do more revision.
ADM-1385,Tabitha Mugambi,Grade 6 A,Term 1,2026,English,71,B+,20,Average. Put more effort into homework.
ADM-1385,Tabitha Mugambi,Grade 6 A,Term 1,2026,Kiswahili,76,A-,10,Satisfactory. Needs consistent practice.
ADM-1385,Tabitha Mugambi,Grade 6 A,Term 1,2026,Mathematics,76,A-,13,Steady progress. Do more revision.
ADM-1385,Tabitha Mugambi,Grade 6 A,Term 1,2026,Science & Technology,68,B,19,Satisfactory. Needs consistent practice.
ADM-1385,Tabitha Mugambi,Grade 6 A,Term 1,2026,Social Studies,77,A-,13,Satisfactory. Needs consistent practice.
ADM-1385,Tabitha Mugambi,Grade 6 A,Term 1,2026,Religious Education,66,B,16,Average. Put more effort into homework.
ADM-1385,Tabitha Mugambi,Grade 6 A,Term 1,2026,Creative Arts,58,C+,26,Satisfactory. Needs consistent practice.
ADM-1385,Tabitha Mugambi,Grade 6 A,Term 1,2026,Physical & Health Education,74,B+,10,Excellent work. Keep it up!
ADM-1386,Brian Namukuru,Grade 6 A,Term 1,2026,English,58,C+,27,Average. Put more effort into homework.
ADM-1386,Brian Namukuru,Grade 6 A,Term 1,2026,Kiswahili,65,B,19,Satisfactory. Needs consistent practice.
ADM-1386,Brian Namukuru,Grade 6 A,Term 1,2026,Mathematics,67,B,18,Good effort. Can improve with more practice.
ADM-1386,Brian Namukuru,Grade 6 A,Term 1,2026,Science & Technology,57,C+,25,Very good performance. Focus on the few weak areas.
ADM-1386,Brian Namukuru,Grade 6 A,Term 1,2026,Social Studies,62,B-,24,Good effort. Can improve with more practice.
ADM-1386,Brian Namukuru,Grade 6 A,Term 1,2026,Religious Education,56,C+,26,Steady progress. Do more revision.
ADM-1386,Brian Namukuru,Grade 6 A,Term 1,2026,Creative Arts,67,B,17,Good effort. Can improve with more practice.
ADM-1386,Brian Namukuru,Grade 6 A,Term 1,2026,Physical & Health Education,60,B-,25,Good effort. Can improve with more practice.
ADM-1387,Yvonne Kinyua,Grade 6 A,Term 1,2026,English,76,A-,11,Satisfactory. Needs consistent practice.
ADM-1387,Yvonne Kinyua,Grade 6 A,Term 1,2026,Kiswahili,63,B-,21,Very good performance. Focus on the few weak areas.
ADM-1387,Yvonne Kinyua,Grade 6 A,Term 1,2026,Mathematics,81,A,7,Very good performance. Focus on the few weak areas.
ADM-1387,Yvonne Kinyua,Grade 6 A,Term 1,2026,Science & Technology,64,B-,20,Satisfactory. Needs consistent practice.
ADM-1387,Yvonne Kinyua,Grade 6 A,Term 1,2026,Social Studies,58,C+,26,Average. Put more effort into homework.
ADM-1387,Yvonne Kinyua,Grade 6 A,Term 1,2026,Religious Education,71,B+,13,Steady progress. Do more revision.
ADM-1387,Yvonne Kinyua,Grade 6 A,Term 1,2026,Creative Arts,60,B-,23,Very good performance. Focus on the few weak areas.
ADM-1387,Yvonne Kinyua,Grade 6 A,Term 1,2026,Physical & Health Education,64,B-,21,Satisfactory. Needs consistent practice.
ADM-1388,Maureen Akoth,Grade 6 B,Term 1,2026,English,75,A-,12,Shows understanding of key concepts.
ADM-1388,Maureen Akoth,Grade 6 B,Term 1,2026,Kiswahili,94,A,1,Satisfactory. Needs consistent practice.
ADM-1388,Maureen Akoth,Grade 6 B,Term 1,2026,Mathematics,75,A-,10,Shows understanding of key concepts.
ADM-1388,Maureen Akoth,Grade 6 B,Term 1,2026,Science & Technology,88,A,3,Needs significant improvement. Revise earlier topics.
ADM-1388,Maureen Akoth,Grade 6 B,Term 1,2026,Social Studies,76,A-,12,Below average. Extra tuition recommended.
ADM-1388,Maureen Akoth,Grade 6 B,Term 1,2026,Religious Education,85,A,4,Performs well under guidance. Keep practising.
ADM-1388,Maureen Akoth,Grade 6 B,Term 1,2026,Creative Arts,92,A,2,Below average. Extra tuition recommended.
ADM-1388,Maureen Akoth,Grade 6 B,Term 1,2026,Physical & Health Education,70,B+,18,Satisfactory. Needs consistent practice.
ADM-1389,Damaris Mwirigi,Grade 6 B,Term 1,2026,English,51,C,29,Average. Put more effort into homework.
ADM-1389,Damaris Mwirigi,Grade 6 B,Term 1,2026,Kiswahili,45,C-,30,Average. Put more effort into homework.
ADM-1389,Damaris Mwirigi,Grade 6 B,Term 1,2026,Mathematics,56,C+,27,Steady progress. Do more revision.
ADM-1389,Damaris Mwirigi,Grade 6 B,Term 1,2026,Science & Technology,49,C-,28,Satisfactory. Needs consistent practice.
ADM-1389,Damaris Mwirigi,Grade 6 B,Term 1,2026,Social Studies,67,B,24,Steady progress. Do more revision.
ADM-1389,Damaris Mwirigi,Grade 6 B,Term 1,2026,Religious Education,66,B,23,Good effort. Can improve with more practice.
ADM-1389,Damaris Mwirigi,Grade 6 B,Term 1,2026,Creative Arts,71,B+,12,Good effort. Can improve with more practice.
ADM-1389,Damaris Mwirigi,Grade 6 B,Term 1,2026,Physical & Health Education,59,C+,25,Excellent work. Keep it up!
ADM-1390,Alex Sein,Grade 6 B,Term 1,2026,English,84,A,5,Shows understanding of key concepts.
ADM-1390,Alex Sein,Grade 6 B,Term 1,2026,Kiswahili,70,B+,13,Excellent work. Keep it up!
ADM-1390,Alex Sein,Grade 6 B,Term 1,2026,Mathematics,73,B+,12,Very good performance. Focus on the few weak areas.
ADM-1390,Alex Sein,Grade 6 B,Term 1,2026,Science & Technology,81,A,6,Needs significant improvement. Revise earlier topics.
ADM-1390,Alex Sein,Grade 6 B,Term 1,2026,Social Studies,75,A-,15,Performs well under guidance. Keep practising.
ADM-1390,Alex Sein,Grade 6 B,Term 1,2026,Religious Education,87,A,2,Excellent work. Keep it up!
ADM-1390,Alex Sein,Grade 6 B,Term 1,2026,Creative Arts,76,A-,10,Shows understanding of key concepts.
ADM-1390,Alex Sein,Grade 6 B,Term 1,2026,Physical & Health Education,85,A,2,Very good performance. Focus on the few weak areas.
ADM-1391,Dennis Otieno,Grade 6 B,Term 1,2026,English,66,B,20,Average. Put more effort into homework.
ADM-1391,Dennis Otieno,Grade 6 B,Term 1,2026,Kiswahili,63,B-,23,Excellent work. Keep it up!
ADM-1391,Dennis Otieno,Grade 6 B,Term 1,2026,Mathematics,79,A-,7,Very good performance. Focus on the few weak areas.
ADM-1391,Dennis Otieno,Grade 6 B,Term 1,2026,Science & Technology,69,B,20,Excellent work. Keep it up!
ADM-1391,Dennis Otieno,Grade 6 B,Term 1,2026,Social Studies,61,B-,28,Very good performance. Focus on the few weak areas.
ADM-1391,Dennis Otieno,Grade 6 B,Term 1,2026,Religious Education,80,A,9,Below average. Extra tuition recommended.
ADM-1391,Dennis Otieno,Grade 6 B,Term 1,2026,Creative Arts,88,A,5,Good effort. Can improve with more practice.
ADM-1391,Dennis Otieno,Grade 6 B,Term 1,2026,Physical & Health Education,75,A-,12,Steady progress. Do more revision.
ADM-1392,George Gatwiri,Grade 6 B,Term 1,2026,English,57,C+,26,Average. Put more effort into homework.
ADM-1392,George Gatwiri,Grade 6 B,Term 1,2026,Kiswahili,55,C+,27,Satisfactory. Needs consistent practice.
ADM-1392,George Gatwiri,Grade 6 B,Term 1,2026,Mathematics,69,B,18,Steady progress. Do more revision.
ADM-1392,George Gatwiri,Grade 6 B,Term 1,2026,Science & Technology,61,B-,24,Excellent work. Keep it up!
ADM-1392,George Gatwiri,Grade 6 B,Term 1,2026,Social Studies,77,A-,10,Satisfactory. Needs consistent practice.
ADM-1392,George Gatwiri,Grade 6 B,Term 1,2026,Religious Education,65,B,24,Satisfactory. Needs consistent practice.
ADM-1392,George Gatwiri,Grade 6 B,Term 1,2026,Creative Arts,68,B,16,Average. Put more effort into homework.
ADM-1392,George Gatwiri,Grade 6 B,Term 1,2026,Physical & Health Education,56,C+,27,Satisfactory. Needs consistent practice.
ADM-1393,Grace Otieno,Grade 6 B,Term 1,2026,English,83,A,6,Below average. Extra tuition recommended.
ADM-1393,Grace Otieno,Grade 6 B,Term 1,2026,Kiswahili,69,B,15,Excellent work. Keep it up!
ADM-1393,Grace Otieno,Grade 6 B,Term 1,2026,Mathematics,74,B+,11,Excellent work. Keep it up!
ADM-1393,Grace Otieno,Grade 6 B,Term 1,2026,Science & Technology,69,B,21,Average. Put more effort into homework.
ADM-1393,Grace Otieno,Grade 6 B,Term 1,2026,Social Studies,76,A-,13,Steady progress. Do more revision.
ADM-1393,Grace Otieno,Grade 6 B,Term 1,2026,Religious Education,85,A,5,Very good performance. Focus on the few weak areas.
ADM-1393,Grace Otieno,Grade 6 B,Term 1,2026,Creative Arts,70,B+,14,Average. Put more effort into homework.
ADM-1393,Grace Otieno,Grade 6 B,Term 1,2026,Physical & Health Education,71,B+,16,Good effort. Can improve with more practice.
ADM-1394,Mark Korir,Grade 6 B,Term 1,2026,English,74,B+,13,Excellent work. Keep it up!
ADM-1394,Mark Korir,Grade 6 B,Term 1,2026,Kiswahili,84,A,4,Needs significant improvement. Revise earlier topics.
ADM-1394,Mark Korir,Grade 6 B,Term 1,2026,Mathematics,84,A,3,Satisfactory. Needs consistent practice.
ADM-1394,Mark Korir,Grade 6 B,Term 1,2026,Science & Technology,82,A,5,Good effort. Can improve with more practice.
ADM-1394,Mark Korir,Grade 6 B,Term 1,2026,Social Studies,83,A,5,Satisfactory. Needs consistent practice.
ADM-1394,Mark Korir,Grade 6 B,Term 1,2026,Religious Education,82,A,7,Below average. Extra tuition recommended.
ADM-1394,Mark Korir,Grade 6 B,Term 1,2026,Creative Arts,92,A,3,Excellent work. Keep it up!
ADM-1394,Mark Korir,Grade 6 B,Term 1,2026,Physical & Health Education,79,A-,8,Satisfactory. Needs consistent practice.
ADM-1395,Lilian Muthoka,Grade 6 B,Term 1,2026,English,46,C-,30,Very good performance. Focus on the few weak areas.
ADM-1395,Lilian Muthoka,Grade 6 B,Term 1,2026,Kiswahili,57,C+,26,Steady progress. Do more revision.
ADM-1395,Lilian Muthoka,Grade 6 B,Term 1,2026,Mathematics,34,D-,31,Low effort despite ability. Needs encouragement.
ADM-1395,Lilian Muthoka,Grade 6 B,Term 1,2026,Science & Technology,36,D,31,Struggles with this subject. Seek remedial help.
ADM-1395,Lilian Muthoka,Grade 6 B,Term 1,2026,Social Studies,35,D,31,Struggles with this subject. Seek remedial help.
ADM-1395,Lilian Muthoka,Grade 6 B,Term 1,2026,Religious Education,49,C-,28,Excellent work. Keep it up!
ADM-1395,Lilian Muthoka,Grade 6 B,Term 1,2026,Creative Arts,43,D+,30,Frequent absenteeism is affecting performance.
ADM-1395,Lilian Muthoka,Grade 6 B,Term 1,2026,Physical & Health Education,47,C-,30,Excellent work. Keep it up!
ADM-1396,Wesley Onyango,Grade 6 B,Term 1,2026,English,73,B+,14,Satisfactory. Needs consistent practice.
ADM-1396,Wesley Onyango,Grade 6 B,Term 1,2026,Kiswahili,67,B,17,Average. Put more effort into homework.
ADM-1396,Wesley Onyango,Grade 6 B,Term 1,2026,Mathematics,57,C+,26,Steady progress. Do more revision.
ADM-1396,Wesley Onyango,Grade 6 B,Term 1,2026,Science & Technology,69,B,22,Good effort. Can improve with more practice.
ADM-1396,Wesley Onyango,Grade 6 B,Term 1,2026,Social Studies,66,B,26,Very good performance. Focus on the few weak areas.
ADM-1396,Wesley Onyango,Grade 6 B,Term 1,2026,Religious Education,65,B,25,Average. Put more effort into homework.
ADM-1396,Wesley Onyango,Grade 6 B,Term 1,2026,Creative Arts,54,C,27,Good effort. Can improve with more practice.
ADM-1396,Wesley Onyango,Grade 6 B,Term 1,2026,Physical & Health Education,71,B+,17,Very good performance. Focus on the few weak areas.
ADM-1397,Donald Obiero,Grade 6 B,Term 1,2026,English,71,B+,16,Average. Put more effort into homework.
ADM-1397,Donald Obiero,Grade 6 B,Term 1,2026,Kiswahili,67,B,18,Satisfactory. Needs consistent practice.
ADM-1397,Donald Obiero,Grade 6 B,Term 1,2026,Mathematics,56,C+,28,Steady progress. Do more revision.
ADM-1397,Donald Obiero,Grade 6 B,Term 1,2026,Science & Technology,74,B+,12,Average. Put more effort into homework.
ADM-1397,Donald Obiero,Grade 6 B,Term 1,2026,Social Studies,80,A,7,Average. Put more effort into homework.
ADM-1397,Donald Obiero,Grade 6 B,Term 1,2026,Religious Education,61,B-,27,Good effort. Can improve with more practice.
ADM-1397,Donald Obiero,Grade 6 B,Term 1,2026,Creative Arts,56,C+,26,Very good performance. Focus on the few weak areas.
ADM-1397,Donald Obiero,Grade 6 B,Term 1,2026,Physical & Health Education,82,A,6,Average. Put more effort into homework.
ADM-1398,Daniel Nandwa,Grade 6 B,Term 1,2026,English,60,B-,24,Average. Put more effort into homework.
ADM-1398,Daniel Nandwa,Grade 6 B,Term 1,2026,Kiswahili,67,B,19,Good effort. Can improve with more practice.
ADM-1398,Daniel Nandwa,Grade 6 B,Term 1,2026,Mathematics,59,C+,25,Satisfactory. Needs consistent practice.
ADM-1398,Daniel Nandwa,Grade 6 B,Term 1,2026,Science & Technology,57,C+,26,Very good performance. Focus on the few weak areas.
ADM-1398,Daniel Nandwa,Grade 6 B,Term 1,2026,Social Studies,79,A-,9,Shows understanding of key concepts.
ADM-1398,Daniel Nandwa,Grade 6 B,Term 1,2026,Religious Education,67,B,21,Average. Put more effort into homework.
ADM-1398,Daniel Nandwa,Grade 6 B,Term 1,2026,Creative Arts,69,B,15,Very good performance. Focus on the few weak areas.
ADM-1398,Daniel Nandwa,Grade 6 B,Term 1,2026,Physical & Health Education,69,B,20,Good effort. Can improve with more practice.
ADM-1399,Ibrahim Wambua,Grade 6 B,Term 1,2026,English,87,A,2,Good effort. Can improve with more practice.
ADM-1399,Ibrahim Wambua,Grade 6 B,Term 1,2026,Kiswahili,76,A-,9,Performs well under guidance. Keep practising.
ADM-1399,Ibrahim Wambua,Grade 6 B,Term 1,2026,Mathematics,88,A,2,Average. Put more effort into homework.
ADM-1399,Ibrahim Wambua,Grade 6 B,Term 1,2026,Science & Technology,87,A,4,Steady progress. Do more revision.
ADM-1399,Ibrahim Wambua,Grade 6 B,Term 1,2026,Social Studies,76,A-,14,Needs significant improvement. Revise earlier topics.
ADM-1399,Ibrahim Wambua,Grade 6 B,Term 1,2026,Religious Education,70,B+,18,Excellent work. Keep it up!
ADM-1399,Ibrahim Wambua,Grade 6 B,Term 1,2026,Creative Arts,91,A,4,Excellent work. Keep it up!
ADM-1399,Ibrahim Wambua,Grade 6 B,Term 1,2026,Physical & Health Education,66,B,22,Satisfactory. Needs consistent practice.
ADM-1400,Grace Khisa,Grade 6 B,Term 1,2026,English,87,A,3,Satisfactory. Needs consistent practice.
ADM-1400,Grace Khisa,Grade 6 B,Term 1,2026,Kiswahili,90,A,2,Below average. Extra tuition recommended.
ADM-1400,Grace Khisa,Grade 6 B,Term 1,2026,Mathematics,76,A-,9,Average. Put more effort into homework.
ADM-1400,Grace Khisa,Grade 6 B,Term 1,2026,Science & Technology,70,B+,17,Steady progress. Do more revision.
ADM-1400,Grace Khisa,Grade 6 B,Term 1,2026,Social Studies,77,A-,11,Excellent work. Keep it up!
ADM-1400,Grace Khisa,Grade 6 B,Term 1,2026,Religious Education,69,B,20,Excellent work. Keep it up!
ADM-1400,Grace Khisa,Grade 6 B,Term 1,2026,Creative Arts,71,B+,13,Steady progress. Do more revision.
ADM-1400,Grace Khisa,Grade 6 B,Term 1,2026,Physical & Health Education,83,A,4,Average. Put more effort into homework.
ADM-1401,Nancy Anyango,Grade 6 B,Term 1,2026,English,70,B+,17,Steady progress. Do more revision.
ADM-1401,Nancy Anyango,Grade 6 B,Term 1,2026,Kiswahili,83,A,5,Steady progress. Do more revision.
ADM-1401,Nancy Anyango,Grade 6 B,Term 1,2026,Mathematics,72,B+,13,Average. Put more effort into homework.
ADM-1401,Nancy Anyango,Grade 6 B,Term 1,2026,Science & Technology,79,A-,8,Very good performance. Focus on the few weak areas.
ADM-1401,Nancy Anyango,Grade 6 B,Term 1,2026,Social Studies,75,A-,16,Excellent work. Keep it up!
ADM-1401,Nancy Anyango,Grade 6 B,Term 1,2026,Religious Education,79,A-,10,Excellent work. Keep it up!
ADM-1401,Nancy Anyango,Grade 6 B,Term 1,2026,Creative Arts,54,C,28,Steady progress. Do more revision.
ADM-1401,Nancy Anyango,Grade 6 B,Term 1,2026,Physical & Health Education,78,A-,9,Shows understanding of key concepts.
ADM-1402,Amos Kithinji,Grade 6 B,Term 1,2026,English,85,A,4,Satisfactory. Needs consistent practice.
ADM-1402,Amos Kithinji,Grade 6 B,Term 1,2026,Kiswahili,80,A,6,Shows understanding of key concepts.
ADM-1402,Amos Kithinji,Grade 6 B,Term 1,2026,Mathematics,82,A,4,Needs significant improvement. Revise earlier topics.
ADM-1402,Amos Kithinji,Grade 6 B,Term 1,2026,Science & Technology,74,B+,13,Steady progress. Do more revision.
ADM-1402,Amos Kithinji,Grade 6 B,Term 1,2026,Social Studies,74,B+,17,Excellent work. Keep it up!
ADM-1402,Amos Kithinji,Grade 6 B,Term 1,2026,Religious Education,81,A,8,Good effort. Can improve with more practice.
ADM-1402,Amos Kithinji,Grade 6 B,Term 1,2026,Creative Arts,60,B-,25,Very good performance. Focus on the few weak areas.
ADM-1402,Amos Kithinji,Grade 6 B,Term 1,2026,Physical & Health Education,75,A-,13,Shows understanding of key concepts.
ADM-1403,Kevin Barasa,Grade 6 B,Term 1,2026,English,53,C,28,Steady progress. Do more revision.
ADM-1403,Kevin Barasa,Grade 6 B,Term 1,2026,Kiswahili,67,B,20,Very good performance. Focus on the few weak areas.
ADM-1403,Kevin Barasa,Grade 6 B,Term 1,2026,Mathematics,70,B+,17,Excellent work. Keep it up!
ADM-1403,Kevin Barasa,Grade 6 B,Term 1,2026,Science & Technology,62,B-,23,Very good performance. Focus on the few weak areas.
ADM-1403,Kevin Barasa,Grade 6 B,Term 1,2026,Social Studies,73,B+,18,Average. Put more effort into homework.
ADM-1403,Kevin Barasa,Grade 6 B,Term 1,2026,Religious Education,67,B,22,Good effort. Can improve with more practice.
ADM-1403,Kevin Barasa,Grade 6 B,Term 1,2026,Creative Arts,81,A,7,Performs well under guidance. Keep practising.
ADM-1403,Kevin Barasa,Grade 6 B,Term 1,2026,Physical & Health Education,81,A,7,Very good performance. Focus on the few weak areas.
ADM-1404,Felix Owuor,Grade 6 B,Term 1,2026,English,63,B-,22,Very good performance. Focus on the few weak areas.
ADM-1404,Felix Owuor,Grade 6 B,Term 1,2026,Kiswahili,65,B,22,Very good performance. Focus on the few weak areas.
ADM-1404,Felix Owuor,Grade 6 B,Term 1,2026,Mathematics,61,B-,24,Satisfactory. Needs consistent practice.
ADM-1404,Felix Owuor,Grade 6 B,Term 1,2026,Science & Technology,70,B+,18,Very good performance. Focus on the few weak areas.
ADM-1404,Felix Owuor,Grade 6 B,Term 1,2026,Social Studies,70,B+,20,Excellent work. Keep it up!
ADM-1404,Felix Owuor,Grade 6 B,Term 1,2026,Religious Education,73,B+,13,Average. Put more effort into homework.
ADM-1404,Felix Owuor,Grade 6 B,Term 1,2026,Creative Arts,64,B-,24,Steady progress. Do more revision.
ADM-1404,Felix Owuor,Grade 6 B,Term 1,2026,Physical & Health Education,65,B,23,Steady progress. Do more revision.
ADM-1405,Patrick Kombo,Grade 6 B,Term 1,2026,English,68,B,19,Very good performance. Focus on the few weak areas.
ADM-1405,Patrick Kombo,Grade 6 B,Term 1,2026,Kiswahili,69,B,16,Steady progress. Do more revision.
ADM-1405,Patrick Kombo,Grade 6 B,Term 1,2026,Mathematics,72,B+,14,Good effort. Can improve with more practice.
ADM-1405,Patrick Kombo,Grade 6 B,Term 1,2026,Science & Technology,75,A-,11,Steady progress. Do more revision.
ADM-1405,Patrick Kombo,Grade 6 B,Term 1,2026,Social Studies,80,A,8,Good effort. Can improve with more practice.
ADM-1405,Patrick Kombo,Grade 6 B,Term 1,2026,Religious Education,71,B+,14,Steady progress. Do more revision.
ADM-1405,Patrick Kombo,Grade 6 B,Term 1,2026,Creative Arts,65,B,21,Good effort. Can improve with more practice.
ADM-1405,Patrick Kombo,Grade 6 B,Term 1,2026,Physical & Health Education,86,A,1,Below average. Extra tuition recommended.
ADM-1406,Beth Kilonzo,Grade 6 B,Term 1,2026,English,78,A-,11,Below average. Extra tuition recommended.
ADM-1406,Beth Kilonzo,Grade 6 B,Term 1,2026,Kiswahili,74,B+,11,Steady progress. Do more revision.
ADM-1406,Beth Kilonzo,Grade 6 B,Term 1,2026,Mathematics,66,B,21,Satisfactory. Needs consistent practice.
ADM-1406,Beth Kilonzo,Grade 6 B,Term 1,2026,Science & Technology,70,B+,19,Satisfactory. Needs consistent practice.
ADM-1406,Beth Kilonzo,Grade 6 B,Term 1,2026,Social Studies,69,B,21,Average. Put more effort into homework.
ADM-1406,Beth Kilonzo,Grade 6 B,Term 1,2026,Religious Education,74,B+,12,Very good performance. Focus on the few weak areas.
ADM-1406,Beth Kilonzo,Grade 6 B,Term 1,2026,Creative Arts,74,B+,11,Average. Put more effort into homework.
ADM-1406,Beth Kilonzo,Grade 6 B,Term 1,2026,Physical & Health Education,75,A-,14,Needs significant improvement. Revise earlier topics.
ADM-1407,Karen Adhiambo,Grade 6 B,Term 1,2026,English,80,A,9,Shows understanding of key concepts.
ADM-1407,Karen Adhiambo,Grade 6 B,Term 1,2026,Kiswahili,75,A-,10,Excellent work. Keep it up!
ADM-1407,Karen Adhiambo,Grade 6 B,Term 1,2026,Mathematics,90,A,1,Needs significant improvement. Revise earlier topics.
ADM-1407,Karen Adhiambo,Grade 6 B,Term 1,2026,Science & Technology,94,A,1,Very good performance. Focus on the few weak areas.
ADM-1407,Karen Adhiambo,Grade 6 B,Term 1,2026,Social Studies,88,A,2,Excellent work. Keep it up!
ADM-1407,Karen Adhiambo,Grade 6 B,Term 1,2026,Religious Education,100,A,1,Performs well under guidance. Keep practising.
ADM-1407,Karen Adhiambo,Grade 6 B,Term 1,2026,Creative Arts,93,A,1,Average. Put more effort into homework.
ADM-1407,Karen Adhiambo,Grade 6 B,Term 1,2026,Physical & Health Education,84,A,3,Excellent work. Keep it up!
ADM-1408,Joshua Leshan,Grade 6 B,Term 1,2026,English,73,B+,15,Steady progress. Do more revision.
ADM-1408,Joshua Leshan,Grade 6 B,Term 1,2026,Kiswahili,79,A-,7,Good effort. Can improve with more practice.
ADM-1408,Joshua Leshan,Grade 6 B,Term 1,2026,Mathematics,72,B+,15,Very good performance. Focus on the few weak areas.
ADM-1408,Joshua Leshan,Grade 6 B,Term 1,2026,Science & Technology,79,A-,9,Needs significant improvement. Revise earlier topics.
ADM-1408,Joshua Leshan,Grade 6 B,Term 1,2026,Social Studies,82,A,6,Good effort. Can improve with more practice.
ADM-1408,Joshua Leshan,Grade 6 B,Term 1,2026,Religious Education,71,B+,15,Satisfactory. Needs consistent practice.
ADM-1408,Joshua Leshan,Grade 6 B,Term 1,2026,Creative Arts,66,B,19,Good effort. Can improve with more practice.
ADM-1408,Joshua Leshan,Grade 6 B,Term 1,2026,Physical & Health Education,78,A-,10,Steady progress. Do more revision.
ADM-1409,Eunice Bunoro,Grade 6 B,Term 1,2026,English,81,A,8,Below average. Extra tuition recommended.
ADM-1409,Eunice Bunoro,Grade 6 B,Term 1,2026,Kiswahili,89,A,3,Very good performance. Focus on the few weak areas.
ADM-1409,Eunice Bunoro,Grade 6 B,Term 1,2026,Mathematics,81,A,5,Needs significant improvement. Revise earlier topics.
ADM-1409,Eunice Bunoro,Grade 6 B,Term 1,2026,Science & Technology,81,A,7,Below average. Extra tuition recommended.
ADM-1409,Eunice Bunoro,Grade 6 B,Term 1,2026,Social Studies,88,A,3,Below average. Extra tuition recommended.
ADM-1409,Eunice Bunoro,Grade 6 B,Term 1,2026,Religious Education,86,A,3,Shows understanding of key concepts.
ADM-1409,Eunice Bunoro,Grade 6 B,Term 1,2026,Creative Arts,79,A-,9,Good effort. Can improve with more practice.
ADM-1409,Eunice Bunoro,Grade 6 B,Term 1,2026,Physical & Health Education,76,A-,11,Good effort. Can improve with more practice.
ADM-1410,Karen Choge,Grade 6 B,Term 1,2026,English,63,B-,23,Excellent work. Keep it up!
ADM-1410,Karen Choge,Grade 6 B,Term 1,2026,Kiswahili,73,B+,12,Steady progress. Do more revision.
ADM-1410,Karen Choge,Grade 6 B,Term 1,2026,Mathematics,69,B,19,Very good performance. Focus on the few weak areas.
ADM-1410,Karen Choge,Grade 6 B,Term 1,2026,Science & Technology,74,B+,14,Steady progress. Do more revision.
ADM-1410,Karen Choge,Grade 6 B,Term 1,2026,Social Studies,66,B,27,Very good performance. Focus on the few weak areas.
ADM-1410,Karen Choge,Grade 6 B,Term 1,2026,Religious Education,75,A-,11,Steady progress. Do more revision.
ADM-1410,Karen Choge,Grade 6 B,Term 1,2026,Creative Arts,65,B,22,Good effort. Can improve with more practice.
ADM-1410,Karen Choge,Grade 6 B,Term 1,2026,Physical & Health Education,57,C+,26,Very good performance. Focus on the few weak areas.
ADM-1411,Priscilla Owino,Grade 6 B,Term 1,2026,English,64,B-,21,Satisfactory. Needs consistent practice.
ADM-1411,Priscilla Owino,Grade 6 B,Term 1,2026,Kiswahili,44,D+,31,Concept grasp is weak; repeat class exercises.
ADM-1411,Priscilla Owino,Grade 6 B,Term 1,2026,Mathematics,72,B+,16,Excellent work. Keep it up!
ADM-1411,Priscilla Owino,Grade 6 B,Term 1,2026,Science & Technology,42,D+,30,Concept grasp is weak; repeat class exercises.
ADM-1411,Priscilla Owino,Grade 6 B,Term 1,2026,Social Studies,71,B+,19,Good effort. Can improve with more practice.
ADM-1411,Priscilla Owino,Grade 6 B,Term 1,2026,Religious Education,46,C-,29,Good effort. Can improve with more practice.
ADM-1411,Priscilla Owino,Grade 6 B,Term 1,2026,Creative Arts,66,B,20,Very good performance. Focus on the few weak areas.
ADM-1411,Priscilla Owino,Grade 6 B,Term 1,2026,Physical & Health Education,54,C,28,Steady progress. Do more revision.
ADM-1412,Moses Khaemba,Grade 6 B,Term 1,2026,English,95,A,1,Performs well under guidance. Keep practising.
ADM-1412,Moses Khaemba,Grade 6 B,Term 1,2026,Kiswahili,77,A-,8,Shows understanding of key concepts.
ADM-1412,Moses Khaemba,Grade 6 B,Term 1,2026,Mathematics,78,A-,8,Very good performance. Focus on the few weak areas.
ADM-1412,Moses Khaemba,Grade 6 B,Term 1,2026,Science & Technology,93,A,2,Very good performance. Focus on the few weak areas.
ADM-1412,Moses Khaemba,Grade 6 B,Term 1,2026,Social Studies,98,A,1,Shows understanding of key concepts.
ADM-1412,Moses Khaemba,Grade 6 B,Term 1,2026,Religious Education,70,B+,19,Steady progress. Do more revision.
ADM-1412,Moses Khaemba,Grade 6 B,Term 1,2026,Creative Arts,81,A,8,Average. Put more effort into homework.
ADM-1412,Moses Khaemba,Grade 6 B,Term 1,2026,Physical & Health Education,83,A,5,Satisfactory. Needs consistent practice.
ADM-1413,Beth Kimutai,Grade 6 B,Term 1,2026,English,70,B+,18,Excellent work. Keep it up!
ADM-1413,Beth Kimutai,Grade 6 B,Term 1,2026,Kiswahili,70,B+,14,Steady progress. Do more revision.
ADM-1413,Beth Kimutai,Grade 6 B,Term 1,2026,Mathematics,66,B,22,Good effort. Can improve with more practice.
ADM-1413,Beth Kimutai,Grade 6 B,Term 1,2026,Science & Technology,58,C+,25,Very good performance. Focus on the few weak areas.
ADM-1413,Beth Kimutai,Grade 6 B,Term 1,2026,Social Studies,84,A,4,Average. Put more effort into homework.
ADM-1413,Beth Kimutai,Grade 6 B,Term 1,2026,Religious Education,71,B+,16,Good effort. Can improve with more practice.
ADM-1413,Beth Kimutai,Grade 6 B,Term 1,2026,Creative Arts,68,B,17,Excellent work. Keep it up!
ADM-1413,Beth Kimutai,Grade 6 B,Term 1,2026,Physical & Health Education,70,B+,19,Very good performance. Focus on the few weak areas.
ADM-1414,Timothy Kioko,Grade 6 B,Term 1,2026,English,59,C+,25,Steady progress. Do more revision.
ADM-1414,Timothy Kioko,Grade 6 B,Term 1,2026,Kiswahili,58,C+,25,Steady progress. Do more revision.
ADM-1414,Timothy Kioko,Grade 6 B,Term 1,2026,Mathematics,68,B,20,Excellent work. Keep it up!
ADM-1414,Timothy Kioko,Grade 6 B,Term 1,2026,Science & Technology,73,B+,16,Good effort. Can improve with more practice.
ADM-1414,Timothy Kioko,Grade 6 B,Term 1,2026,Social Studies,67,B,25,Average. Put more effort into homework.
ADM-1414,Timothy Kioko,Grade 6 B,Term 1,2026,Religious Education,64,B-,26,Average. Put more effort into homework.
ADM-1414,Timothy Kioko,Grade 6 B,Term 1,2026,Creative Arts,84,A,6,Good effort. Can improve with more practice.
ADM-1414,Timothy Kioko,Grade 6 B,Term 1,2026,Physical & Health Education,72,B+,15,Average. Put more effort into homework.
ADM-1415,Winnie Ruto,Grade 6 B,Term 1,2026,English,46,C-,31,Average. Put more effort into homework.
ADM-1415,Winnie Ruto,Grade 6 B,Term 1,2026,Kiswahili,49,C-,29,Average. Put more effort into homework.
ADM-1415,Winnie Ruto,Grade 6 B,Term 1,2026,Mathematics,52,C,30,Excellent work. Keep it up!
ADM-1415,Winnie Ruto,Grade 6 B,Term 1,2026,Science & Technology,54,C,27,Very good performance. Focus on the few weak areas.
ADM-1415,Winnie Ruto,Grade 6 B,Term 1,2026,Social Studies,38,D,29,Struggles with this subject. Seek remedial help.
ADM-1415,Winnie Ruto,Grade 6 B,Term 1,2026,Religious Education,40,D+,30,Poor foundation from previous grade. Support needed.
ADM-1415,Winnie Ruto,Grade 6 B,Term 1,2026,Creative Arts,49,C-,29,Good effort. Can improve with more practice.
ADM-1415,Winnie Ruto,Grade 6 B,Term 1,2026,Physical & Health Education,50,C,29,Very good performance. Focus on the few weak areas.
ADM-1416,Daniel Omondi,Grade 6 B,Term 1,2026,English,56,C+,27,Average. Put more effort into homework.
ADM-1416,Daniel Omondi,Grade 6 B,Term 1,2026,Kiswahili,52,C,28,Very good performance. Focus on the few weak areas.
ADM-1416,Daniel Omondi,Grade 6 B,Term 1,2026,Mathematics,54,C,29,Excellent work. Keep it up!
ADM-1416,Daniel Omondi,Grade 6 B,Term 1,2026,Science & Technology,46,C-,29,Good effort. Can improve with more practice.
ADM-1416,Daniel Omondi,Grade 6 B,Term 1,2026,Social Studies,38,D,30,Concept grasp is weak; repeat class exercises.
ADM-1416,Daniel Omondi,Grade 6 B,Term 1,2026,Religious Education,32,D-,31,Careless mistakes in simple calculations. Slow down.
ADM-1416,Daniel Omondi,Grade 6 B,Term 1,2026,Creative Arts,33,D-,31,Homework not done regularly.
ADM-1416,Daniel Omondi,Grade 6 B,Term 1,2026,Physical & Health Education,41,D+,31,Poor foundation from previous grade. Support needed.
ADM-1417,Hannah Muthoka,Grade 6 B,Term 1,2026,English,79,A-,10,Needs significant improvement. Revise earlier topics.
ADM-1417,Hannah Muthoka,Grade 6 B,Term 1,2026,Kiswahili,60,B-,24,Average. Put more effort into homework.
ADM-1417,Hannah Muthoka,Grade 6 B,Term 1,2026,Mathematics,81,A,6,Good effort. Can improve with more practice.
ADM-1417,Hannah Muthoka,Grade 6 B,Term 1,2026,Science & Technology,74,B+,15,Satisfactory. Needs consistent practice.
ADM-1417,Hannah Muthoka,Grade 6 B,Term 1,2026,Social Studies,69,B,22,Steady progress. Do more revision.
ADM-1417,Hannah Muthoka,Grade 6 B,Term 1,2026,Religious Education,83,A,6,Performs well under guidance. Keep practising.
ADM-1417,Hannah Muthoka,Grade 6 B,Term 1,2026,Creative Arts,65,B,23,Average. Put more effort into homework.
ADM-1417,Hannah Muthoka,Grade 6 B,Term 1,2026,Physical & Health Education,60,B-,24,Good effort. Can improve with more practice.
ADM-1418,Gideon Omollo,Grade 6 B,Term 1,2026,English,82,A,7,Shows understanding of key concepts.
ADM-1418,Gideon Omollo,Grade 6 B,Term 1,2026,Kiswahili,67,B,21,Very good performance. Focus on the few weak areas.
ADM-1418,Gideon Omollo,Grade 6 B,Term 1,2026,Mathematics,66,B,23,Average. Put more effort into homework.
ADM-1418,Gideon Omollo,Grade 6 B,Term 1,2026,Science & Technology,79,A-,10,Good effort. Can improve with more practice.
ADM-1418,Gideon Omollo,Grade 6 B,Term 1,2026,Social Studies,68,B,23,Steady progress. Do more revision.
ADM-1418,Gideon Omollo,Grade 6 B,Term 1,2026,Religious Education,71,B+,17,Very good performance. Focus on the few weak areas.
ADM-1418,Gideon Omollo,Grade 6 B,Term 1,2026,Creative Arts,68,B,18,Satisfactory. Needs consistent practice.
ADM-1418,Gideon Omollo,Grade 6 B,Term 1,2026,Physical & Health Education,67,B,21,Average. Put more effort into homework.
ADM-1419,Catherine Zawadi,Grade 7 A,Term 1,2026,English,71,B+,8,Steady progress. Do more revision.
ADM-1419,Catherine Zawadi,Grade 7 A,Term 1,2026,Kiswahili,92,A,3,Good effort. Can improve with more practice.
ADM-1419,Catherine Zawadi,Grade 7 A,Term 1,2026,Mathematics,76,A-,6,Steady progress. Do more revision.
ADM-1419,Catherine Zawadi,Grade 7 A,Term 1,2026,Integrated Science,70,B+,11,Average. Put more effort into homework.
ADM-1419,Catherine Zawadi,Grade 7 A,Term 1,2026,Social Studies,73,B+,6,Satisfactory. Needs consistent practice.
ADM-1419,Catherine Zawadi,Grade 7 A,Term 1,2026,Pre-Technical & Pre-Career Studies,71,B+,9,Satisfactory. Needs consistent practice.
ADM-1419,Catherine Zawadi,Grade 7 A,Term 1,2026,Religious Education,82,A,2,Excellent work. Keep it up!
ADM-1419,Catherine Zawadi,Grade 7 A,Term 1,2026,Life Skills Education,84,A,7,Below average. Extra tuition recommended.
ADM-1419,Catherine Zawadi,Grade 7 A,Term 1,2026,Creative Arts & Sports,71,B+,9,Steady progress. Do more revision.
ADM-1419,Catherine Zawadi,Grade 7 A,Term 1,2026,Agriculture & Nutrition,73,B+,10,Very good performance. Focus on the few weak areas.
ADM-1419,Catherine Zawadi,Grade 7 A,Term 1,2026,Home Science,79,A-,7,Steady progress. Do more revision.
ADM-1419,Catherine Zawadi,Grade 7 A,Term 1,2026,Computer Science,68,B,10,Steady progress. Do more revision.
ADM-1420,Nancy Maundu,Grade 7 A,Term 1,2026,English,63,B-,13,Average. Put more effort into homework.
ADM-1420,Nancy Maundu,Grade 7 A,Term 1,2026,Kiswahili,64,B-,13,Steady progress. Do more revision.
ADM-1420,Nancy Maundu,Grade 7 A,Term 1,2026,Mathematics,48,C-,17,Satisfactory. Needs consistent practice.
ADM-1420,Nancy Maundu,Grade 7 A,Term 1,2026,Integrated Science,59,C+,14,Very good performance. Focus on the few weak areas.
ADM-1420,Nancy Maundu,Grade 7 A,Term 1,2026,Social Studies,58,C+,14,Very good performance. Focus on the few weak areas.
ADM-1420,Nancy Maundu,Grade 7 A,Term 1,2026,Pre-Technical & Pre-Career Studies,47,C-,18,Excellent work. Keep it up!
ADM-1420,Nancy Maundu,Grade 7 A,Term 1,2026,Religious Education,66,B,11,Satisfactory. Needs consistent practice.
ADM-1420,Nancy Maundu,Grade 7 A,Term 1,2026,Life Skills Education,64,B-,14,Average. Put more effort into homework.
ADM-1420,Nancy Maundu,Grade 7 A,Term 1,2026,Creative Arts & Sports,52,C,17,Very good performance. Focus on the few weak areas.
ADM-1420,Nancy Maundu,Grade 7 A,Term 1,2026,Agriculture & Nutrition,50,C,18,Excellent work. Keep it up!
ADM-1420,Nancy Maundu,Grade 7 A,Term 1,2026,Home Science,75,A-,10,Needs significant improvement. Revise earlier topics.
ADM-1420,Nancy Maundu,Grade 7 A,Term 1,2026,Computer Science,60,B-,16,Steady progress. Do more revision.
ADM-1421,Nicholas Njeru,Grade 7 A,Term 1,2026,English,95,A,2,Very good performance. Focus on the few weak areas.
ADM-1421,Nicholas Njeru,Grade 7 A,Term 1,2026,Kiswahili,95,A,2,Excellent work. Keep it up!
ADM-1421,Nicholas Njeru,Grade 7 A,Term 1,2026,Mathematics,97,A,1,Needs significant improvement. Revise earlier topics.
ADM-1421,Nicholas Njeru,Grade 7 A,Term 1,2026,Integrated Science,84,A,3,Very good performance. Focus on the few weak areas.
ADM-1421,Nicholas Njeru,Grade 7 A,Term 1,2026,Social Studies,100,A,1,Steady progress. Do more revision.
ADM-1421,Nicholas Njeru,Grade 7 A,Term 1,2026,Pre-Technical & Pre-Career Studies,82,A,6,Excellent work. Keep it up!
ADM-1421,Nicholas Njeru,Grade 7 A,Term 1,2026,Religious Education,78,A-,4,Satisfactory. Needs consistent practice.
ADM-1421,Nicholas Njeru,Grade 7 A,Term 1,2026,Life Skills Education,86,A,4,Satisfactory. Needs consistent practice.
ADM-1421,Nicholas Njeru,Grade 7 A,Term 1,2026,Creative Arts & Sports,93,A,2,Steady progress. Do more revision.
ADM-1421,Nicholas Njeru,Grade 7 A,Term 1,2026,Agriculture & Nutrition,79,A-,6,Average. Put more effort into homework.
ADM-1421,Nicholas Njeru,Grade 7 A,Term 1,2026,Home Science,100,A,1,Good effort. Can improve with more practice.
ADM-1421,Nicholas Njeru,Grade 7 A,Term 1,2026,Computer Science,97,A,2,Satisfactory. Needs consistent practice.
ADM-1422,Godfrey Nzioka,Grade 7 A,Term 1,2026,English,58,C+,16,Very good performance. Focus on the few weak areas.
ADM-1422,Godfrey Nzioka,Grade 7 A,Term 1,2026,Kiswahili,62,B-,15,Good effort. Can improve with more practice.
ADM-1422,Godfrey Nzioka,Grade 7 A,Term 1,2026,Mathematics,70,B+,11,Satisfactory. Needs consistent practice.
ADM-1422,Godfrey Nzioka,Grade 7 A,Term 1,2026,Integrated Science,76,A-,8,Steady progress. Do more revision.
ADM-1422,Godfrey Nzioka,Grade 7 A,Term 1,2026,Social Studies,68,B,10,Satisfactory. Needs consistent practice.
ADM-1422,Godfrey Nzioka,Grade 7 A,Term 1,2026,Pre-Technical & Pre-Career Studies,57,C+,15,Steady progress. Do more revision.
ADM-1422,Godfrey Nzioka,Grade 7 A,Term 1,2026,Religious Education,66,B,12,Good effort. Can improve with more practice.
ADM-1422,Godfrey Nzioka,Grade 7 A,Term 1,2026,Life Skills Education,74,B+,11,Average. Put more effort into homework.
ADM-1422,Godfrey Nzioka,Grade 7 A,Term 1,2026,Creative Arts & Sports,75,A-,7,Average. Put more effort into homework.
ADM-1422,Godfrey Nzioka,Grade 7 A,Term 1,2026,Agriculture & Nutrition,75,A-,9,Performs well under guidance. Keep practising.
ADM-1422,Godfrey Nzioka,Grade 7 A,Term 1,2026,Home Science,56,C+,16,Very good performance. Focus on the few weak areas.
ADM-1422,Godfrey Nzioka,Grade 7 A,Term 1,2026,Computer Science,64,B-,13,Satisfactory. Needs consistent practice.
ADM-1423,Sophia Ruto,Grade 7 A,Term 1,2026,English,65,B,11,Steady progress. Do more revision.
ADM-1423,Sophia Ruto,Grade 7 A,Term 1,2026,Kiswahili,66,B,10,Very good performance. Focus on the few weak areas.
ADM-1423,Sophia Ruto,Grade 7 A,Term 1,2026,Mathematics,66,B,12,Very good performance. Focus on the few weak areas.
ADM-1423,Sophia Ruto,Grade 7 A,Term 1,2026,Integrated Science,53,C,16,Steady progress. Do more revision.
ADM-1423,Sophia Ruto,Grade 7 A,Term 1,2026,Social Studies,73,B+,7,Very good performance. Focus on the few weak areas.
ADM-1423,Sophia Ruto,Grade 7 A,Term 1,2026,Pre-Technical & Pre-Career Studies,74,B+,7,Satisfactory. Needs consistent practice.
ADM-1423,Sophia Ruto,Grade 7 A,Term 1,2026,Religious Education,68,B,10,Average. Put more effort into homework.
ADM-1423,Sophia Ruto,Grade 7 A,Term 1,2026,Life Skills Education,56,C+,17,Good effort. Can improve with more practice.
ADM-1423,Sophia Ruto,Grade 7 A,Term 1,2026,Creative Arts & Sports,52,C,18,Average. Put more effort into homework.
ADM-1423,Sophia Ruto,Grade 7 A,Term 1,2026,Agriculture & Nutrition,62,B-,15,Excellent work. Keep it up!
ADM-1423,Sophia Ruto,Grade 7 A,Term 1,2026,Home Science,65,B,14,Very good performance. Focus on the few weak areas.
ADM-1423,Sophia Ruto,Grade 7 A,Term 1,2026,Computer Science,75,A-,6,Good effort. Can improve with more practice.
ADM-1424,Olivia Chemtai,Grade 7 A,Term 1,2026,English,73,B+,6,Very good performance. Focus on the few weak areas.
ADM-1424,Olivia Chemtai,Grade 7 A,Term 1,2026,Kiswahili,65,B,11,Steady progress. Do more revision.
ADM-1424,Olivia Chemtai,Grade 7 A,Term 1,2026,Mathematics,72,B+,9,Excellent work. Keep it up!
ADM-1424,Olivia Chemtai,Grade 7 A,Term 1,2026,Integrated Science,84,A,4,Very good performance. Focus on the few weak areas.
ADM-1424,Olivia Chemtai,Grade 7 A,Term 1,2026,Social Studies,69,B,8,Good effort. Can improve with more practice.
ADM-1424,Olivia Chemtai,Grade 7 A,Term 1,2026,Pre-Technical & Pre-Career Studies,67,B,11,Very good performance. Focus on the few weak areas.
ADM-1424,Olivia Chemtai,Grade 7 A,Term 1,2026,Religious Education,76,A-,6,Performs well under guidance. Keep practising.
ADM-1424,Olivia Chemtai,Grade 7 A,Term 1,2026,Life Skills Education,85,A,5,Below average. Extra tuition recommended.
ADM-1424,Olivia Chemtai,Grade 7 A,Term 1,2026,Creative Arts & Sports,81,A,4,Average. Put more effort into homework.
ADM-1424,Olivia Chemtai,Grade 7 A,Term 1,2026,Agriculture & Nutrition,88,A,2,Steady progress. Do more revision.
ADM-1424,Olivia Chemtai,Grade 7 A,Term 1,2026,Home Science,84,A,4,Very good performance. Focus on the few weak areas.
ADM-1424,Olivia Chemtai,Grade 7 A,Term 1,2026,Computer Science,93,A,3,Satisfactory. Needs consistent practice.
ADM-1425,Amara Odera,Grade 7 A,Term 1,2026,English,64,B-,12,Excellent work. Keep it up!
ADM-1425,Amara Odera,Grade 7 A,Term 1,2026,Kiswahili,60,B-,16,Very good performance. Focus on the few weak areas.
ADM-1425,Amara Odera,Grade 7 A,Term 1,2026,Mathematics,82,A,4,Good effort. Can improve with more practice.
ADM-1425,Amara Odera,Grade 7 A,Term 1,2026,Integrated Science,63,B-,12,Very good performance. Focus on the few weak areas.
ADM-1425,Amara Odera,Grade 7 A,Term 1,2026,Social Studies,58,C+,15,Excellent work. Keep it up!
ADM-1425,Amara Odera,Grade 7 A,Term 1,2026,Pre-Technical & Pre-Career Studies,87,A,2,Good effort. Can improve with more practice.
ADM-1425,Amara Odera,Grade 7 A,Term 1,2026,Religious Education,77,A-,5,Satisfactory. Needs consistent practice.
ADM-1425,Amara Odera,Grade 7 A,Term 1,2026,Life Skills Education,85,A,6,Steady progress. Do more revision.
ADM-1425,Amara Odera,Grade 7 A,Term 1,2026,Creative Arts & Sports,77,A-,5,Good effort. Can improve with more practice.
ADM-1425,Amara Odera,Grade 7 A,Term 1,2026,Agriculture & Nutrition,78,A-,7,Performs well under guidance. Keep practising.
ADM-1425,Amara Odera,Grade 7 A,Term 1,2026,Home Science,72,B+,13,Average. Put more effort into homework.
ADM-1425,Amara Odera,Grade 7 A,Term 1,2026,Computer Science,76,A-,5,Average. Put more effort into homework.
ADM-1426,Hellen Sichangi,Grade 7 A,Term 1,2026,English,75,A-,4,Shows understanding of key concepts.
ADM-1426,Hellen Sichangi,Grade 7 A,Term 1,2026,Kiswahili,83,A,4,Shows understanding of key concepts.
ADM-1426,Hellen Sichangi,Grade 7 A,Term 1,2026,Mathematics,86,A,3,Shows understanding of key concepts.
ADM-1426,Hellen Sichangi,Grade 7 A,Term 1,2026,Integrated Science,72,B+,10,Very good performance. Focus on the few weak areas.
ADM-1426,Hellen Sichangi,Grade 7 A,Term 1,2026,Social Studies,80,A,4,Average. Put more effort into homework.
ADM-1426,Hellen Sichangi,Grade 7 A,Term 1,2026,Pre-Technical & Pre-Career Studies,73,B+,8,Good effort. Can improve with more practice.
ADM-1426,Hellen Sichangi,Grade 7 A,Term 1,2026,Religious Education,72,B+,8,Very good performance. Focus on the few weak areas.
ADM-1426,Hellen Sichangi,Grade 7 A,Term 1,2026,Life Skills Education,79,A-,9,Average. Put more effort into homework.
ADM-1426,Hellen Sichangi,Grade 7 A,Term 1,2026,Creative Arts & Sports,77,A-,6,Steady progress. Do more revision.
ADM-1426,Hellen Sichangi,Grade 7 A,Term 1,2026,Agriculture & Nutrition,78,A-,8,Performs well under guidance. Keep practising.
ADM-1426,Hellen Sichangi,Grade 7 A,Term 1,2026,Home Science,76,A-,8,Good effort. Can improve with more practice.
ADM-1426,Hellen Sichangi,Grade 7 A,Term 1,2026,Computer Science,66,B,12,Steady progress. Do more revision.
ADM-1427,David Omollo,Grade 7 A,Term 1,2026,English,55,C+,18,Average. Put more effort into homework.
ADM-1427,David Omollo,Grade 7 A,Term 1,2026,Kiswahili,57,C+,17,Excellent work. Keep it up!
ADM-1427,David Omollo,Grade 7 A,Term 1,2026,Mathematics,59,C+,15,Very good performance. Focus on the few weak areas.
ADM-1427,David Omollo,Grade 7 A,Term 1,2026,Integrated Science,48,C-,18,Good effort. Can improve with more practice.
ADM-1427,David Omollo,Grade 7 A,Term 1,2026,Social Studies,57,C+,17,Excellent work. Keep it up!
ADM-1427,David Omollo,Grade 7 A,Term 1,2026,Pre-Technical & Pre-Career Studies,53,C,17,Steady progress. Do more revision.
ADM-1427,David Omollo,Grade 7 A,Term 1,2026,Religious Education,61,B-,14,Very good performance. Focus on the few weak areas.
ADM-1427,David Omollo,Grade 7 A,Term 1,2026,Life Skills Education,60,B-,15,Steady progress. Do more revision.
ADM-1427,David Omollo,Grade 7 A,Term 1,2026,Creative Arts & Sports,54,C,15,Excellent work. Keep it up!
ADM-1427,David Omollo,Grade 7 A,Term 1,2026,Agriculture & Nutrition,54,C,16,Average. Put more effort into homework.
ADM-1427,David Omollo,Grade 7 A,Term 1,2026,Home Science,56,C+,17,Average. Put more effort into homework.
ADM-1427,David Omollo,Grade 7 A,Term 1,2026,Computer Science,68,B,11,Average. Put more effort into homework.
ADM-1428,Kennedy Kaelo,Grade 7 A,Term 1,2026,English,63,B-,14,Very good performance. Focus on the few weak areas.
ADM-1428,Kennedy Kaelo,Grade 7 A,Term 1,2026,Kiswahili,67,B,9,Good effort. Can improve with more practice.
ADM-1428,Kennedy Kaelo,Grade 7 A,Term 1,2026,Mathematics,48,C-,18,Good effort. Can improve with more practice.
ADM-1428,Kennedy Kaelo,Grade 7 A,Term 1,2026,Integrated Science,61,B-,13,Very good performance. Focus on the few weak areas.
ADM-1428,Kennedy Kaelo,Grade 7 A,Term 1,2026,Social Studies,54,C,18,Excellent work. Keep it up!
ADM-1428,Kennedy Kaelo,Grade 7 A,Term 1,2026,Pre-Technical & Pre-Career Studies,57,C+,16,Very good performance. Focus on the few weak areas.
ADM-1428,Kennedy Kaelo,Grade 7 A,Term 1,2026,Religious Education,60,B-,15,Steady progress. Do more revision.
ADM-1428,Kennedy Kaelo,Grade 7 A,Term 1,2026,Life Skills Education,58,C+,16,Excellent work. Keep it up!
ADM-1428,Kennedy Kaelo,Grade 7 A,Term 1,2026,Creative Arts & Sports,54,C,16,Very good performance. Focus on the few weak areas.
ADM-1428,Kennedy Kaelo,Grade 7 A,Term 1,2026,Agriculture & Nutrition,52,C,17,Steady progress. Do more revision.
ADM-1428,Kennedy Kaelo,Grade 7 A,Term 1,2026,Home Science,73,B+,12,Very good performance. Focus on the few weak areas.
ADM-1428,Kennedy Kaelo,Grade 7 A,Term 1,2026,Computer Science,62,B-,14,Satisfactory. Needs consistent practice.
ADM-1429,Kevin Chemtai,Grade 7 A,Term 1,2026,English,62,B-,15,Good effort. Can improve with more practice.
ADM-1429,Kevin Chemtai,Grade 7 A,Term 1,2026,Kiswahili,71,B+,7,Excellent work. Keep it up!
ADM-1429,Kevin Chemtai,Grade 7 A,Term 1,2026,Mathematics,73,B+,8,Satisfactory. Needs consistent practice.
ADM-1429,Kevin Chemtai,Grade 7 A,Term 1,2026,Integrated Science,81,A,6,Below average. Extra tuition recommended.
ADM-1429,Kevin Chemtai,Grade 7 A,Term 1,2026,Social Studies,58,C+,16,Very good performance. Focus on the few weak areas.
ADM-1429,Kevin Chemtai,Grade 7 A,Term 1,2026,Pre-Technical & Pre-Career Studies,85,A,4,Excellent work. Keep it up!
ADM-1429,Kevin Chemtai,Grade 7 A,Term 1,2026,Religious Education,59,C+,17,Satisfactory. Needs consistent practice.
ADM-1429,Kevin Chemtai,Grade 7 A,Term 1,2026,Life Skills Education,72,B+,12,Satisfactory. Needs consistent practice.
ADM-1429,Kevin Chemtai,Grade 7 A,Term 1,2026,Creative Arts & Sports,67,B,12,Good effort. Can improve with more practice.
ADM-1429,Kevin Chemtai,Grade 7 A,Term 1,2026,Agriculture & Nutrition,71,B+,11,Good effort. Can improve with more practice.
ADM-1429,Kevin Chemtai,Grade 7 A,Term 1,2026,Home Science,80,A,5,Below average. Extra tuition recommended.
ADM-1429,Kevin Chemtai,Grade 7 A,Term 1,2026,Computer Science,ABS,ABS,,Absent for the examination.
ADM-1430,Francis Okello,Grade 7 A,Term 1,2026,English,67,B,10,Satisfactory. Needs consistent practice.
ADM-1430,Francis Okello,Grade 7 A,Term 1,2026,Kiswahili,72,B+,6,Very good performance. Focus on the few weak areas.
ADM-1430,Francis Okello,Grade 7 A,Term 1,2026,Mathematics,72,B+,10,Good effort. Can improve with more practice.
ADM-1430,Francis Okello,Grade 7 A,Term 1,2026,Integrated Science,87,A,2,Excellent work. Keep it up!
ADM-1430,Francis Okello,Grade 7 A,Term 1,2026,Social Studies,81,A,3,Average. Put more effort into homework.
ADM-1430,Francis Okello,Grade 7 A,Term 1,2026,Pre-Technical & Pre-Career Studies,85,A,5,Excellent work. Keep it up!
ADM-1430,Francis Okello,Grade 7 A,Term 1,2026,Religious Education,81,A,3,Good effort. Can improve with more practice.
ADM-1430,Francis Okello,Grade 7 A,Term 1,2026,Life Skills Education,82,A,8,Below average. Extra tuition recommended.
ADM-1430,Francis Okello,Grade 7 A,Term 1,2026,Creative Arts & Sports,73,B+,8,Average. Put more effort into homework.
ADM-1430,Francis Okello,Grade 7 A,Term 1,2026,Agriculture & Nutrition,87,A,3,Performs well under guidance. Keep practising.
ADM-1430,Francis Okello,Grade 7 A,Term 1,2026,Home Science,87,A,3,Steady progress. Do more revision.
ADM-1430,Francis Okello,Grade 7 A,Term 1,2026,Computer Science,84,A,4,Needs significant improvement. Revise earlier topics.
ADM-1431,Charity Owino,Grade 7 A,Term 1,2026,English,97,A,1,Needs significant improvement. Revise earlier topics.
ADM-1431,Charity Owino,Grade 7 A,Term 1,2026,Kiswahili,82,A,5,Good effort. Can improve with more practice.
ADM-1431,Charity Owino,Grade 7 A,Term 1,2026,Mathematics,75,A-,7,Average. Put more effort into homework.
ADM-1431,Charity Owino,Grade 7 A,Term 1,2026,Integrated Science,84,A,5,Performs well under guidance. Keep practising.
ADM-1431,Charity Owino,Grade 7 A,Term 1,2026,Social Studies,79,A-,5,Needs significant improvement. Revise earlier topics.
ADM-1431,Charity Owino,Grade 7 A,Term 1,2026,Pre-Technical & Pre-Career Studies,87,A,3,Excellent work. Keep it up!
ADM-1431,Charity Owino,Grade 7 A,Term 1,2026,Religious Education,75,A-,7,Shows understanding of key concepts.
ADM-1431,Charity Owino,Grade 7 A,Term 1,2026,Life Skills Education,88,A,2,Satisfactory. Needs consistent practice.
ADM-1431,Charity Owino,Grade 7 A,Term 1,2026,Creative Arts & Sports,64,B-,14,Good effort. Can improve with more practice.
ADM-1431,Charity Owino,Grade 7 A,Term 1,2026,Agriculture & Nutrition,83,A,5,Shows understanding of key concepts.
ADM-1431,Charity Owino,Grade 7 A,Term 1,2026,Home Science,80,A,6,Average. Put more effort into homework.
ADM-1431,Charity Owino,Grade 7 A,Term 1,2026,Computer Science,71,B+,8,Very good performance. Focus on the few weak areas.
ADM-1432,Elijah Ochieng,Grade 7 A,Term 1,2026,English,94,A,3,Below average. Extra tuition recommended.
ADM-1432,Elijah Ochieng,Grade 7 A,Term 1,2026,Kiswahili,100,A,1,Performs well under guidance. Keep practising.
ADM-1432,Elijah Ochieng,Grade 7 A,Term 1,2026,Mathematics,93,A,2,Performs well under guidance. Keep practising.
ADM-1432,Elijah Ochieng,Grade 7 A,Term 1,2026,Integrated Science,98,A,1,Below average. Extra tuition recommended.
ADM-1432,Elijah Ochieng,Grade 7 A,Term 1,2026,Social Studies,94,A,2,Very good performance. Focus on the few weak areas.
ADM-1432,Elijah Ochieng,Grade 7 A,Term 1,2026,Pre-Technical & Pre-Career Studies,93,A,1,Good effort. Can improve with more practice.
ADM-1432,Elijah Ochieng,Grade 7 A,Term 1,2026,Religious Education,89,A,1,Below average. Extra tuition recommended.
ADM-1432,Elijah Ochieng,Grade 7 A,Term 1,2026,Life Skills Education,90,A,1,Needs significant improvement. Revise earlier topics.
ADM-1432,Elijah Ochieng,Grade 7 A,Term 1,2026,Creative Arts & Sports,98,A,1,Excellent work. Keep it up!
ADM-1432,Elijah Ochieng,Grade 7 A,Term 1,2026,Agriculture & Nutrition,100,A,1,Needs significant improvement. Revise earlier topics.
ADM-1432,Elijah Ochieng,Grade 7 A,Term 1,2026,Home Science,100,A,2,Performs well under guidance. Keep practising.
ADM-1432,Elijah Ochieng,Grade 7 A,Term 1,2026,Computer Science,100,A,1,Needs significant improvement. Revise earlier topics.
ADM-1433,Olivia Pashua,Grade 7 A,Term 1,2026,English,72,B+,7,Average. Put more effort into homework.
ADM-1433,Olivia Pashua,Grade 7 A,Term 1,2026,Kiswahili,71,B+,8,Very good performance. Focus on the few weak areas.
ADM-1433,Olivia Pashua,Grade 7 A,Term 1,2026,Mathematics,79,A-,5,Shows understanding of key concepts.
ADM-1433,Olivia Pashua,Grade 7 A,Term 1,2026,Integrated Science,79,A-,7,Needs significant improvement. Revise earlier topics.
ADM-1433,Olivia Pashua,Grade 7 A,Term 1,2026,Social Studies,65,B,12,Satisfactory. Needs consistent practice.
ADM-1433,Olivia Pashua,Grade 7 A,Term 1,2026,Pre-Technical & Pre-Career Studies,60,B-,14,Average. Put more effort into homework.
ADM-1433,Olivia Pashua,Grade 7 A,Term 1,2026,Religious Education,62,B-,13,Steady progress. Do more revision.
ADM-1433,Olivia Pashua,Grade 7 A,Term 1,2026,Life Skills Education,87,A,3,Average. Put more effort into homework.
ADM-1433,Olivia Pashua,Grade 7 A,Term 1,2026,Creative Arts & Sports,69,B,11,Satisfactory. Needs consistent practice.
ADM-1433,Olivia Pashua,Grade 7 A,Term 1,2026,Agriculture & Nutrition,86,A,4,Below average. Extra tuition recommended.
ADM-1433,Olivia Pashua,Grade 7 A,Term 1,2026,Home Science,76,A-,9,Very good performance. Focus on the few weak areas.
ADM-1433,Olivia Pashua,Grade 7 A,Term 1,2026,Computer Science,72,B+,7,Steady progress. Do more revision.
ADM-1434,Fridah Obiero,Grade 7 A,Term 1,2026,English,56,C+,17,Very good performance. Focus on the few weak areas.
ADM-1434,Fridah Obiero,Grade 7 A,Term 1,2026,Kiswahili,43,D+,18,Repeated the topic without mastering basics. Revise.
ADM-1434,Fridah Obiero,Grade 7 A,Term 1,2026,Mathematics,53,C,16,Average. Put more effort into homework.
ADM-1434,Fridah Obiero,Grade 7 A,Term 1,2026,Integrated Science,52,C,17,Good effort. Can improve with more practice.
ADM-1434,Fridah Obiero,Grade 7 A,Term 1,2026,Social Studies,69,B,9,Average. Put more effort into homework.
ADM-1434,Fridah Obiero,Grade 7 A,Term 1,2026,Pre-Technical & Pre-Career Studies,62,B-,12,Steady progress. Do more revision.
ADM-1434,Fridah Obiero,Grade 7 A,Term 1,2026,Religious Education,58,C+,18,Steady progress. Do more revision.
ADM-1434,Fridah Obiero,Grade 7 A,Term 1,2026,Life Skills Education,53,C,18,Excellent work. Keep it up!
ADM-1434,Fridah Obiero,Grade 7 A,Term 1,2026,Creative Arts & Sports,71,B+,10,Very good performance. Focus on the few weak areas.
ADM-1434,Fridah Obiero,Grade 7 A,Term 1,2026,Agriculture & Nutrition,70,B+,12,Steady progress. Do more revision.
ADM-1434,Fridah Obiero,Grade 7 A,Term 1,2026,Home Science,58,C+,15,Good effort. Can improve with more practice.
ADM-1434,Fridah Obiero,Grade 7 A,Term 1,2026,Computer Science,60,B-,17,Average. Put more effort into homework.
ADM-1435,Julia Wanjiku,Grade 7 A,Term 1,2026,English,75,A-,5,Satisfactory. Needs consistent practice.
ADM-1435,Julia Wanjiku,Grade 7 A,Term 1,2026,Kiswahili,64,B-,14,Very good performance. Focus on the few weak areas.
ADM-1435,Julia Wanjiku,Grade 7 A,Term 1,2026,Mathematics,60,B-,14,Good effort. Can improve with more practice.
ADM-1435,Julia Wanjiku,Grade 7 A,Term 1,2026,Integrated Science,75,A-,9,Performs well under guidance. Keep practising.
ADM-1435,Julia Wanjiku,Grade 7 A,Term 1,2026,Social Studies,68,B,11,Very good performance. Focus on the few weak areas.
ADM-1435,Julia Wanjiku,Grade 7 A,Term 1,2026,Pre-Technical & Pre-Career Studies,62,B-,13,Very good performance. Focus on the few weak areas.
ADM-1435,Julia Wanjiku,Grade 7 A,Term 1,2026,Religious Education,60,B-,16,Excellent work. Keep it up!
ADM-1435,Julia Wanjiku,Grade 7 A,Term 1,2026,Life Skills Education,65,B,13,Satisfactory. Needs consistent practice.
ADM-1435,Julia Wanjiku,Grade 7 A,Term 1,2026,Creative Arts & Sports,67,B,13,Excellent work. Keep it up!
ADM-1435,Julia Wanjiku,Grade 7 A,Term 1,2026,Agriculture & Nutrition,65,B,13,Average. Put more effort into homework.
ADM-1435,Julia Wanjiku,Grade 7 A,Term 1,2026,Home Science,74,B+,11,Good effort. Can improve with more practice.
ADM-1435,Julia Wanjiku,Grade 7 A,Term 1,2026,Computer Science,71,B+,9,Satisfactory. Needs consistent practice.
ADM-1436,Felix Odhiambo,Grade 7 A,Term 1,2026,English,70,B+,9,Satisfactory. Needs consistent practice.
ADM-1436,Felix Odhiambo,Grade 7 A,Term 1,2026,Kiswahili,65,B,12,Excellent work. Keep it up!
ADM-1436,Felix Odhiambo,Grade 7 A,Term 1,2026,Mathematics,62,B-,13,Very good performance. Focus on the few weak areas.
ADM-1436,Felix Odhiambo,Grade 7 A,Term 1,2026,Integrated Science,59,C+,15,Average. Put more effort into homework.
ADM-1436,Felix Odhiambo,Grade 7 A,Term 1,2026,Social Studies,59,C+,13,Average. Put more effort into homework.
ADM-1436,Felix Odhiambo,Grade 7 A,Term 1,2026,Pre-Technical & Pre-Career Studies,70,B+,10,Average. Put more effort into homework.
ADM-1436,Felix Odhiambo,Grade 7 A,Term 1,2026,Religious Education,72,B+,9,Satisfactory. Needs consistent practice.
ADM-1436,Felix Odhiambo,Grade 7 A,Term 1,2026,Life Skills Education,76,A-,10,Performs well under guidance. Keep practising.
ADM-1436,Felix Odhiambo,Grade 7 A,Term 1,2026,Creative Arts & Sports,88,A,3,Shows understanding of key concepts.
ADM-1436,Felix Odhiambo,Grade 7 A,Term 1,2026,Agriculture & Nutrition,65,B,14,Steady progress. Do more revision.
ADM-1436,Felix Odhiambo,Grade 7 A,Term 1,2026,Home Science,56,C+,18,Very good performance. Focus on the few weak areas.
ADM-1436,Felix Odhiambo,Grade 7 A,Term 1,2026,Computer Science,61,B-,15,Average. Put more effort into homework.
ADM-1437,Karen Chemtai,Grade 7 B,Term 1,2026,English,78,A-,5,Steady progress. Do more revision.
ADM-1437,Karen Chemtai,Grade 7 B,Term 1,2026,Kiswahili,73,B+,7,Satisfactory. Needs consistent practice.
ADM-1437,Karen Chemtai,Grade 7 B,Term 1,2026,Mathematics,56,C+,16,Good effort. Can improve with more practice.
ADM-1437,Karen Chemtai,Grade 7 B,Term 1,2026,Integrated Science,61,B-,11,Good effort. Can improve with more practice.
ADM-1437,Karen Chemtai,Grade 7 B,Term 1,2026,Social Studies,73,B+,8,Average. Put more effort into homework.
ADM-1437,Karen Chemtai,Grade 7 B,Term 1,2026,Pre-Technical & Pre-Career Studies,80,A,5,Steady progress. Do more revision.
ADM-1437,Karen Chemtai,Grade 7 B,Term 1,2026,Religious Education,72,B+,7,Steady progress. Do more revision.
ADM-1437,Karen Chemtai,Grade 7 B,Term 1,2026,Life Skills Education,62,B-,11,Satisfactory. Needs consistent practice.
ADM-1437,Karen Chemtai,Grade 7 B,Term 1,2026,Creative Arts & Sports,60,B-,12,Steady progress. Do more revision.
ADM-1437,Karen Chemtai,Grade 7 B,Term 1,2026,Agriculture & Nutrition,80,A,4,Average. Put more effort into homework.
ADM-1437,Karen Chemtai,Grade 7 B,Term 1,2026,Home Science,75,A-,3,Performs well under guidance. Keep practising.
ADM-1437,Karen Chemtai,Grade 7 B,Term 1,2026,Computer Science,60,B-,13,Average. Put more effort into homework.
ADM-1438,Kipchoge Omar,Grade 7 B,Term 1,2026,English,50,C,16,Excellent work. Keep it up!
ADM-1438,Kipchoge Omar,Grade 7 B,Term 1,2026,Kiswahili,47,C-,18,Excellent work. Keep it up!
ADM-1438,Kipchoge Omar,Grade 7 B,Term 1,2026,Mathematics,64,B-,11,Steady progress. Do more revision.
ADM-1438,Kipchoge Omar,Grade 7 B,Term 1,2026,Integrated Science,63,B-,10,Excellent work. Keep it up!
ADM-1438,Kipchoge Omar,Grade 7 B,Term 1,2026,Social Studies,54,C,18,Excellent work. Keep it up!
ADM-1438,Kipchoge Omar,Grade 7 B,Term 1,2026,Pre-Technical & Pre-Career Studies,56,C+,14,Excellent work. Keep it up!
ADM-1438,Kipchoge Omar,Grade 7 B,Term 1,2026,Religious Education,39,D,18,Careless mistakes in simple calculations. Slow down.
ADM-1438,Kipchoge Omar,Grade 7 B,Term 1,2026,Life Skills Education,41,D+,18,Careless mistakes in simple calculations. Slow down.
ADM-1438,Kipchoge Omar,Grade 7 B,Term 1,2026,Creative Arts & Sports,64,B-,10,Satisfactory. Needs consistent practice.
ADM-1438,Kipchoge Omar,Grade 7 B,Term 1,2026,Agriculture & Nutrition,57,C+,13,Steady progress. Do more revision.
ADM-1438,Kipchoge Omar,Grade 7 B,Term 1,2026,Home Science,65,B,13,Very good performance. Focus on the few weak areas.
ADM-1438,Kipchoge Omar,Grade 7 B,Term 1,2026,Computer Science,67,B,10,Steady progress. Do more revision.
ADM-1439,James Kosgei,Grade 7 B,Term 1,2026,English,49,C-,17,Very good performance. Focus on the few weak areas.
ADM-1439,James Kosgei,Grade 7 B,Term 1,2026,Kiswahili,62,B-,15,Steady progress. Do more revision.
ADM-1439,James Kosgei,Grade 7 B,Term 1,2026,Mathematics,67,B,7,Excellent work. Keep it up!
ADM-1439,James Kosgei,Grade 7 B,Term 1,2026,Integrated Science,53,C,17,Excellent work. Keep it up!
ADM-1439,James Kosgei,Grade 7 B,Term 1,2026,Social Studies,65,B,10,Excellent work. Keep it up!
ADM-1439,James Kosgei,Grade 7 B,Term 1,2026,Pre-Technical & Pre-Career Studies,50,C,16,Steady progress. Do more revision.
ADM-1439,James Kosgei,Grade 7 B,Term 1,2026,Religious Education,61,B-,10,Very good performance. Focus on the few weak areas.
ADM-1439,James Kosgei,Grade 7 B,Term 1,2026,Life Skills Education,58,C+,13,Excellent work. Keep it up!
ADM-1439,James Kosgei,Grade 7 B,Term 1,2026,Creative Arts & Sports,54,C,16,Good effort. Can improve with more practice.
ADM-1439,James Kosgei,Grade 7 B,Term 1,2026,Agriculture & Nutrition,49,C-,18,Very good performance. Focus on the few weak areas.
ADM-1439,James Kosgei,Grade 7 B,Term 1,2026,Home Science,40,D+,18,Homework not done regularly.
ADM-1439,James Kosgei,Grade 7 B,Term 1,2026,Computer Science,54,C,17,Satisfactory. Needs consistent practice.
ADM-1440,Andrew Syombua,Grade 7 B,Term 1,2026,English,67,B,10,Good effort. Can improve with more practice.
ADM-1440,Andrew Syombua,Grade 7 B,Term 1,2026,Kiswahili,72,B+,8,Steady progress. Do more revision.
ADM-1440,Andrew Syombua,Grade 7 B,Term 1,2026,Mathematics,65,B,9,Very good performance. Focus on the few weak areas.
ADM-1440,Andrew Syombua,Grade 7 B,Term 1,2026,Integrated Science,78,A-,5,Steady progress. Do more revision.
ADM-1440,Andrew Syombua,Grade 7 B,Term 1,2026,Social Studies,78,A-,3,Steady progress. Do more revision.
ADM-1440,Andrew Syombua,Grade 7 B,Term 1,2026,Pre-Technical & Pre-Career Studies,78,A-,7,Excellent work. Keep it up!
ADM-1440,Andrew Syombua,Grade 7 B,Term 1,2026,Religious Education,79,A-,6,Average. Put more effort into homework.
ADM-1440,Andrew Syombua,Grade 7 B,Term 1,2026,Life Skills Education,78,A-,5,Performs well under guidance. Keep practising.
ADM-1440,Andrew Syombua,Grade 7 B,Term 1,2026,Creative Arts & Sports,89,A,4,Steady progress. Do more revision.
ADM-1440,Andrew Syombua,Grade 7 B,Term 1,2026,Agriculture & Nutrition,75,A-,6,Steady progress. Do more revision.
ADM-1440,Andrew Syombua,Grade 7 B,Term 1,2026,Home Science,74,B+,5,Satisfactory. Needs consistent practice.
ADM-1440,Andrew Syombua,Grade 7 B,Term 1,2026,Computer Science,68,B,9,Average. Put more effort into homework.
ADM-1441,Damaris Kinyua,Grade 7 B,Term 1,2026,English,68,B,8,Good effort. Can improve with more practice.
ADM-1441,Damaris Kinyua,Grade 7 B,Term 1,2026,Kiswahili,79,A-,4,Excellent work. Keep it up!
ADM-1441,Damaris Kinyua,Grade 7 B,Term 1,2026,Mathematics,57,C+,14,Steady progress. Do more revision.
ADM-1441,Damaris Kinyua,Grade 7 B,Term 1,2026,Integrated Science,61,B-,12,Average. Put more effort into homework.
ADM-1441,Damaris Kinyua,Grade 7 B,Term 1,2026,Social Studies,71,B+,9,Good effort. Can improve with more practice.
ADM-1441,Damaris Kinyua,Grade 7 B,Term 1,2026,Pre-Technical & Pre-Career Studies,88,A,3,Steady progress. Do more revision.
ADM-1441,Damaris Kinyua,Grade 7 B,Term 1,2026,Religious Education,82,A,4,Shows understanding of key concepts.
ADM-1441,Damaris Kinyua,Grade 7 B,Term 1,2026,Life Skills Education,80,A,4,Good effort. Can improve with more practice.
ADM-1441,Damaris Kinyua,Grade 7 B,Term 1,2026,Creative Arts & Sports,83,A,5,Satisfactory. Needs consistent practice.
ADM-1441,Damaris Kinyua,Grade 7 B,Term 1,2026,Agriculture & Nutrition,63,B-,9,Good effort. Can improve with more practice.
ADM-1441,Damaris Kinyua,Grade 7 B,Term 1,2026,Home Science,71,B+,8,Excellent work. Keep it up!
ADM-1441,Damaris Kinyua,Grade 7 B,Term 1,2026,Computer Science,90,A,2,Steady progress. Do more revision.
ADM-1442,Felix Tuwei,Grade 7 B,Term 1,2026,English,79,A-,4,Very good performance. Focus on the few weak areas.
ADM-1442,Felix Tuwei,Grade 7 B,Term 1,2026,Kiswahili,74,B+,6,Satisfactory. Needs consistent practice.
ADM-1442,Felix Tuwei,Grade 7 B,Term 1,2026,Mathematics,86,A,3,Satisfactory. Needs consistent practice.
ADM-1442,Felix Tuwei,Grade 7 B,Term 1,2026,Integrated Science,92,A,1,Needs significant improvement. Revise earlier topics.
ADM-1442,Felix Tuwei,Grade 7 B,Term 1,2026,Social Studies,79,A-,2,Below average. Extra tuition recommended.
ADM-1442,Felix Tuwei,Grade 7 B,Term 1,2026,Pre-Technical & Pre-Career Studies,92,A,1,Good effort. Can improve with more practice.
ADM-1442,Felix Tuwei,Grade 7 B,Term 1,2026,Religious Education,80,A,5,Shows understanding of key concepts.
ADM-1442,Felix Tuwei,Grade 7 B,Term 1,2026,Life Skills Education,72,B+,6,Satisfactory. Needs consistent practice.
ADM-1442,Felix Tuwei,Grade 7 B,Term 1,2026,Creative Arts & Sports,97,A,1,Average. Put more effort into homework.
ADM-1442,Felix Tuwei,Grade 7 B,Term 1,2026,Agriculture & Nutrition,93,A,2,Below average. Extra tuition recommended.
ADM-1442,Felix Tuwei,Grade 7 B,Term 1,2026,Home Science,91,A,1,Excellent work. Keep it up!
ADM-1442,Felix Tuwei,Grade 7 B,Term 1,2026,Computer Science,83,A,5,Excellent work. Keep it up!
ADM-1443,Teresia Tanui,Grade 7 B,Term 1,2026,English,62,B-,12,Satisfactory. Needs consistent practice.
ADM-1443,Teresia Tanui,Grade 7 B,Term 1,2026,Kiswahili,71,B+,9,Satisfactory. Needs consistent practice.
ADM-1443,Teresia Tanui,Grade 7 B,Term 1,2026,Mathematics,51,C,18,Satisfactory. Needs consistent practice.
ADM-1443,Teresia Tanui,Grade 7 B,Term 1,2026,Integrated Science,65,B,8,Average. Put more effort into homework.
ADM-1443,Teresia Tanui,Grade 7 B,Term 1,2026,Social Studies,58,C+,15,Steady progress. Do more revision.
ADM-1443,Teresia Tanui,Grade 7 B,Term 1,2026,Pre-Technical & Pre-Career Studies,50,C,17,Excellent work. Keep it up!
ADM-1443,Teresia Tanui,Grade 7 B,Term 1,2026,Religious Education,44,D+,17,Poor foundation from previous grade. Support needed.
ADM-1443,Teresia Tanui,Grade 7 B,Term 1,2026,Life Skills Education,54,C,14,Very good performance. Focus on the few weak areas.
ADM-1443,Teresia Tanui,Grade 7 B,Term 1,2026,Creative Arts & Sports,55,C+,15,Very good performance. Focus on the few weak areas.
ADM-1443,Teresia Tanui,Grade 7 B,Term 1,2026,Agriculture & Nutrition,62,B-,10,Average. Put more effort into homework.
ADM-1443,Teresia Tanui,Grade 7 B,Term 1,2026,Home Science,66,B,12,Good effort. Can improve with more practice.
ADM-1443,Teresia Tanui,Grade 7 B,Term 1,2026,Computer Science,75,A-,8,Performs well under guidance. Keep practising.
ADM-1444,Benjamin Wafula,Grade 7 B,Term 1,2026,English,99,A,1,Good effort. Can improve with more practice.
ADM-1444,Benjamin Wafula,Grade 7 B,Term 1,2026,Kiswahili,90,A,2,Below average. Extra tuition recommended.
ADM-1444,Benjamin Wafula,Grade 7 B,Term 1,2026,Mathematics,88,A,2,Needs significant improvement. Revise earlier topics.
ADM-1444,Benjamin Wafula,Grade 7 B,Term 1,2026,Integrated Science,90,A,2,Steady progress. Do more revision.
ADM-1444,Benjamin Wafula,Grade 7 B,Term 1,2026,Social Studies,98,A,1,Steady progress. Do more revision.
ADM-1444,Benjamin Wafula,Grade 7 B,Term 1,2026,Pre-Technical & Pre-Career Studies,81,A,4,Performs well under guidance. Keep practising.
ADM-1444,Benjamin Wafula,Grade 7 B,Term 1,2026,Religious Education,87,A,1,Steady progress. Do more revision.
ADM-1444,Benjamin Wafula,Grade 7 B,Term 1,2026,Life Skills Education,96,A,1,Steady progress. Do more revision.
ADM-1444,Benjamin Wafula,Grade 7 B,Term 1,2026,Creative Arts & Sports,90,A,3,Needs significant improvement. Revise earlier topics.
ADM-1444,Benjamin Wafula,Grade 7 B,Term 1,2026,Agriculture & Nutrition,95,A,1,Good effort. Can improve with more practice.
ADM-1444,Benjamin Wafula,Grade 7 B,Term 1,2026,Home Science,75,A-,4,Shows understanding of key concepts.
ADM-1444,Benjamin Wafula,Grade 7 B,Term 1,2026,Computer Science,95,A,1,Average. Put more effort into homework.
ADM-1445,John Mwakisha,Grade 7 B,Term 1,2026,English,70,B+,7,Average. Put more effort into homework.
ADM-1445,John Mwakisha,Grade 7 B,Term 1,2026,Kiswahili,88,A,3,Average. Put more effort into homework.
ADM-1445,John Mwakisha,Grade 7 B,Term 1,2026,Mathematics,85,A,4,Performs well under guidance. Keep practising.
ADM-1445,John Mwakisha,Grade 7 B,Term 1,2026,Integrated Science,76,A-,6,Below average. Extra tuition recommended.
ADM-1445,John Mwakisha,Grade 7 B,Term 1,2026,Social Studies,64,B-,11,Satisfactory. Needs consistent practice.
ADM-1445,John Mwakisha,Grade 7 B,Term 1,2026,Pre-Technical & Pre-Career Studies,66,B,11,Excellent work. Keep it up!
ADM-1445,John Mwakisha,Grade 7 B,Term 1,2026,Religious Education,71,B+,9,Excellent work. Keep it up!
ADM-1445,John Mwakisha,Grade 7 B,Term 1,2026,Life Skills Education,71,B+,7,Satisfactory. Needs consistent practice.
ADM-1445,John Mwakisha,Grade 7 B,Term 1,2026,Creative Arts & Sports,66,B,9,Very good performance. Focus on the few weak areas.
ADM-1445,John Mwakisha,Grade 7 B,Term 1,2026,Agriculture & Nutrition,62,B-,11,Excellent work. Keep it up!
ADM-1445,John Mwakisha,Grade 7 B,Term 1,2026,Home Science,86,A,2,Below average. Extra tuition recommended.
ADM-1445,John Mwakisha,Grade 7 B,Term 1,2026,Computer Science,82,A,6,Good effort. Can improve with more practice.
ADM-1446,Julius Bunoro,Grade 7 B,Term 1,2026,English,71,B+,6,Good effort. Can improve with more practice.
ADM-1446,Julius Bunoro,Grade 7 B,Term 1,2026,Kiswahili,62,B-,16,Satisfactory. Needs consistent practice.
ADM-1446,Julius Bunoro,Grade 7 B,Term 1,2026,Mathematics,61,B-,12,Steady progress. Do more revision.
ADM-1446,Julius Bunoro,Grade 7 B,Term 1,2026,Integrated Science,58,C+,14,Satisfactory. Needs consistent practice.
ADM-1446,Julius Bunoro,Grade 7 B,Term 1,2026,Social Studies,57,C+,16,Excellent work. Keep it up!
ADM-1446,Julius Bunoro,Grade 7 B,Term 1,2026,Pre-Technical & Pre-Career Studies,52,C,15,Satisfactory. Needs consistent practice.
ADM-1446,Julius Bunoro,Grade 7 B,Term 1,2026,Religious Education,55,C+,15,Good effort. Can improve with more practice.
ADM-1446,Julius Bunoro,Grade 7 B,Term 1,2026,Life Skills Education,61,B-,12,Good effort. Can improve with more practice.
ADM-1446,Julius Bunoro,Grade 7 B,Term 1,2026,Creative Arts & Sports,52,C,17,Average. Put more effort into homework.
ADM-1446,Julius Bunoro,Grade 7 B,Term 1,2026,Agriculture & Nutrition,50,C,17,Average. Put more effort into homework.
ADM-1446,Julius Bunoro,Grade 7 B,Term 1,2026,Home Science,58,C+,15,Steady progress. Do more revision.
ADM-1446,Julius Bunoro,Grade 7 B,Term 1,2026,Computer Science,58,C+,14,Very good performance. Focus on the few weak areas.
ADM-1447,Kipchoge Khisa,Grade 7 B,Term 1,2026,English,59,C+,14,Good effort. Can improve with more practice.
ADM-1447,Kipchoge Khisa,Grade 7 B,Term 1,2026,Kiswahili,57,C+,17,Excellent work. Keep it up!
ADM-1447,Kipchoge Khisa,Grade 7 B,Term 1,2026,Mathematics,66,B,8,Satisfactory. Needs consistent practice.
ADM-1447,Kipchoge Khisa,Grade 7 B,Term 1,2026,Integrated Science,47,C-,18,Very good performance. Focus on the few weak areas.
ADM-1447,Kipchoge Khisa,Grade 7 B,Term 1,2026,Social Studies,64,B-,12,Average. Put more effort into homework.
ADM-1447,Kipchoge Khisa,Grade 7 B,Term 1,2026,Pre-Technical & Pre-Career Studies,66,B,12,Average. Put more effort into homework.
ADM-1447,Kipchoge Khisa,Grade 7 B,Term 1,2026,Religious Education,57,C+,13,Excellent work. Keep it up!
ADM-1447,Kipchoge Khisa,Grade 7 B,Term 1,2026,Life Skills Education,47,C-,16,Satisfactory. Needs consistent practice.
ADM-1447,Kipchoge Khisa,Grade 7 B,Term 1,2026,Creative Arts & Sports,56,C+,14,Satisfactory. Needs consistent practice.
ADM-1447,Kipchoge Khisa,Grade 7 B,Term 1,2026,Agriculture & Nutrition,52,C,15,Average. Put more effort into homework.
ADM-1447,Kipchoge Khisa,Grade 7 B,Term 1,2026,Home Science,58,C+,16,Satisfactory. Needs consistent practice.
ADM-1447,Kipchoge Khisa,Grade 7 B,Term 1,2026,Computer Science,52,C,18,Excellent work. Keep it up!
ADM-1448,George Anyango,Grade 7 B,Term 1,2026,English,47,C-,18,Excellent work. Keep it up!
ADM-1448,George Anyango,Grade 7 B,Term 1,2026,Kiswahili,66,B,12,Average. Put more effort into homework.
ADM-1448,George Anyango,Grade 7 B,Term 1,2026,Mathematics,65,B,10,Good effort. Can improve with more practice.
ADM-1448,George Anyango,Grade 7 B,Term 1,2026,Integrated Science,58,C+,15,Excellent work. Keep it up!
ADM-1448,George Anyango,Grade 7 B,Term 1,2026,Social Studies,62,B-,14,Steady progress. Do more revision.
ADM-1448,George Anyango,Grade 7 B,Term 1,2026,Pre-Technical & Pre-Career Studies,62,B-,13,Very good performance. Focus on the few weak areas.
ADM-1448,George Anyango,Grade 7 B,Term 1,2026,Religious Education,56,C+,14,Steady progress. Do more revision.
ADM-1448,George Anyango,Grade 7 B,Term 1,2026,Life Skills Education,69,B,9,Average. Put more effort into homework.
ADM-1448,George Anyango,Grade 7 B,Term 1,2026,Creative Arts & Sports,76,A-,7,Excellent work. Keep it up!
ADM-1448,George Anyango,Grade 7 B,Term 1,2026,Agriculture & Nutrition,58,C+,12,Steady progress. Do more revision.
ADM-1448,George Anyango,Grade 7 B,Term 1,2026,Home Science,64,B-,14,Average. Put more effort into homework.
ADM-1448,George Anyango,Grade 7 B,Term 1,2026,Computer Science,61,B-,12,Very good performance. Focus on the few weak areas.
ADM-1449,James Choge,Grade 7 B,Term 1,2026,English,60,B-,13,Satisfactory. Needs consistent practice.
ADM-1449,James Choge,Grade 7 B,Term 1,2026,Kiswahili,64,B-,13,Average. Put more effort into homework.
ADM-1449,James Choge,Grade 7 B,Term 1,2026,Mathematics,53,C,17,Good effort. Can improve with more practice.
ADM-1449,James Choge,Grade 7 B,Term 1,2026,Integrated Science,64,B-,9,Average. Put more effort into homework.
ADM-1449,James Choge,Grade 7 B,Term 1,2026,Social Studies,74,B+,7,Satisfactory. Needs consistent practice.
ADM-1449,James Choge,Grade 7 B,Term 1,2026,Pre-Technical & Pre-Career Studies,77,A-,8,Below average. Extra tuition recommended.
ADM-1449,James Choge,Grade 7 B,Term 1,2026,Religious Education,86,A,3,Excellent work. Keep it up!
ADM-1449,James Choge,Grade 7 B,Term 1,2026,Life Skills Education,84,A,3,Average. Put more effort into homework.
ADM-1449,James Choge,Grade 7 B,Term 1,2026,Creative Arts & Sports,72,B+,8,Satisfactory. Needs consistent practice.
ADM-1449,James Choge,Grade 7 B,Term 1,2026,Agriculture & Nutrition,71,B+,7,Good effort. Can improve with more practice.
ADM-1449,James Choge,Grade 7 B,Term 1,2026,Home Science,71,B+,9,Very good performance. Focus on the few weak areas.
ADM-1449,James Choge,Grade 7 B,Term 1,2026,Computer Science,56,C+,16,Average. Put more effort into homework.
ADM-1450,Irene Njenga,Grade 7 B,Term 1,2026,English,68,B,9,Very good performance. Focus on the few weak areas.
ADM-1450,Irene Njenga,Grade 7 B,Term 1,2026,Kiswahili,71,B+,10,Good effort. Can improve with more practice.
ADM-1450,Irene Njenga,Grade 7 B,Term 1,2026,Mathematics,74,B+,6,Steady progress. Do more revision.
ADM-1450,Irene Njenga,Grade 7 B,Term 1,2026,Integrated Science,75,A-,7,Good effort. Can improve with more practice.
ADM-1450,Irene Njenga,Grade 7 B,Term 1,2026,Social Studies,78,A-,4,Excellent work. Keep it up!
ADM-1450,Irene Njenga,Grade 7 B,Term 1,2026,Pre-Technical & Pre-Career Studies,69,B,10,Very good performance. Focus on the few weak areas.
ADM-1450,Irene Njenga,Grade 7 B,Term 1,2026,Religious Education,58,C+,12,Satisfactory. Needs consistent practice.
ADM-1450,Irene Njenga,Grade 7 B,Term 1,2026,Life Skills Education,65,B,10,Satisfactory. Needs consistent practice.
ADM-1450,Irene Njenga,Grade 7 B,Term 1,2026,Creative Arts & Sports,62,B-,11,Good effort. Can improve with more practice.
ADM-1450,Irene Njenga,Grade 7 B,Term 1,2026,Agriculture & Nutrition,77,A-,5,Shows understanding of key concepts.
ADM-1450,Irene Njenga,Grade 7 B,Term 1,2026,Home Science,73,B+,6,Steady progress. Do more revision.
ADM-1450,Irene Njenga,Grade 7 B,Term 1,2026,Computer Science,90,A,3,Needs significant improvement. Revise earlier topics.
ADM-1451,Mercy Auma,Grade 7 B,Term 1,2026,English,86,A,3,Very good performance. Focus on the few weak areas.
ADM-1451,Mercy Auma,Grade 7 B,Term 1,2026,Kiswahili,94,A,1,Excellent work. Keep it up!
ADM-1451,Mercy Auma,Grade 7 B,Term 1,2026,Mathematics,97,A,1,Very good performance. Focus on the few weak areas.
ADM-1451,Mercy Auma,Grade 7 B,Term 1,2026,Integrated Science,80,A,4,Average. Put more effort into homework.
ADM-1451,Mercy Auma,Grade 7 B,Term 1,2026,Social Studies,77,A-,5,Steady progress. Do more revision.
ADM-1451,Mercy Auma,Grade 7 B,Term 1,2026,Pre-Technical & Pre-Career Studies,92,A,2,Excellent work. Keep it up!
ADM-1451,Mercy Auma,Grade 7 B,Term 1,2026,Religious Education,87,A,2,Good effort. Can improve with more practice.
ADM-1451,Mercy Auma,Grade 7 B,Term 1,2026,Life Skills Education,70,B+,8,Average. Put more effort into homework.
ADM-1451,Mercy Auma,Grade 7 B,Term 1,2026,Creative Arts & Sports,94,A,2,Very good performance. Focus on the few weak areas.
ADM-1451,Mercy Auma,Grade 7 B,Term 1,2026,Agriculture & Nutrition,88,A,3,Steady progress. Do more revision.
ADM-1451,Mercy Auma,Grade 7 B,Term 1,2026,Home Science,72,B+,7,Very good performance. Focus on the few weak areas.
ADM-1451,Mercy Auma,Grade 7 B,Term 1,2026,Computer Science,86,A,4,Below average. Extra tuition recommended.
ADM-1452,Victor Barasa,Grade 7 B,Term 1,2026,English,64,B-,11,Steady progress. Do more revision.
ADM-1452,Victor Barasa,Grade 7 B,Term 1,2026,Kiswahili,63,B-,14,Very good performance. Focus on the few weak areas.
ADM-1452,Victor Barasa,Grade 7 B,Term 1,2026,Mathematics,57,C+,15,Average. Put more effort into homework.
ADM-1452,Victor Barasa,Grade 7 B,Term 1,2026,Integrated Science,58,C+,16,Very good performance. Focus on the few weak areas.
ADM-1452,Victor Barasa,Grade 7 B,Term 1,2026,Social Studies,63,B-,13,Good effort. Can improve with more practice.
ADM-1452,Victor Barasa,Grade 7 B,Term 1,2026,Pre-Technical & Pre-Career Studies,48,C-,18,Very good performance. Focus on the few weak areas.
ADM-1452,Victor Barasa,Grade 7 B,Term 1,2026,Religious Education,61,B-,11,Excellent work. Keep it up!
ADM-1452,Victor Barasa,Grade 7 B,Term 1,2026,Life Skills Education,47,C-,17,Average. Put more effort into homework.
ADM-1452,Victor Barasa,Grade 7 B,Term 1,2026,Creative Arts & Sports,60,B-,13,Excellent work. Keep it up!
ADM-1452,Victor Barasa,Grade 7 B,Term 1,2026,Agriculture & Nutrition,57,C+,14,Satisfactory. Needs consistent practice.
ADM-1452,Victor Barasa,Grade 7 B,Term 1,2026,Home Science,69,B,10,Steady progress. Do more revision.
ADM-1452,Victor Barasa,Grade 7 B,Term 1,2026,Computer Science,58,C+,15,Satisfactory. Needs consistent practice.
ADM-1453,Zipporah Nzomo,Grade 7 B,Term 1,2026,English,91,A,2,Needs significant improvement. Revise earlier topics.
ADM-1453,Zipporah Nzomo,Grade 7 B,Term 1,2026,Kiswahili,78,A-,5,Excellent work. Keep it up!
ADM-1453,Zipporah Nzomo,Grade 7 B,Term 1,2026,Mathematics,80,A,5,Steady progress. Do more revision.
ADM-1453,Zipporah Nzomo,Grade 7 B,Term 1,2026,Integrated Science,86,A,3,Needs significant improvement. Revise earlier topics.
ADM-1453,Zipporah Nzomo,Grade 7 B,Term 1,2026,Social Studies,77,A-,6,Steady progress. Do more revision.
ADM-1453,Zipporah Nzomo,Grade 7 B,Term 1,2026,Pre-Technical & Pre-Career Studies,80,A,6,Excellent work. Keep it up!
ADM-1453,Zipporah Nzomo,Grade 7 B,Term 1,2026,Religious Education,72,B+,8,Satisfactory. Needs consistent practice.
ADM-1453,Zipporah Nzomo,Grade 7 B,Term 1,2026,Life Skills Education,85,A,2,Satisfactory. Needs consistent practice.
ADM-1453,Zipporah Nzomo,Grade 7 B,Term 1,2026,Creative Arts & Sports,83,A,6,Below average. Extra tuition recommended.
ADM-1453,Zipporah Nzomo,Grade 7 B,Term 1,2026,Agriculture & Nutrition,70,B+,8,Steady progress. Do more revision.
ADM-1453,Zipporah Nzomo,Grade 7 B,Term 1,2026,Home Science,68,B,11,Very good performance. Focus on the few weak areas.
ADM-1453,Zipporah Nzomo,Grade 7 B,Term 1,2026,Computer Science,80,A,7,Good effort. Can improve with more practice.
ADM-1454,Eric Salim,Grade 7 B,Term 1,2026,English,55,C+,15,Average. Put more effort into homework.
ADM-1454,Eric Salim,Grade 7 B,Term 1,2026,Kiswahili,71,B+,11,Average. Put more effort into homework.
ADM-1454,Eric Salim,Grade 7 B,Term 1,2026,Mathematics,61,B-,13,Excellent work. Keep it up!
ADM-1454,Eric Salim,Grade 7 B,Term 1,2026,Integrated Science,60,B-,13,Good effort. Can improve with more practice.
ADM-1454,Eric Salim,Grade 7 B,Term 1,2026,Social Studies,56,C+,17,Satisfactory. Needs consistent practice.
ADM-1454,Eric Salim,Grade 7 B,Term 1,2026,Pre-Technical & Pre-Career Studies,75,A-,9,Shows understanding of key concepts.
ADM-1454,Eric Salim,Grade 7 B,Term 1,2026,Religious Education,54,C,16,Very good performance. Focus on the few weak areas.
ADM-1454,Eric Salim,Grade 7 B,Term 1,2026,Life Skills Education,51,C,15,Satisfactory. Needs consistent practice.
ADM-1454,Eric Salim,Grade 7 B,Term 1,2026,Creative Arts & Sports,52,C,18,Good effort. Can improve with more practice.
ADM-1454,Eric Salim,Grade 7 B,Term 1,2026,Agriculture & Nutrition,52,C,16,Steady progress. Do more revision.
ADM-1454,Eric Salim,Grade 7 B,Term 1,2026,Home Science,46,C-,17,Very good performance. Focus on the few weak areas.
ADM-1454,Eric Salim,Grade 7 B,Term 1,2026,Computer Science,65,B,11,Steady progress. Do more revision.
ADM-1455,Mercy Wafula,Grade 7 C,Term 1,2026,English,51,C,17,Excellent work. Keep it up!
ADM-1455,Mercy Wafula,Grade 7 C,Term 1,2026,Kiswahili,55,C+,15,Steady progress. Do more revision.
ADM-1455,Mercy Wafula,Grade 7 C,Term 1,2026,Mathematics,62,B-,12,Good effort. Can improve with more practice.
ADM-1455,Mercy Wafula,Grade 7 C,Term 1,2026,Integrated Science,58,C+,16,Very good performance. Focus on the few weak areas.
ADM-1455,Mercy Wafula,Grade 7 C,Term 1,2026,Social Studies,54,C,17,Satisfactory. Needs consistent practice.
ADM-1455,Mercy Wafula,Grade 7 C,Term 1,2026,Pre-Technical & Pre-Career Studies,75,A-,7,Average. Put more effort into homework.
ADM-1455,Mercy Wafula,Grade 7 C,Term 1,2026,Religious Education,52,C,15,Excellent work. Keep it up!
ADM-1455,Mercy Wafula,Grade 7 C,Term 1,2026,Life Skills Education,54,C,15,Average. Put more effort into homework.
ADM-1455,Mercy Wafula,Grade 7 C,Term 1,2026,Creative Arts & Sports,69,B,12,Excellent work. Keep it up!
ADM-1455,Mercy Wafula,Grade 7 C,Term 1,2026,Agriculture & Nutrition,49,C-,17,Steady progress. Do more revision.
ADM-1455,Mercy Wafula,Grade 7 C,Term 1,2026,Home Science,61,B-,15,Very good performance. Focus on the few weak areas.
ADM-1455,Mercy Wafula,Grade 7 C,Term 1,2026,Computer Science,60,B-,13,Average. Put more effort into homework.
ADM-1456,Damaris Wanjiku,Grade 7 C,Term 1,2026,English,67,B,10,Very good performance. Focus on the few weak areas.
ADM-1456,Damaris Wanjiku,Grade 7 C,Term 1,2026,Kiswahili,56,C+,14,Satisfactory. Needs consistent practice.
ADM-1456,Damaris Wanjiku,Grade 7 C,Term 1,2026,Mathematics,71,B+,8,Steady progress. Do more revision.
ADM-1456,Damaris Wanjiku,Grade 7 C,Term 1,2026,Integrated Science,61,B-,14,Very good performance. Focus on the few weak areas.
ADM-1456,Damaris Wanjiku,Grade 7 C,Term 1,2026,Social Studies,73,B+,9,Excellent work. Keep it up!
ADM-1456,Damaris Wanjiku,Grade 7 C,Term 1,2026,Pre-Technical & Pre-Career Studies,58,C+,14,Steady progress. Do more revision.
ADM-1456,Damaris Wanjiku,Grade 7 C,Term 1,2026,Religious Education,71,B+,6,Good effort. Can improve with more practice.
ADM-1456,Damaris Wanjiku,Grade 7 C,Term 1,2026,Life Skills Education,77,A-,5,Satisfactory. Needs consistent practice.
ADM-1456,Damaris Wanjiku,Grade 7 C,Term 1,2026,Creative Arts & Sports,75,A-,7,Average. Put more effort into homework.
ADM-1456,Damaris Wanjiku,Grade 7 C,Term 1,2026,Agriculture & Nutrition,70,B+,8,Very good performance. Focus on the few weak areas.
ADM-1456,Damaris Wanjiku,Grade 7 C,Term 1,2026,Home Science,67,B,13,Steady progress. Do more revision.
ADM-1456,Damaris Wanjiku,Grade 7 C,Term 1,2026,Computer Science,68,B,10,Satisfactory. Needs consistent practice.
ADM-1457,Maureen Kipsang,Grade 7 C,Term 1,2026,English,71,B+,8,Excellent work. Keep it up!
ADM-1457,Maureen Kipsang,Grade 7 C,Term 1,2026,Kiswahili,75,A-,6,Needs significant improvement. Revise earlier topics.
ADM-1457,Maureen Kipsang,Grade 7 C,Term 1,2026,Mathematics,80,A,3,Shows understanding of key concepts.
ADM-1457,Maureen Kipsang,Grade 7 C,Term 1,2026,Integrated Science,76,A-,5,Steady progress. Do more revision.
ADM-1457,Maureen Kipsang,Grade 7 C,Term 1,2026,Social Studies,75,A-,8,Average. Put more effort into homework.
ADM-1457,Maureen Kipsang,Grade 7 C,Term 1,2026,Pre-Technical & Pre-Career Studies,79,A-,5,Shows understanding of key concepts.
ADM-1457,Maureen Kipsang,Grade 7 C,Term 1,2026,Religious Education,64,B-,11,Good effort. Can improve with more practice.
ADM-1457,Maureen Kipsang,Grade 7 C,Term 1,2026,Life Skills Education,69,B,10,Steady progress. Do more revision.
ADM-1457,Maureen Kipsang,Grade 7 C,Term 1,2026,Creative Arts & Sports,81,A,4,Excellent work. Keep it up!
ADM-1457,Maureen Kipsang,Grade 7 C,Term 1,2026,Agriculture & Nutrition,87,A,3,Steady progress. Do more revision.
ADM-1457,Maureen Kipsang,Grade 7 C,Term 1,2026,Home Science,78,A-,4,Excellent work. Keep it up!
ADM-1457,Maureen Kipsang,Grade 7 C,Term 1,2026,Computer Science,82,A,3,Needs significant improvement. Revise earlier topics.
ADM-1458,Tabitha Metto,Grade 7 C,Term 1,2026,English,61,B-,13,Good effort. Can improve with more practice.
ADM-1458,Tabitha Metto,Grade 7 C,Term 1,2026,Kiswahili,45,C-,16,Good effort. Can improve with more practice.
ADM-1458,Tabitha Metto,Grade 7 C,Term 1,2026,Mathematics,57,C+,14,Average. Put more effort into homework.
ADM-1458,Tabitha Metto,Grade 7 C,Term 1,2026,Integrated Science,69,B,10,Excellent work. Keep it up!
ADM-1458,Tabitha Metto,Grade 7 C,Term 1,2026,Social Studies,64,B-,11,Good effort. Can improve with more practice.
ADM-1458,Tabitha Metto,Grade 7 C,Term 1,2026,Pre-Technical & Pre-Career Studies,42,D+,18,Concept grasp is weak; repeat class exercises.
ADM-1458,Tabitha Metto,Grade 7 C,Term 1,2026,Religious Education,69,B,7,Excellent work. Keep it up!
ADM-1458,Tabitha Metto,Grade 7 C,Term 1,2026,Life Skills Education,49,C-,16,Good effort. Can improve with more practice.
ADM-1458,Tabitha Metto,Grade 7 C,Term 1,2026,Creative Arts & Sports,58,C+,14,Good effort. Can improve with more practice.
ADM-1458,Tabitha Metto,Grade 7 C,Term 1,2026,Agriculture & Nutrition,64,B-,11,Very good performance. Focus on the few weak areas.
ADM-1458,Tabitha Metto,Grade 7 C,Term 1,2026,Home Science,59,C+,16,Satisfactory. Needs consistent practice.
ADM-1458,Tabitha Metto,Grade 7 C,Term 1,2026,Computer Science,58,C+,14,Average. Put more effort into homework.
ADM-1459,Felix Kamau,Grade 7 C,Term 1,2026,English,ABS,ABS,,Absent for the examination.
ADM-1459,Felix Kamau,Grade 7 C,Term 1,2026,Kiswahili,57,C+,12,Excellent work. Keep it up!
ADM-1459,Felix Kamau,Grade 7 C,Term 1,2026,Mathematics,71,B+,9,Good effort. Can improve with more practice.
ADM-1459,Felix Kamau,Grade 7 C,Term 1,2026,Integrated Science,71,B+,9,Average. Put more effort into homework.
ADM-1459,Felix Kamau,Grade 7 C,Term 1,2026,Social Studies,66,B,10,Satisfactory. Needs consistent practice.
ADM-1459,Felix Kamau,Grade 7 C,Term 1,2026,Pre-Technical & Pre-Career Studies,81,A,4,Good effort. Can improve with more practice.
ADM-1459,Felix Kamau,Grade 7 C,Term 1,2026,Religious Education,57,C+,14,Average. Put more effort into homework.
ADM-1459,Felix Kamau,Grade 7 C,Term 1,2026,Life Skills Education,62,B-,12,Excellent work. Keep it up!
ADM-1459,Felix Kamau,Grade 7 C,Term 1,2026,Creative Arts & Sports,78,A-,6,Steady progress. Do more revision.
ADM-1459,Felix Kamau,Grade 7 C,Term 1,2026,Agriculture & Nutrition,81,A,5,Performs well under guidance. Keep practising.
ADM-1459,Felix Kamau,Grade 7 C,Term 1,2026,Home Science,73,B+,10,Average. Put more effort into homework.
ADM-1459,Felix Kamau,Grade 7 C,Term 1,2026,Computer Science,55,C+,15,Satisfactory. Needs consistent practice.
ADM-1460,Caleb Nzioka,Grade 7 C,Term 1,2026,English,77,A-,5,Good effort. Can improve with more practice.
ADM-1460,Caleb Nzioka,Grade 7 C,Term 1,2026,Kiswahili,72,B+,8,Excellent work. Keep it up!
ADM-1460,Caleb Nzioka,Grade 7 C,Term 1,2026,Mathematics,72,B+,7,Average. Put more effort into homework.
ADM-1460,Caleb Nzioka,Grade 7 C,Term 1,2026,Integrated Science,73,B+,8,Good effort. Can improve with more practice.
ADM-1460,Caleb Nzioka,Grade 7 C,Term 1,2026,Social Studies,81,A,1,Below average. Extra tuition recommended.
ADM-1460,Caleb Nzioka,Grade 7 C,Term 1,2026,Pre-Technical & Pre-Career Studies,74,B+,10,Average. Put more effort into homework.
ADM-1460,Caleb Nzioka,Grade 7 C,Term 1,2026,Religious Education,64,B-,12,Steady progress. Do more revision.
ADM-1460,Caleb Nzioka,Grade 7 C,Term 1,2026,Life Skills Education,73,B+,7,Very good performance. Focus on the few weak areas.
ADM-1460,Caleb Nzioka,Grade 7 C,Term 1,2026,Creative Arts & Sports,55,C+,16,Average. Put more effort into homework.
ADM-1460,Caleb Nzioka,Grade 7 C,Term 1,2026,Agriculture & Nutrition,80,A,6,Average. Put more effort into homework.
ADM-1460,Caleb Nzioka,Grade 7 C,Term 1,2026,Home Science,77,A-,6,Good effort. Can improve with more practice.
ADM-1460,Caleb Nzioka,Grade 7 C,Term 1,2026,Computer Science,75,A-,6,Performs well under guidance. Keep practising.
ADM-1461,Frank Tianai,Grade 7 C,Term 1,2026,English,75,A-,7,Good effort. Can improve with more practice.
ADM-1461,Frank Tianai,Grade 7 C,Term 1,2026,Kiswahili,73,B+,7,Very good performance. Focus on the few weak areas.
ADM-1461,Frank Tianai,Grade 7 C,Term 1,2026,Mathematics,89,A,1,Very good performance. Focus on the few weak areas.
ADM-1461,Frank Tianai,Grade 7 C,Term 1,2026,Integrated Science,86,A,3,Satisfactory. Needs consistent practice.
ADM-1461,Frank Tianai,Grade 7 C,Term 1,2026,Social Studies,76,A-,6,Very good performance. Focus on the few weak areas.
ADM-1461,Frank Tianai,Grade 7 C,Term 1,2026,Pre-Technical & Pre-Career Studies,75,A-,8,Below average. Extra tuition recommended.
ADM-1461,Frank Tianai,Grade 7 C,Term 1,2026,Religious Education,75,A-,4,Good effort. Can improve with more practice.
ADM-1461,Frank Tianai,Grade 7 C,Term 1,2026,Life Skills Education,68,B,11,Good effort. Can improve with more practice.
ADM-1461,Frank Tianai,Grade 7 C,Term 1,2026,Creative Arts & Sports,64,B-,13,Very good performance. Focus on the few weak areas.
ADM-1461,Frank Tianai,Grade 7 C,Term 1,2026,Agriculture & Nutrition,62,B-,13,Satisfactory. Needs consistent practice.
ADM-1461,Frank Tianai,Grade 7 C,Term 1,2026,Home Science,86,A,2,Shows understanding of key concepts.
ADM-1461,Frank Tianai,Grade 7 C,Term 1,2026,Computer Science,87,A,2,Good effort. Can improve with more practice.
ADM-1462,Sarah Ciawi,Grade 7 C,Term 1,2026,English,64,B-,12,Excellent work. Keep it up!
ADM-1462,Sarah Ciawi,Grade 7 C,Term 1,2026,Kiswahili,57,C+,13,Good effort. Can improve with more practice.
ADM-1462,Sarah Ciawi,Grade 7 C,Term 1,2026,Mathematics,56,C+,15,Satisfactory. Needs consistent practice.
ADM-1462,Sarah Ciawi,Grade 7 C,Term 1,2026,Integrated Science,62,B-,11,Satisfactory. Needs consistent practice.
ADM-1462,Sarah Ciawi,Grade 7 C,Term 1,2026,Social Studies,80,A,3,Good effort. Can improve with more practice.
ADM-1462,Sarah Ciawi,Grade 7 C,Term 1,2026,Pre-Technical & Pre-Career Studies,50,C,17,Excellent work. Keep it up!
ADM-1462,Sarah Ciawi,Grade 7 C,Term 1,2026,Religious Education,62,B-,13,Average. Put more effort into homework.
ADM-1462,Sarah Ciawi,Grade 7 C,Term 1,2026,Life Skills Education,57,C+,13,Excellent work. Keep it up!
ADM-1462,Sarah Ciawi,Grade 7 C,Term 1,2026,Creative Arts & Sports,54,C,17,Excellent work. Keep it up!
ADM-1462,Sarah Ciawi,Grade 7 C,Term 1,2026,Agriculture & Nutrition,47,C-,18,Excellent work. Keep it up!
ADM-1462,Sarah Ciawi,Grade 7 C,Term 1,2026,Home Science,52,C,17,Good effort. Can improve with more practice.
ADM-1462,Sarah Ciawi,Grade 7 C,Term 1,2026,Computer Science,67,B,11,Good effort. Can improve with more practice.
ADM-1463,Joyce Owino,Grade 7 C,Term 1,2026,English,60,B-,14,Steady progress. Do more revision.
ADM-1463,Joyce Owino,Grade 7 C,Term 1,2026,Kiswahili,45,C-,17,Good effort. Can improve with more practice.
ADM-1463,Joyce Owino,Grade 7 C,Term 1,2026,Mathematics,45,C-,17,Excellent work. Keep it up!
ADM-1463,Joyce Owino,Grade 7 C,Term 1,2026,Integrated Science,62,B-,12,Excellent work. Keep it up!
ADM-1463,Joyce Owino,Grade 7 C,Term 1,2026,Social Studies,56,C+,16,Average. Put more effort into homework.
ADM-1463,Joyce Owino,Grade 7 C,Term 1,2026,Pre-Technical & Pre-Career Studies,54,C,16,Steady progress. Do more revision.
ADM-1463,Joyce Owino,Grade 7 C,Term 1,2026,Religious Education,52,C,16,Steady progress. Do more revision.
ADM-1463,Joyce Owino,Grade 7 C,Term 1,2026,Life Skills Education,45,C-,17,Good effort. Can improve with more practice.
ADM-1463,Joyce Owino,Grade 7 C,Term 1,2026,Creative Arts & Sports,58,C+,15,Very good performance. Focus on the few weak areas.
ADM-1463,Joyce Owino,Grade 7 C,Term 1,2026,Agriculture & Nutrition,59,C+,15,Average. Put more effort into homework.
ADM-1463,Joyce Owino,Grade 7 C,Term 1,2026,Home Science,74,B+,9,Average. Put more effort into homework.
ADM-1463,Joyce Owino,Grade 7 C,Term 1,2026,Computer Science,47,C-,16,Steady progress. Do more revision.
ADM-1464,Edna Auma,Grade 7 C,Term 1,2026,English,66,B,11,Excellent work. Keep it up!
ADM-1464,Edna Auma,Grade 7 C,Term 1,2026,Kiswahili,59,C+,11,Good effort. Can improve with more practice.
ADM-1464,Edna Auma,Grade 7 C,Term 1,2026,Mathematics,51,C,16,Steady progress. Do more revision.
ADM-1464,Edna Auma,Grade 7 C,Term 1,2026,Integrated Science,51,C,17,Very good performance. Focus on the few weak areas.
ADM-1464,Edna Auma,Grade 7 C,Term 1,2026,Social Studies,59,C+,15,Average. Put more effort into homework.
ADM-1464,Edna Auma,Grade 7 C,Term 1,2026,Pre-Technical & Pre-Career Studies,57,C+,15,Average. Put more effort into homework.
ADM-1464,Edna Auma,Grade 7 C,Term 1,2026,Religious Education,49,C-,17,Average. Put more effort into homework.
ADM-1464,Edna Auma,Grade 7 C,Term 1,2026,Life Skills Education,55,C+,14,Excellent work. Keep it up!
ADM-1464,Edna Auma,Grade 7 C,Term 1,2026,Creative Arts & Sports,71,B+,9,Steady progress. Do more revision.
ADM-1464,Edna Auma,Grade 7 C,Term 1,2026,Agriculture & Nutrition,64,B-,12,Steady progress. Do more revision.
ADM-1464,Edna Auma,Grade 7 C,Term 1,2026,Home Science,63,B-,14,Satisfactory. Needs consistent practice.
ADM-1464,Edna Auma,Grade 7 C,Term 1,2026,Computer Science,47,C-,17,Steady progress. Do more revision.
ADM-1465,Harrison Kinyua,Grade 7 C,Term 1,2026,English,81,A,2,Good effort. Can improve with more practice.
ADM-1465,Harrison Kinyua,Grade 7 C,Term 1,2026,Kiswahili,63,B-,10,Very good performance. Focus on the few weak areas.
ADM-1465,Harrison Kinyua,Grade 7 C,Term 1,2026,Mathematics,62,B-,13,Good effort. Can improve with more practice.
ADM-1465,Harrison Kinyua,Grade 7 C,Term 1,2026,Integrated Science,61,B-,15,Good effort. Can improve with more practice.
ADM-1465,Harrison Kinyua,Grade 7 C,Term 1,2026,Social Studies,62,B-,14,Very good performance. Focus on the few weak areas.
ADM-1465,Harrison Kinyua,Grade 7 C,Term 1,2026,Pre-Technical & Pre-Career Studies,75,A-,9,Shows understanding of key concepts.
ADM-1465,Harrison Kinyua,Grade 7 C,Term 1,2026,Religious Education,68,B,8,Average. Put more effort into homework.
ADM-1465,Harrison Kinyua,Grade 7 C,Term 1,2026,Life Skills Education,72,B+,9,Excellent work. Keep it up!
ADM-1465,Harrison Kinyua,Grade 7 C,Term 1,2026,Creative Arts & Sports,70,B+,11,Steady progress. Do more revision.
ADM-1465,Harrison Kinyua,Grade 7 C,Term 1,2026,Agriculture & Nutrition,70,B+,9,Very good performance. Focus on the few weak areas.
ADM-1465,Harrison Kinyua,Grade 7 C,Term 1,2026,Home Science,68,B,12,Steady progress. Do more revision.
ADM-1465,Harrison Kinyua,Grade 7 C,Term 1,2026,Computer Science,65,B,12,Good effort. Can improve with more practice.
ADM-1466,Julius Kithinji,Grade 7 C,Term 1,2026,English,81,A,3,Average. Put more effort into homework.
ADM-1466,Julius Kithinji,Grade 7 C,Term 1,2026,Kiswahili,88,A,2,Very good performance. Focus on the few weak areas.
ADM-1466,Julius Kithinji,Grade 7 C,Term 1,2026,Mathematics,67,B,11,Very good performance. Focus on the few weak areas.
ADM-1466,Julius Kithinji,Grade 7 C,Term 1,2026,Integrated Science,87,A,2,Steady progress. Do more revision.
ADM-1466,Julius Kithinji,Grade 7 C,Term 1,2026,Social Studies,79,A-,4,Good effort. Can improve with more practice.
ADM-1466,Julius Kithinji,Grade 7 C,Term 1,2026,Pre-Technical & Pre-Career Studies,78,A-,6,Needs significant improvement. Revise earlier topics.
ADM-1466,Julius Kithinji,Grade 7 C,Term 1,2026,Religious Education,67,B,9,Excellent work. Keep it up!
ADM-1466,Julius Kithinji,Grade 7 C,Term 1,2026,Life Skills Education,85,A,1,Good effort. Can improve with more practice.
ADM-1466,Julius Kithinji,Grade 7 C,Term 1,2026,Creative Arts & Sports,72,B+,8,Satisfactory. Needs consistent practice.
ADM-1466,Julius Kithinji,Grade 7 C,Term 1,2026,Agriculture & Nutrition,67,B,10,Good effort. Can improve with more practice.
ADM-1466,Julius Kithinji,Grade 7 C,Term 1,2026,Home Science,85,A,3,Performs well under guidance. Keep practising.
ADM-1466,Julius Kithinji,Grade 7 C,Term 1,2026,Computer Science,69,B,9,Steady progress. Do more revision.
ADM-1467,Hillary Kariuki,Grade 7 C,Term 1,2026,English,76,A-,6,Good effort. Can improve with more practice.
ADM-1467,Hillary Kariuki,Grade 7 C,Term 1,2026,Kiswahili,91,A,1,Needs significant improvement. Revise earlier topics.
ADM-1467,Hillary Kariuki,Grade 7 C,Term 1,2026,Mathematics,87,A,2,Shows understanding of key concepts.
ADM-1467,Hillary Kariuki,Grade 7 C,Term 1,2026,Integrated Science,74,B+,6,Very good performance. Focus on the few weak areas.
ADM-1467,Hillary Kariuki,Grade 7 C,Term 1,2026,Social Studies,81,A,2,Needs significant improvement. Revise earlier topics.
ADM-1467,Hillary Kariuki,Grade 7 C,Term 1,2026,Pre-Technical & Pre-Career Studies,88,A,2,Performs well under guidance. Keep practising.
ADM-1467,Hillary Kariuki,Grade 7 C,Term 1,2026,Religious Education,74,B+,5,Good effort. Can improve with more practice.
ADM-1467,Hillary Kariuki,Grade 7 C,Term 1,2026,Life Skills Education,85,A,2,Excellent work. Keep it up!
ADM-1467,Hillary Kariuki,Grade 7 C,Term 1,2026,Creative Arts & Sports,93,A,1,Below average. Extra tuition recommended.
ADM-1467,Hillary Kariuki,Grade 7 C,Term 1,2026,Agriculture & Nutrition,88,A,2,Steady progress. Do more revision.
ADM-1467,Hillary Kariuki,Grade 7 C,Term 1,2026,Home Science,75,A-,7,Steady progress. Do more revision.
ADM-1467,Hillary Kariuki,Grade 7 C,Term 1,2026,Computer Science,82,A,4,Very good performance. Focus on the few weak areas.
ADM-1468,Lawrence Auma,Grade 7 C,Term 1,2026,English,58,C+,16,Satisfactory. Needs consistent practice.
ADM-1468,Lawrence Auma,Grade 7 C,Term 1,2026,Kiswahili,45,C-,18,Steady progress. Do more revision.
ADM-1468,Lawrence Auma,Grade 7 C,Term 1,2026,Mathematics,38,D,18,Homework not done regularly.
ADM-1468,Lawrence Auma,Grade 7 C,Term 1,2026,Integrated Science,45,C-,18,Good effort. Can improve with more practice.
ADM-1468,Lawrence Auma,Grade 7 C,Term 1,2026,Social Studies,32,D-,18,Struggles with this subject. Seek remedial help.
ADM-1468,Lawrence Auma,Grade 7 C,Term 1,2026,Pre-Technical & Pre-Career Studies,64,B-,13,Satisfactory. Needs consistent practice.
ADM-1468,Lawrence Auma,Grade 7 C,Term 1,2026,Religious Education,49,C-,18,Average. Put more effort into homework.
ADM-1468,Lawrence Auma,Grade 7 C,Term 1,2026,Life Skills Education,44,D+,18,Lacks interest; encourage reading at home.
ADM-1468,Lawrence Auma,Grade 7 C,Term 1,2026,Creative Arts & Sports,43,D+,18,Concept grasp is weak; repeat class exercises.
ADM-1468,Lawrence Auma,Grade 7 C,Term 1,2026,Agriculture & Nutrition,51,C,16,Good effort. Can improve with more practice.
ADM-1468,Lawrence Auma,Grade 7 C,Term 1,2026,Home Science,33,D-,18,Frequent absenteeism is affecting performance.
ADM-1468,Lawrence Auma,Grade 7 C,Term 1,2026,Computer Science,34,D-,18,Frequent absenteeism is affecting performance.
ADM-1469,William Kinyua,Grade 7 C,Term 1,2026,English,68,B,9,Good effort. Can improve with more practice.
ADM-1469,William Kinyua,Grade 7 C,Term 1,2026,Kiswahili,68,B,9,Good effort. Can improve with more practice.
ADM-1469,William Kinyua,Grade 7 C,Term 1,2026,Mathematics,78,A-,6,Average. Put more effort into homework.
ADM-1469,William Kinyua,Grade 7 C,Term 1,2026,Integrated Science,74,B+,7,Steady progress. Do more revision.
ADM-1469,William Kinyua,Grade 7 C,Term 1,2026,Social Studies,64,B-,12,Very good performance. Focus on the few weak areas.
ADM-1469,William Kinyua,Grade 7 C,Term 1,2026,Pre-Technical & Pre-Career Studies,73,B+,11,Good effort. Can improve with more practice.
ADM-1469,William Kinyua,Grade 7 C,Term 1,2026,Religious Education,79,A-,2,Needs significant improvement. Revise earlier topics.
ADM-1469,William Kinyua,Grade 7 C,Term 1,2026,Life Skills Education,74,B+,6,Average. Put more effort into homework.
ADM-1469,William Kinyua,Grade 7 C,Term 1,2026,Creative Arts & Sports,86,A,2,Performs well under guidance. Keep practising.
ADM-1469,William Kinyua,Grade 7 C,Term 1,2026,Agriculture & Nutrition,83,A,4,Performs well under guidance. Keep practising.
ADM-1469,William Kinyua,Grade 7 C,Term 1,2026,Home Science,75,A-,8,Very good performance. Focus on the few weak areas.
ADM-1469,William Kinyua,Grade 7 C,Term 1,2026,Computer Science,80,A,5,Shows understanding of key concepts.
ADM-1470,Gloria Tanui,Grade 7 C,Term 1,2026,English,80,A,4,Very good performance. Focus on the few weak areas.
ADM-1470,Gloria Tanui,Grade 7 C,Term 1,2026,Kiswahili,77,A-,5,Performs well under guidance. Keep practising.
ADM-1470,Gloria Tanui,Grade 7 C,Term 1,2026,Mathematics,71,B+,10,Good effort. Can improve with more practice.
ADM-1470,Gloria Tanui,Grade 7 C,Term 1,2026,Integrated Science,81,A,4,Performs well under guidance. Keep practising.
ADM-1470,Gloria Tanui,Grade 7 C,Term 1,2026,Social Studies,77,A-,5,Average. Put more effort into homework.
ADM-1470,Gloria Tanui,Grade 7 C,Term 1,2026,Pre-Technical & Pre-Career Studies,82,A,3,Below average. Extra tuition recommended.
ADM-1470,Gloria Tanui,Grade 7 C,Term 1,2026,Religious Education,65,B,10,Excellent work. Keep it up!
ADM-1470,Gloria Tanui,Grade 7 C,Term 1,2026,Life Skills Education,82,A,3,Performs well under guidance. Keep practising.
ADM-1470,Gloria Tanui,Grade 7 C,Term 1,2026,Creative Arts & Sports,71,B+,10,Good effort. Can improve with more practice.
ADM-1470,Gloria Tanui,Grade 7 C,Term 1,2026,Agriculture & Nutrition,72,B+,7,Steady progress. Do more revision.
ADM-1470,Gloria Tanui,Grade 7 C,Term 1,2026,Home Science,78,A-,5,Good effort. Can improve with more practice.
ADM-1470,Gloria Tanui,Grade 7 C,Term 1,2026,Computer Science,72,B+,7,Satisfactory. Needs consistent practice.
ADM-1471,Susan Kimutai,Grade 7 C,Term 1,2026,English,88,A,1,Excellent work. Keep it up!
ADM-1471,Susan Kimutai,Grade 7 C,Term 1,2026,Kiswahili,85,A,3,Below average. Extra tuition recommended.
ADM-1471,Susan Kimutai,Grade 7 C,Term 1,2026,Mathematics,79,A-,5,Needs significant improvement. Revise earlier topics.
ADM-1471,Susan Kimutai,Grade 7 C,Term 1,2026,Integrated Science,100,A,1,Steady progress. Do more revision.
ADM-1471,Susan Kimutai,Grade 7 C,Term 1,2026,Social Studies,76,A-,7,Average. Put more effort into homework.
ADM-1471,Susan Kimutai,Grade 7 C,Term 1,2026,Pre-Technical & Pre-Career Studies,94,A,1,Needs significant improvement. Revise earlier topics.
ADM-1471,Susan Kimutai,Grade 7 C,Term 1,2026,Religious Education,85,A,1,Steady progress. Do more revision.
ADM-1471,Susan Kimutai,Grade 7 C,Term 1,2026,Life Skills Education,81,A,4,Below average. Extra tuition recommended.
ADM-1471,Susan Kimutai,Grade 7 C,Term 1,2026,Creative Arts & Sports,85,A,3,Excellent work. Keep it up!
ADM-1471,Susan Kimutai,Grade 7 C,Term 1,2026,Agriculture & Nutrition,91,A,1,Excellent work. Keep it up!
ADM-1471,Susan Kimutai,Grade 7 C,Term 1,2026,Home Science,91,A,1,Needs significant improvement. Revise earlier topics.
ADM-1471,Susan Kimutai,Grade 7 C,Term 1,2026,Computer Science,95,A,1,Needs significant improvement. Revise earlier topics.
ADM-1472,Fridah Zawadi,Grade 7 C,Term 1,2026,English,59,C+,15,Excellent work. Keep it up!
ADM-1472,Fridah Zawadi,Grade 7 C,Term 1,2026,Kiswahili,78,A-,4,Good effort. Can improve with more practice.
ADM-1472,Fridah Zawadi,Grade 7 C,Term 1,2026,Mathematics,80,A,4,Very good performance. Focus on the few weak areas.
ADM-1472,Fridah Zawadi,Grade 7 C,Term 1,2026,Integrated Science,62,B-,13,Average. Put more effort into homework.
ADM-1472,Fridah Zawadi,Grade 7 C,Term 1,2026,Social Studies,63,B-,13,Good effort. Can improve with more practice.
ADM-1472,Fridah Zawadi,Grade 7 C,Term 1,2026,Pre-Technical & Pre-Career Studies,71,B+,12,Very good performance. Focus on the few weak areas.
ADM-1472,Fridah Zawadi,Grade 7 C,Term 1,2026,Religious Education,76,A-,3,Average. Put more effort into homework.
ADM-1472,Fridah Zawadi,Grade 7 C,Term 1,2026,Life Skills Education,73,B+,8,Satisfactory. Needs consistent practice.
ADM-1472,Fridah Zawadi,Grade 7 C,Term 1,2026,Creative Arts & Sports,81,A,5,Average. Put more effort into homework.
ADM-1472,Fridah Zawadi,Grade 7 C,Term 1,2026,Agriculture & Nutrition,62,B-,14,Satisfactory. Needs consistent practice.
ADM-1472,Fridah Zawadi,Grade 7 C,Term 1,2026,Home Science,73,B+,11,Average. Put more effort into homework.
ADM-1472,Fridah Zawadi,Grade 7 C,Term 1,2026,Computer Science,72,B+,8,Good effort. Can improve with more practice.
ADM-1473,Charity Simiyu,Grade 8 A,Term 1,2026,English,78,A-,8,Average. Put more effort into homework.
ADM-1473,Charity Simiyu,Grade 8 A,Term 1,2026,Kiswahili,69,B,13,Satisfactory. Needs consistent practice.
ADM-1473,Charity Simiyu,Grade 8 A,Term 1,2026,Mathematics,81,A,7,Performs well under guidance. Keep practising.
ADM-1473,Charity Simiyu,Grade 8 A,Term 1,2026,Integrated Science,95,A,1,Steady progress. Do more revision.
ADM-1473,Charity Simiyu,Grade 8 A,Term 1,2026,Social Studies,71,B+,12,Average. Put more effort into homework.
ADM-1473,Charity Simiyu,Grade 8 A,Term 1,2026,Pre-Technical & Pre-Career Studies,62,B-,18,Very good performance. Focus on the few weak areas.
ADM-1473,Charity Simiyu,Grade 8 A,Term 1,2026,Religious Education,79,A-,7,Steady progress. Do more revision.
ADM-1473,Charity Simiyu,Grade 8 A,Term 1,2026,Life Skills Education,93,A,2,Good effort. Can improve with more practice.
ADM-1473,Charity Simiyu,Grade 8 A,Term 1,2026,Creative Arts & Sports,83,A,4,Steady progress. Do more revision.
ADM-1473,Charity Simiyu,Grade 8 A,Term 1,2026,Agriculture & Nutrition,88,A,3,Shows understanding of key concepts.
ADM-1473,Charity Simiyu,Grade 8 A,Term 1,2026,Home Science,89,A,2,Average. Put more effort into homework.
ADM-1473,Charity Simiyu,Grade 8 A,Term 1,2026,Computer Science,81,A,8,Satisfactory. Needs consistent practice.
ADM-1474,Brian Abdi,Grade 8 A,Term 1,2026,English,73,B+,11,Very good performance. Focus on the few weak areas.
ADM-1474,Brian Abdi,Grade 8 A,Term 1,2026,Kiswahili,67,B,15,Good effort. Can improve with more practice.
ADM-1474,Brian Abdi,Grade 8 A,Term 1,2026,Mathematics,72,B+,13,Steady progress. Do more revision.
ADM-1474,Brian Abdi,Grade 8 A,Term 1,2026,Integrated Science,66,B,15,Satisfactory. Needs consistent practice.
ADM-1474,Brian Abdi,Grade 8 A,Term 1,2026,Social Studies,62,B-,21,Good effort. Can improve with more practice.
ADM-1474,Brian Abdi,Grade 8 A,Term 1,2026,Pre-Technical & Pre-Career Studies,67,B,15,Very good performance. Focus on the few weak areas.
ADM-1474,Brian Abdi,Grade 8 A,Term 1,2026,Religious Education,76,A-,11,Good effort. Can improve with more practice.
ADM-1474,Brian Abdi,Grade 8 A,Term 1,2026,Life Skills Education,76,A-,7,Good effort. Can improve with more practice.
ADM-1474,Brian Abdi,Grade 8 A,Term 1,2026,Creative Arts & Sports,65,B,18,Very good performance. Focus on the few weak areas.
ADM-1474,Brian Abdi,Grade 8 A,Term 1,2026,Agriculture & Nutrition,81,A,5,Average. Put more effort into homework.
ADM-1474,Brian Abdi,Grade 8 A,Term 1,2026,Home Science,84,A,5,Performs well under guidance. Keep practising.
ADM-1474,Brian Abdi,Grade 8 A,Term 1,2026,Computer Science,79,A-,9,Excellent work. Keep it up!
ADM-1475,Amos Mwirigi,Grade 8 A,Term 1,2026,English,62,B-,19,Average. Put more effort into homework.
ADM-1475,Amos Mwirigi,Grade 8 A,Term 1,2026,Kiswahili,59,C+,21,Excellent work. Keep it up!
ADM-1475,Amos Mwirigi,Grade 8 A,Term 1,2026,Mathematics,63,B-,16,Average. Put more effort into homework.
ADM-1475,Amos Mwirigi,Grade 8 A,Term 1,2026,Integrated Science,71,B+,11,Satisfactory. Needs consistent practice.
ADM-1475,Amos Mwirigi,Grade 8 A,Term 1,2026,Social Studies,67,B,14,Average. Put more effort into homework.
ADM-1475,Amos Mwirigi,Grade 8 A,Term 1,2026,Pre-Technical & Pre-Career Studies,68,B,14,Satisfactory. Needs consistent practice.
ADM-1475,Amos Mwirigi,Grade 8 A,Term 1,2026,Religious Education,82,A,6,Average. Put more effort into homework.
ADM-1475,Amos Mwirigi,Grade 8 A,Term 1,2026,Life Skills Education,68,B,12,Average. Put more effort into homework.
ADM-1475,Amos Mwirigi,Grade 8 A,Term 1,2026,Creative Arts & Sports,62,B-,19,Good effort. Can improve with more practice.
ADM-1475,Amos Mwirigi,Grade 8 A,Term 1,2026,Agriculture & Nutrition,70,B+,14,Very good performance. Focus on the few weak areas.
ADM-1475,Amos Mwirigi,Grade 8 A,Term 1,2026,Home Science,56,C+,20,Satisfactory. Needs consistent practice.
ADM-1475,Amos Mwirigi,Grade 8 A,Term 1,2026,Computer Science,72,B+,13,Average. Put more effort into homework.
ADM-1476,Samuel Owuor,Grade 8 A,Term 1,2026,English,90,A,3,Performs well under guidance. Keep practising.
ADM-1476,Samuel Owuor,Grade 8 A,Term 1,2026,Kiswahili,82,A,5,Excellent work. Keep it up!
ADM-1476,Samuel Owuor,Grade 8 A,Term 1,2026,Mathematics,77,A-,9,Excellent work. Keep it up!
ADM-1476,Samuel Owuor,Grade 8 A,Term 1,2026,Integrated Science,89,A,3,Excellent work. Keep it up!
ADM-1476,Samuel Owuor,Grade 8 A,Term 1,2026,Social Studies,100,A,1,Performs well under guidance. Keep practising.
ADM-1476,Samuel Owuor,Grade 8 A,Term 1,2026,Pre-Technical & Pre-Career Studies,74,B+,11,Excellent work. Keep it up!
ADM-1476,Samuel Owuor,Grade 8 A,Term 1,2026,Religious Education,79,A-,8,Satisfactory. Needs consistent practice.
ADM-1476,Samuel Owuor,Grade 8 A,Term 1,2026,Life Skills Education,92,A,3,Needs significant improvement. Revise earlier topics.
ADM-1476,Samuel Owuor,Grade 8 A,Term 1,2026,Creative Arts & Sports,100,A,1,Satisfactory. Needs consistent practice.
ADM-1476,Samuel Owuor,Grade 8 A,Term 1,2026,Agriculture & Nutrition,80,A,6,Shows understanding of key concepts.
ADM-1476,Samuel Owuor,Grade 8 A,Term 1,2026,Home Science,90,A,1,Good effort. Can improve with more practice.
ADM-1476,Samuel Owuor,Grade 8 A,Term 1,2026,Computer Science,100,A,1,Steady progress. Do more revision.
ADM-1477,Tabitha Muthoka,Grade 8 A,Term 1,2026,English,93,A,1,Performs well under guidance. Keep practising.
ADM-1477,Tabitha Muthoka,Grade 8 A,Term 1,2026,Kiswahili,91,A,1,Good effort. Can improve with more practice.
ADM-1477,Tabitha Muthoka,Grade 8 A,Term 1,2026,Mathematics,91,A,3,Excellent work. Keep it up!
ADM-1477,Tabitha Muthoka,Grade 8 A,Term 1,2026,Integrated Science,82,A,4,Average. Put more effort into homework.
ADM-1477,Tabitha Muthoka,Grade 8 A,Term 1,2026,Social Studies,90,A,2,Below average. Extra tuition recommended.
ADM-1477,Tabitha Muthoka,Grade 8 A,Term 1,2026,Pre-Technical & Pre-Career Studies,82,A,4,Shows understanding of key concepts.
ADM-1477,Tabitha Muthoka,Grade 8 A,Term 1,2026,Religious Education,90,A,1,Performs well under guidance. Keep practising.
ADM-1477,Tabitha Muthoka,Grade 8 A,Term 1,2026,Life Skills Education,76,A-,8,Needs significant improvement. Revise earlier topics.
ADM-1477,Tabitha Muthoka,Grade 8 A,Term 1,2026,Creative Arts & Sports,85,A,2,Good effort. Can improve with more practice.
ADM-1477,Tabitha Muthoka,Grade 8 A,Term 1,2026,Agriculture & Nutrition,100,A,1,Excellent work. Keep it up!
ADM-1477,Tabitha Muthoka,Grade 8 A,Term 1,2026,Home Science,72,B+,13,Steady progress. Do more revision.
ADM-1477,Tabitha Muthoka,Grade 8 A,Term 1,2026,Computer Science,89,A,2,Very good performance. Focus on the few weak areas.
ADM-1478,Beatrice Ruto,Grade 8 A,Term 1,2026,English,87,A,4,Excellent work. Keep it up!
ADM-1478,Beatrice Ruto,Grade 8 A,Term 1,2026,Kiswahili,77,A-,8,Excellent work. Keep it up!
ADM-1478,Beatrice Ruto,Grade 8 A,Term 1,2026,Mathematics,76,A-,10,Excellent work. Keep it up!
ADM-1478,Beatrice Ruto,Grade 8 A,Term 1,2026,Integrated Science,65,B,16,Steady progress. Do more revision.
ADM-1478,Beatrice Ruto,Grade 8 A,Term 1,2026,Social Studies,64,B-,19,Average. Put more effort into homework.
ADM-1478,Beatrice Ruto,Grade 8 A,Term 1,2026,Pre-Technical & Pre-Career Studies,84,A,3,Performs well under guidance. Keep practising.
ADM-1478,Beatrice Ruto,Grade 8 A,Term 1,2026,Religious Education,61,B-,16,Average. Put more effort into homework.
ADM-1478,Beatrice Ruto,Grade 8 A,Term 1,2026,Life Skills Education,80,A,5,Good effort. Can improve with more practice.
ADM-1478,Beatrice Ruto,Grade 8 A,Term 1,2026,Creative Arts & Sports,83,A,5,Performs well under guidance. Keep practising.
ADM-1478,Beatrice Ruto,Grade 8 A,Term 1,2026,Agriculture & Nutrition,76,A-,8,Satisfactory. Needs consistent practice.
ADM-1478,Beatrice Ruto,Grade 8 A,Term 1,2026,Home Science,77,A-,10,Steady progress. Do more revision.
ADM-1478,Beatrice Ruto,Grade 8 A,Term 1,2026,Computer Science,65,B,17,Average. Put more effort into homework.
ADM-1479,Olivia Kosgei,Grade 8 A,Term 1,2026,English,65,B,17,Satisfactory. Needs consistent practice.
ADM-1479,Olivia Kosgei,Grade 8 A,Term 1,2026,Kiswahili,68,B,14,Average. Put more effort into homework.
ADM-1479,Olivia Kosgei,Grade 8 A,Term 1,2026,Mathematics,58,C+,19,Average. Put more effort into homework.
ADM-1479,Olivia Kosgei,Grade 8 A,Term 1,2026,Integrated Science,64,B-,18,Satisfactory. Needs consistent practice.
ADM-1479,Olivia Kosgei,Grade 8 A,Term 1,2026,Social Studies,63,B-,20,Satisfactory. Needs consistent practice.
ADM-1479,Olivia Kosgei,Grade 8 A,Term 1,2026,Pre-Technical & Pre-Career Studies,71,B+,13,Excellent work. Keep it up!
ADM-1479,Olivia Kosgei,Grade 8 A,Term 1,2026,Religious Education,74,B+,12,Satisfactory. Needs consistent practice.
ADM-1479,Olivia Kosgei,Grade 8 A,Term 1,2026,Life Skills Education,55,C+,20,Good effort. Can improve with more practice.
ADM-1479,Olivia Kosgei,Grade 8 A,Term 1,2026,Creative Arts & Sports,76,A-,10,Average. Put more effort into homework.
ADM-1479,Olivia Kosgei,Grade 8 A,Term 1,2026,Agriculture & Nutrition,56,C+,21,Average. Put more effort into homework.
ADM-1479,Olivia Kosgei,Grade 8 A,Term 1,2026,Home Science,61,B-,18,Very good performance. Focus on the few weak areas.
ADM-1479,Olivia Kosgei,Grade 8 A,Term 1,2026,Computer Science,65,B,18,Very good performance. Focus on the few weak areas.
ADM-1480,Florence Musalia,Grade 8 A,Term 1,2026,English,69,B,14,Steady progress. Do more revision.
ADM-1480,Florence Musalia,Grade 8 A,Term 1,2026,Kiswahili,77,A-,9,Good effort. Can improve with more practice.
ADM-1480,Florence Musalia,Grade 8 A,Term 1,2026,Mathematics,63,B-,17,Steady progress. Do more revision.
ADM-1480,Florence Musalia,Grade 8 A,Term 1,2026,Integrated Science,61,B-,20,Steady progress. Do more revision.
ADM-1480,Florence Musalia,Grade 8 A,Term 1,2026,Social Studies,65,B,17,Good effort. Can improve with more practice.
ADM-1480,Florence Musalia,Grade 8 A,Term 1,2026,Pre-Technical & Pre-Career Studies,79,A-,5,Average. Put more effort into homework.
ADM-1480,Florence Musalia,Grade 8 A,Term 1,2026,Religious Education,63,B-,15,Excellent work. Keep it up!
ADM-1480,Florence Musalia,Grade 8 A,Term 1,2026,Life Skills Education,56,C+,19,Excellent work. Keep it up!
ADM-1480,Florence Musalia,Grade 8 A,Term 1,2026,Creative Arts & Sports,62,B-,20,Average. Put more effort into homework.
ADM-1480,Florence Musalia,Grade 8 A,Term 1,2026,Agriculture & Nutrition,67,B,17,Average. Put more effort into homework.
ADM-1480,Florence Musalia,Grade 8 A,Term 1,2026,Home Science,80,A,8,Shows understanding of key concepts.
ADM-1480,Florence Musalia,Grade 8 A,Term 1,2026,Computer Science,61,B-,19,Excellent work. Keep it up!
ADM-1481,Veronica Kithinji,Grade 8 A,Term 1,2026,English,73,B+,12,Steady progress. Do more revision.
ADM-1481,Veronica Kithinji,Grade 8 A,Term 1,2026,Kiswahili,84,A,4,Excellent work. Keep it up!
ADM-1481,Veronica Kithinji,Grade 8 A,Term 1,2026,Mathematics,75,A-,11,Performs well under guidance. Keep practising.
ADM-1481,Veronica Kithinji,Grade 8 A,Term 1,2026,Integrated Science,77,A-,7,Performs well under guidance. Keep practising.
ADM-1481,Veronica Kithinji,Grade 8 A,Term 1,2026,Social Studies,78,A-,7,Shows understanding of key concepts.
ADM-1481,Veronica Kithinji,Grade 8 A,Term 1,2026,Pre-Technical & Pre-Career Studies,79,A-,6,Good effort. Can improve with more practice.
ADM-1481,Veronica Kithinji,Grade 8 A,Term 1,2026,Religious Education,84,A,4,Very good performance. Focus on the few weak areas.
ADM-1481,Veronica Kithinji,Grade 8 A,Term 1,2026,Life Skills Education,67,B,13,Steady progress. Do more revision.
ADM-1481,Veronica Kithinji,Grade 8 A,Term 1,2026,Creative Arts & Sports,66,B,17,Steady progress. Do more revision.
ADM-1481,Veronica Kithinji,Grade 8 A,Term 1,2026,Agriculture & Nutrition,74,B+,9,Very good performance. Focus on the few weak areas.
ADM-1481,Veronica Kithinji,Grade 8 A,Term 1,2026,Home Science,88,A,4,Excellent work. Keep it up!
ADM-1481,Veronica Kithinji,Grade 8 A,Term 1,2026,Computer Science,84,A,5,Performs well under guidance. Keep practising.
ADM-1482,Mercy Kinyua,Grade 8 A,Term 1,2026,English,78,A-,9,Performs well under guidance. Keep practising.
ADM-1482,Mercy Kinyua,Grade 8 A,Term 1,2026,Kiswahili,60,B-,19,Average. Put more effort into homework.
ADM-1482,Mercy Kinyua,Grade 8 A,Term 1,2026,Mathematics,66,B,15,Steady progress. Do more revision.
ADM-1482,Mercy Kinyua,Grade 8 A,Term 1,2026,Integrated Science,76,A-,9,Excellent work. Keep it up!
ADM-1482,Mercy Kinyua,Grade 8 A,Term 1,2026,Social Studies,77,A-,8,Needs significant improvement. Revise earlier topics.
ADM-1482,Mercy Kinyua,Grade 8 A,Term 1,2026,Pre-Technical & Pre-Career Studies,76,A-,9,Excellent work. Keep it up!
ADM-1482,Mercy Kinyua,Grade 8 A,Term 1,2026,Religious Education,78,A-,10,Good effort. Can improve with more practice.
ADM-1482,Mercy Kinyua,Grade 8 A,Term 1,2026,Life Skills Education,61,B-,17,Satisfactory. Needs consistent practice.
ADM-1482,Mercy Kinyua,Grade 8 A,Term 1,2026,Creative Arts & Sports,73,B+,12,Steady progress. Do more revision.
ADM-1482,Mercy Kinyua,Grade 8 A,Term 1,2026,Agriculture & Nutrition,71,B+,13,Average. Put more effort into homework.
ADM-1482,Mercy Kinyua,Grade 8 A,Term 1,2026,Home Science,70,B+,14,Very good performance. Focus on the few weak areas.
ADM-1482,Mercy Kinyua,Grade 8 A,Term 1,2026,Computer Science,75,A-,11,Performs well under guidance. Keep practising.
ADM-1483,Sharon Mburu,Grade 8 A,Term 1,2026,English,93,A,2,Below average. Extra tuition recommended.
ADM-1483,Sharon Mburu,Grade 8 A,Term 1,2026,Kiswahili,86,A,2,Good effort. Can improve with more practice.
ADM-1483,Sharon Mburu,Grade 8 A,Term 1,2026,Mathematics,91,A,4,Satisfactory. Needs consistent practice.
ADM-1483,Sharon Mburu,Grade 8 A,Term 1,2026,Integrated Science,95,A,2,Very good performance. Focus on the few weak areas.
ADM-1483,Sharon Mburu,Grade 8 A,Term 1,2026,Social Studies,89,A,3,Needs significant improvement. Revise earlier topics.
ADM-1483,Sharon Mburu,Grade 8 A,Term 1,2026,Pre-Technical & Pre-Career Studies,77,A-,8,Steady progress. Do more revision.
ADM-1483,Sharon Mburu,Grade 8 A,Term 1,2026,Religious Education,79,A-,9,Average. Put more effort into homework.
ADM-1483,Sharon Mburu,Grade 8 A,Term 1,2026,Life Skills Education,97,A,1,Very good performance. Focus on the few weak areas.
ADM-1483,Sharon Mburu,Grade 8 A,Term 1,2026,Creative Arts & Sports,76,A-,11,Needs significant improvement. Revise earlier topics.
ADM-1483,Sharon Mburu,Grade 8 A,Term 1,2026,Agriculture & Nutrition,72,B+,10,Very good performance. Focus on the few weak areas.
ADM-1483,Sharon Mburu,Grade 8 A,Term 1,2026,Home Science,89,A,3,Performs well under guidance. Keep practising.
ADM-1483,Sharon Mburu,Grade 8 A,Term 1,2026,Computer Science,87,A,3,Excellent work. Keep it up!
ADM-1484,Amos Bii,Grade 8 A,Term 1,2026,English,64,B-,18,Steady progress. Do more revision.
ADM-1484,Amos Bii,Grade 8 A,Term 1,2026,Kiswahili,60,B-,20,Average. Put more effort into homework.
ADM-1484,Amos Bii,Grade 8 A,Term 1,2026,Mathematics,53,C,22,Good effort. Can improve with more practice.
ADM-1484,Amos Bii,Grade 8 A,Term 1,2026,Integrated Science,58,C+,21,Good effort. Can improve with more practice.
ADM-1484,Amos Bii,Grade 8 A,Term 1,2026,Social Studies,76,A-,9,Needs significant improvement. Revise earlier topics.
ADM-1484,Amos Bii,Grade 8 A,Term 1,2026,Pre-Technical & Pre-Career Studies,72,B+,12,Satisfactory. Needs consistent practice.
ADM-1484,Amos Bii,Grade 8 A,Term 1,2026,Religious Education,56,C+,19,Average. Put more effort into homework.
ADM-1484,Amos Bii,Grade 8 A,Term 1,2026,Life Skills Education,57,C+,18,Excellent work. Keep it up!
ADM-1484,Amos Bii,Grade 8 A,Term 1,2026,Creative Arts & Sports,73,B+,13,Average. Put more effort into homework.
ADM-1484,Amos Bii,Grade 8 A,Term 1,2026,Agriculture & Nutrition,72,B+,11,Very good performance. Focus on the few weak areas.
ADM-1484,Amos Bii,Grade 8 A,Term 1,2026,Home Science,70,B+,15,Steady progress. Do more revision.
ADM-1484,Amos Bii,Grade 8 A,Term 1,2026,Computer Science,69,B,15,Satisfactory. Needs consistent practice.
ADM-1485,Edna Sironka,Grade 8 A,Term 1,2026,English,54,C,22,Average. Put more effort into homework.
ADM-1485,Edna Sironka,Grade 8 A,Term 1,2026,Kiswahili,62,B-,17,Satisfactory. Needs consistent practice.
ADM-1485,Edna Sironka,Grade 8 A,Term 1,2026,Mathematics,58,C+,20,Average. Put more effort into homework.
ADM-1485,Edna Sironka,Grade 8 A,Term 1,2026,Integrated Science,48,C-,22,Steady progress. Do more revision.
ADM-1485,Edna Sironka,Grade 8 A,Term 1,2026,Social Studies,67,B,15,Very good performance. Focus on the few weak areas.
ADM-1485,Edna Sironka,Grade 8 A,Term 1,2026,Pre-Technical & Pre-Career Studies,49,C-,22,Steady progress. Do more revision.
ADM-1485,Edna Sironka,Grade 8 A,Term 1,2026,Religious Education,39,D,22,Needs to complete assignments on time.
ADM-1485,Edna Sironka,Grade 8 A,Term 1,2026,Life Skills Education,51,C,21,Excellent work. Keep it up!
ADM-1485,Edna Sironka,Grade 8 A,Term 1,2026,Creative Arts & Sports,57,C+,21,Very good performance. Focus on the few weak areas.
ADM-1485,Edna Sironka,Grade 8 A,Term 1,2026,Agriculture & Nutrition,54,C,22,Very good performance. Focus on the few weak areas.
ADM-1485,Edna Sironka,Grade 8 A,Term 1,2026,Home Science,52,C,21,Average. Put more effort into homework.
ADM-1485,Edna Sironka,Grade 8 A,Term 1,2026,Computer Science,55,C+,22,Excellent work. Keep it up!
ADM-1486,Yvonne Mwende,Grade 8 A,Term 1,2026,English,74,B+,10,Average. Put more effort into homework.
ADM-1486,Yvonne Mwende,Grade 8 A,Term 1,2026,Kiswahili,71,B+,11,Average. Put more effort into homework.
ADM-1486,Yvonne Mwende,Grade 8 A,Term 1,2026,Mathematics,57,C+,21,Satisfactory. Needs consistent practice.
ADM-1486,Yvonne Mwende,Grade 8 A,Term 1,2026,Integrated Science,70,B+,14,Very good performance. Focus on the few weak areas.
ADM-1486,Yvonne Mwende,Grade 8 A,Term 1,2026,Social Studies,65,B,18,Average. Put more effort into homework.
ADM-1486,Yvonne Mwende,Grade 8 A,Term 1,2026,Pre-Technical & Pre-Career Studies,56,C+,21,Steady progress. Do more revision.
ADM-1486,Yvonne Mwende,Grade 8 A,Term 1,2026,Religious Education,49,C-,21,Satisfactory. Needs consistent practice.
ADM-1486,Yvonne Mwende,Grade 8 A,Term 1,2026,Life Skills Education,49,C-,22,Good effort. Can improve with more practice.
ADM-1486,Yvonne Mwende,Grade 8 A,Term 1,2026,Creative Arts & Sports,51,C,22,Good effort. Can improve with more practice.
ADM-1486,Yvonne Mwende,Grade 8 A,Term 1,2026,Agriculture & Nutrition,65,B,18,Excellent work. Keep it up!
ADM-1486,Yvonne Mwende,Grade 8 A,Term 1,2026,Home Science,45,C-,22,Very good performance. Focus on the few weak areas.
ADM-1486,Yvonne Mwende,Grade 8 A,Term 1,2026,Computer Science,60,B-,20,Excellent work. Keep it up!
ADM-1487,Harrison Gatwiri,Grade 8 A,Term 1,2026,English,66,B,16,Good effort. Can improve with more practice.
ADM-1487,Harrison Gatwiri,Grade 8 A,Term 1,2026,Kiswahili,82,A,6,Shows understanding of key concepts.
ADM-1487,Harrison Gatwiri,Grade 8 A,Term 1,2026,Mathematics,81,A,8,Excellent work. Keep it up!
ADM-1487,Harrison Gatwiri,Grade 8 A,Term 1,2026,Integrated Science,71,B+,12,Average. Put more effort into homework.
ADM-1487,Harrison Gatwiri,Grade 8 A,Term 1,2026,Social Studies,76,A-,10,Very good performance. Focus on the few weak areas.
ADM-1487,Harrison Gatwiri,Grade 8 A,Term 1,2026,Pre-Technical & Pre-Career Studies,65,B,17,Steady progress. Do more revision.
ADM-1487,Harrison Gatwiri,Grade 8 A,Term 1,2026,Religious Education,68,B,14,Excellent work. Keep it up!
ADM-1487,Harrison Gatwiri,Grade 8 A,Term 1,2026,Life Skills Education,75,A-,9,Good effort. Can improve with more practice.
ADM-1487,Harrison Gatwiri,Grade 8 A,Term 1,2026,Creative Arts & Sports,77,A-,9,Good effort. Can improve with more practice.
ADM-1487,Harrison Gatwiri,Grade 8 A,Term 1,2026,Agriculture & Nutrition,61,B-,19,Very good performance. Focus on the few weak areas.
ADM-1487,Harrison Gatwiri,Grade 8 A,Term 1,2026,Home Science,81,A,7,Steady progress. Do more revision.
ADM-1487,Harrison Gatwiri,Grade 8 A,Term 1,2026,Computer Science,78,A-,10,Good effort. Can improve with more practice.
ADM-1488,Nancy Kioko,Grade 8 A,Term 1,2026,English,71,B+,13,Good effort. Can improve with more practice.
ADM-1488,Nancy Kioko,Grade 8 A,Term 1,2026,Kiswahili,64,B-,16,Very good performance. Focus on the few weak areas.
ADM-1488,Nancy Kioko,Grade 8 A,Term 1,2026,Mathematics,74,B+,12,Very good performance. Focus on the few weak areas.
ADM-1488,Nancy Kioko,Grade 8 A,Term 1,2026,Integrated Science,63,B-,19,Good effort. Can improve with more practice.
ADM-1488,Nancy Kioko,Grade 8 A,Term 1,2026,Social Studies,82,A,4,Good effort. Can improve with more practice.
ADM-1488,Nancy Kioko,Grade 8 A,Term 1,2026,Pre-Technical & Pre-Career Studies,78,A-,7,Needs significant improvement. Revise earlier topics.
ADM-1488,Nancy Kioko,Grade 8 A,Term 1,2026,Religious Education,55,C+,20,Steady progress. Do more revision.
ADM-1488,Nancy Kioko,Grade 8 A,Term 1,2026,Life Skills Education,65,B,14,Good effort. Can improve with more practice.
ADM-1488,Nancy Kioko,Grade 8 A,Term 1,2026,Creative Arts & Sports,69,B,16,Very good performance. Focus on the few weak areas.
ADM-1488,Nancy Kioko,Grade 8 A,Term 1,2026,Agriculture & Nutrition,77,A-,7,Below average. Extra tuition recommended.
ADM-1488,Nancy Kioko,Grade 8 A,Term 1,2026,Home Science,77,A-,11,Shows understanding of key concepts.
ADM-1488,Nancy Kioko,Grade 8 A,Term 1,2026,Computer Science,71,B+,14,Excellent work. Keep it up!
ADM-1489,Winnie Kigen,Grade 8 A,Term 1,2026,English,69,B,15,Very good performance. Focus on the few weak areas.
ADM-1489,Winnie Kigen,Grade 8 A,Term 1,2026,Kiswahili,70,B+,12,Very good performance. Focus on the few weak areas.
ADM-1489,Winnie Kigen,Grade 8 A,Term 1,2026,Mathematics,83,A,6,Performs well under guidance. Keep practising.
ADM-1489,Winnie Kigen,Grade 8 A,Term 1,2026,Integrated Science,65,B,17,Steady progress. Do more revision.
ADM-1489,Winnie Kigen,Grade 8 A,Term 1,2026,Social Studies,79,A-,6,Very good performance. Focus on the few weak areas.
ADM-1489,Winnie Kigen,Grade 8 A,Term 1,2026,Pre-Technical & Pre-Career Studies,61,B-,19,Excellent work. Keep it up!
ADM-1489,Winnie Kigen,Grade 8 A,Term 1,2026,Religious Education,60,B-,17,Average. Put more effort into homework.
ADM-1489,Winnie Kigen,Grade 8 A,Term 1,2026,Life Skills Education,63,B-,16,Satisfactory. Needs consistent practice.
ADM-1489,Winnie Kigen,Grade 8 A,Term 1,2026,Creative Arts & Sports,79,A-,8,Shows understanding of key concepts.
ADM-1489,Winnie Kigen,Grade 8 A,Term 1,2026,Agriculture & Nutrition,82,A,4,Below average. Extra tuition recommended.
ADM-1489,Winnie Kigen,Grade 8 A,Term 1,2026,Home Science,61,B-,19,Good effort. Can improve with more practice.
ADM-1489,Winnie Kigen,Grade 8 A,Term 1,2026,Computer Science,58,C+,21,Average. Put more effort into homework.
ADM-1490,Andrew Kiptum,Grade 8 A,Term 1,2026,English,56,C+,21,Steady progress. Do more revision.
ADM-1490,Andrew Kiptum,Grade 8 A,Term 1,2026,Kiswahili,58,C+,22,Excellent work. Keep it up!
ADM-1490,Andrew Kiptum,Grade 8 A,Term 1,2026,Mathematics,61,B-,18,Good effort. Can improve with more practice.
ADM-1490,Andrew Kiptum,Grade 8 A,Term 1,2026,Integrated Science,72,B+,10,Satisfactory. Needs consistent practice.
ADM-1490,Andrew Kiptum,Grade 8 A,Term 1,2026,Social Studies,73,B+,11,Average. Put more effort into homework.
ADM-1490,Andrew Kiptum,Grade 8 A,Term 1,2026,Pre-Technical & Pre-Career Studies,76,A-,10,Good effort. Can improve with more practice.
ADM-1490,Andrew Kiptum,Grade 8 A,Term 1,2026,Religious Education,60,B-,18,Excellent work. Keep it up!
ADM-1490,Andrew Kiptum,Grade 8 A,Term 1,2026,Life Skills Education,64,B-,15,Satisfactory. Needs consistent practice.
ADM-1490,Andrew Kiptum,Grade 8 A,Term 1,2026,Creative Arts & Sports,73,B+,14,Good effort. Can improve with more practice.
ADM-1490,Andrew Kiptum,Grade 8 A,Term 1,2026,Agriculture & Nutrition,72,B+,12,Satisfactory. Needs consistent practice.
ADM-1490,Andrew Kiptum,Grade 8 A,Term 1,2026,Home Science,69,B,16,Steady progress. Do more revision.
ADM-1490,Andrew Kiptum,Grade 8 A,Term 1,2026,Computer Science,67,B,16,Good effort. Can improve with more practice.
ADM-1491,Damaris Njeri,Grade 8 A,Term 1,2026,English,85,A,6,Very good performance. Focus on the few weak areas.
ADM-1491,Damaris Njeri,Grade 8 A,Term 1,2026,Kiswahili,79,A-,7,Needs significant improvement. Revise earlier topics.
ADM-1491,Damaris Njeri,Grade 8 A,Term 1,2026,Mathematics,92,A,2,Average. Put more effort into homework.
ADM-1491,Damaris Njeri,Grade 8 A,Term 1,2026,Integrated Science,77,A-,8,Excellent work. Keep it up!
ADM-1491,Damaris Njeri,Grade 8 A,Term 1,2026,Social Studies,80,A,5,Average. Put more effort into homework.
ADM-1491,Damaris Njeri,Grade 8 A,Term 1,2026,Pre-Technical & Pre-Career Studies,66,B,16,Satisfactory. Needs consistent practice.
ADM-1491,Damaris Njeri,Grade 8 A,Term 1,2026,Religious Education,85,A,3,Steady progress. Do more revision.
ADM-1491,Damaris Njeri,Grade 8 A,Term 1,2026,Life Skills Education,77,A-,6,Good effort. Can improve with more practice.
ADM-1491,Damaris Njeri,Grade 8 A,Term 1,2026,Creative Arts & Sports,84,A,3,Excellent work. Keep it up!
ADM-1491,Damaris Njeri,Grade 8 A,Term 1,2026,Agriculture & Nutrition,70,B+,15,Very good performance. Focus on the few weak areas.
ADM-1491,Damaris Njeri,Grade 8 A,Term 1,2026,Home Science,83,A,6,Excellent work. Keep it up!
ADM-1491,Damaris Njeri,Grade 8 A,Term 1,2026,Computer Science,73,B+,12,Satisfactory. Needs consistent practice.
ADM-1492,Benjamin Ruto,Grade 8 A,Term 1,2026,English,85,A,7,Satisfactory. Needs consistent practice.
ADM-1492,Benjamin Ruto,Grade 8 A,Term 1,2026,Kiswahili,85,A,3,Below average. Extra tuition recommended.
ADM-1492,Benjamin Ruto,Grade 8 A,Term 1,2026,Mathematics,93,A,1,Satisfactory. Needs consistent practice.
ADM-1492,Benjamin Ruto,Grade 8 A,Term 1,2026,Integrated Science,80,A,5,Steady progress. Do more revision.
ADM-1492,Benjamin Ruto,Grade 8 A,Term 1,2026,Social Studies,67,B,16,Very good performance. Focus on the few weak areas.
ADM-1492,Benjamin Ruto,Grade 8 A,Term 1,2026,Pre-Technical & Pre-Career Studies,89,A,1,Performs well under guidance. Keep practising.
ADM-1492,Benjamin Ruto,Grade 8 A,Term 1,2026,Religious Education,88,A,2,Below average. Extra tuition recommended.
ADM-1492,Benjamin Ruto,Grade 8 A,Term 1,2026,Life Skills Education,73,B+,10,Steady progress. Do more revision.
ADM-1492,Benjamin Ruto,Grade 8 A,Term 1,2026,Creative Arts & Sports,73,B+,15,Good effort. Can improve with more practice.
ADM-1492,Benjamin Ruto,Grade 8 A,Term 1,2026,Agriculture & Nutrition,90,A,2,Needs significant improvement. Revise earlier topics.
ADM-1492,Benjamin Ruto,Grade 8 A,Term 1,2026,Home Science,80,A,9,Good effort. Can improve with more practice.
ADM-1492,Benjamin Ruto,Grade 8 A,Term 1,2026,Computer Science,84,A,6,Very good performance. Focus on the few weak areas.
ADM-1493,Michael Nasimiyu,Grade 8 A,Term 1,2026,English,61,B-,20,Steady progress. Do more revision.
ADM-1493,Michael Nasimiyu,Grade 8 A,Term 1,2026,Kiswahili,61,B-,18,Excellent work. Keep it up!
ADM-1493,Michael Nasimiyu,Grade 8 A,Term 1,2026,Mathematics,69,B,14,Excellent work. Keep it up!
ADM-1493,Michael Nasimiyu,Grade 8 A,Term 1,2026,Integrated Science,71,B+,13,Satisfactory. Needs consistent practice.
ADM-1493,Michael Nasimiyu,Grade 8 A,Term 1,2026,Social Studies,61,B-,22,Excellent work. Keep it up!
ADM-1493,Michael Nasimiyu,Grade 8 A,Term 1,2026,Pre-Technical & Pre-Career Studies,86,A,2,Shows understanding of key concepts.
ADM-1493,Michael Nasimiyu,Grade 8 A,Term 1,2026,Religious Education,74,B+,13,Very good performance. Focus on the few weak areas.
ADM-1493,Michael Nasimiyu,Grade 8 A,Term 1,2026,Life Skills Education,73,B+,11,Average. Put more effort into homework.
ADM-1493,Michael Nasimiyu,Grade 8 A,Term 1,2026,Creative Arts & Sports,83,A,6,Average. Put more effort into homework.
ADM-1493,Michael Nasimiyu,Grade 8 A,Term 1,2026,Agriculture & Nutrition,59,C+,20,Excellent work. Keep it up!
ADM-1493,Michael Nasimiyu,Grade 8 A,Term 1,2026,Home Science,66,B,17,Average. Put more effort into homework.
ADM-1493,Michael Nasimiyu,Grade 8 A,Term 1,2026,Computer Science,83,A,7,Below average. Extra tuition recommended.
ADM-1494,Moses Mwirigi,Grade 8 A,Term 1,2026,English,87,A,5,Good effort. Can improve with more practice.
ADM-1494,Moses Mwirigi,Grade 8 A,Term 1,2026,Kiswahili,74,B+,10,Average. Put more effort into homework.
ADM-1494,Moses Mwirigi,Grade 8 A,Term 1,2026,Mathematics,88,A,5,Steady progress. Do more revision.
ADM-1494,Moses Mwirigi,Grade 8 A,Term 1,2026,Integrated Science,80,A,6,Below average. Extra tuition recommended.
ADM-1494,Moses Mwirigi,Grade 8 A,Term 1,2026,Social Studies,70,B+,13,Very good performance. Focus on the few weak areas.
ADM-1494,Moses Mwirigi,Grade 8 A,Term 1,2026,Pre-Technical & Pre-Career Studies,60,B-,20,Excellent work. Keep it up!
ADM-1494,Moses Mwirigi,Grade 8 A,Term 1,2026,Religious Education,84,A,5,Needs significant improvement. Revise earlier topics.
ADM-1494,Moses Mwirigi,Grade 8 A,Term 1,2026,Life Skills Education,84,A,4,Steady progress. Do more revision.
ADM-1494,Moses Mwirigi,Grade 8 A,Term 1,2026,Creative Arts & Sports,82,A,7,Very good performance. Focus on the few weak areas.
ADM-1494,Moses Mwirigi,Grade 8 A,Term 1,2026,Agriculture & Nutrition,70,B+,16,Good effort. Can improve with more practice.
ADM-1494,Moses Mwirigi,Grade 8 A,Term 1,2026,Home Science,73,B+,12,Steady progress. Do more revision.
ADM-1494,Moses Mwirigi,Grade 8 A,Term 1,2026,Computer Science,87,A,4,Good effort. Can improve with more practice.
ADM-1495,Hannah Naisoi,Grade 8 B,Term 1,2026,English,64,B-,17,Good effort. Can improve with more practice.
ADM-1495,Hannah Naisoi,Grade 8 B,Term 1,2026,Kiswahili,74,B+,14,Satisfactory. Needs consistent practice.
ADM-1495,Hannah Naisoi,Grade 8 B,Term 1,2026,Mathematics,64,B-,20,Excellent work. Keep it up!
ADM-1495,Hannah Naisoi,Grade 8 B,Term 1,2026,Integrated Science,66,B,17,Excellent work. Keep it up!
ADM-1495,Hannah Naisoi,Grade 8 B,Term 1,2026,Social Studies,71,B+,13,Average. Put more effort into homework.
ADM-1495,Hannah Naisoi,Grade 8 B,Term 1,2026,Pre-Technical & Pre-Career Studies,67,B,18,Very good performance. Focus on the few weak areas.
ADM-1495,Hannah Naisoi,Grade 8 B,Term 1,2026,Religious Education,70,B+,10,Good effort. Can improve with more practice.
ADM-1495,Hannah Naisoi,Grade 8 B,Term 1,2026,Life Skills Education,78,A-,7,Very good performance. Focus on the few weak areas.
ADM-1495,Hannah Naisoi,Grade 8 B,Term 1,2026,Creative Arts & Sports,51,C,21,Excellent work. Keep it up!
ADM-1495,Hannah Naisoi,Grade 8 B,Term 1,2026,Agriculture & Nutrition,75,A-,10,Performs well under guidance. Keep practising.
ADM-1495,Hannah Naisoi,Grade 8 B,Term 1,2026,Home Science,62,B-,19,Steady progress. Do more revision.
ADM-1495,Hannah Naisoi,Grade 8 B,Term 1,2026,Computer Science,70,B+,14,Very good performance. Focus on the few weak areas.
ADM-1496,Winnie Wafula,Grade 8 B,Term 1,2026,English,65,B,15,Excellent work. Keep it up!
ADM-1496,Winnie Wafula,Grade 8 B,Term 1,2026,Kiswahili,72,B+,15,Good effort. Can improve with more practice.
ADM-1496,Winnie Wafula,Grade 8 B,Term 1,2026,Mathematics,80,A,7,Good effort. Can improve with more practice.
ADM-1496,Winnie Wafula,Grade 8 B,Term 1,2026,Integrated Science,78,A-,10,Performs well under guidance. Keep practising.
ADM-1496,Winnie Wafula,Grade 8 B,Term 1,2026,Social Studies,66,B,16,Steady progress. Do more revision.
ADM-1496,Winnie Wafula,Grade 8 B,Term 1,2026,Pre-Technical & Pre-Career Studies,71,B+,14,Very good performance. Focus on the few weak areas.
ADM-1496,Winnie Wafula,Grade 8 B,Term 1,2026,Religious Education,74,B+,8,Good effort. Can improve with more practice.
ADM-1496,Winnie Wafula,Grade 8 B,Term 1,2026,Life Skills Education,54,C,21,Good effort. Can improve with more practice.
ADM-1496,Winnie Wafula,Grade 8 B,Term 1,2026,Creative Arts & Sports,63,B-,14,Steady progress. Do more revision.
ADM-1496,Winnie Wafula,Grade 8 B,Term 1,2026,Agriculture & Nutrition,73,B+,12,Average. Put more effort into homework.
ADM-1496,Winnie Wafula,Grade 8 B,Term 1,2026,Home Science,57,C+,21,Excellent work. Keep it up!
ADM-1496,Winnie Wafula,Grade 8 B,Term 1,2026,Computer Science,58,C+,20,Steady progress. Do more revision.
ADM-1497,Godfrey Githinji,Grade 8 B,Term 1,2026,English,66,B,14,Steady progress. Do more revision.
ADM-1497,Godfrey Githinji,Grade 8 B,Term 1,2026,Kiswahili,88,A,2,Needs significant improvement. Revise earlier topics.
ADM-1497,Godfrey Githinji,Grade 8 B,Term 1,2026,Mathematics,75,A-,9,Steady progress. Do more revision.
ADM-1497,Godfrey Githinji,Grade 8 B,Term 1,2026,Integrated Science,69,B,15,Good effort. Can improve with more practice.
ADM-1497,Godfrey Githinji,Grade 8 B,Term 1,2026,Social Studies,82,A,6,Steady progress. Do more revision.
ADM-1497,Godfrey Githinji,Grade 8 B,Term 1,2026,Pre-Technical & Pre-Career Studies,76,A-,8,Needs significant improvement. Revise earlier topics.
ADM-1497,Godfrey Githinji,Grade 8 B,Term 1,2026,Religious Education,66,B,14,Average. Put more effort into homework.
ADM-1497,Godfrey Githinji,Grade 8 B,Term 1,2026,Life Skills Education,83,A,5,Good effort. Can improve with more practice.
ADM-1497,Godfrey Githinji,Grade 8 B,Term 1,2026,Creative Arts & Sports,78,A-,9,Steady progress. Do more revision.
ADM-1497,Godfrey Githinji,Grade 8 B,Term 1,2026,Agriculture & Nutrition,70,B+,16,Good effort. Can improve with more practice.
ADM-1497,Godfrey Githinji,Grade 8 B,Term 1,2026,Home Science,81,A,7,Good effort. Can improve with more practice.
ADM-1497,Godfrey Githinji,Grade 8 B,Term 1,2026,Computer Science,78,A-,6,Performs well under guidance. Keep practising.
ADM-1498,Michael Musalia,Grade 8 B,Term 1,2026,English,50,C,21,Excellent work. Keep it up!
ADM-1498,Michael Musalia,Grade 8 B,Term 1,2026,Kiswahili,47,C-,22,Average. Put more effort into homework.
ADM-1498,Michael Musalia,Grade 8 B,Term 1,2026,Mathematics,39,D,22,Low effort despite ability. Needs encouragement.
ADM-1498,Michael Musalia,Grade 8 B,Term 1,2026,Integrated Science,48,C-,22,Excellent work. Keep it up!
ADM-1498,Michael Musalia,Grade 8 B,Term 1,2026,Social Studies,39,D,22,Poor foundation from previous grade. Support needed.
ADM-1498,Michael Musalia,Grade 8 B,Term 1,2026,Pre-Technical & Pre-Career Studies,54,C,22,Steady progress. Do more revision.
ADM-1498,Michael Musalia,Grade 8 B,Term 1,2026,Religious Education,57,C+,20,Very good performance. Focus on the few weak areas.
ADM-1498,Michael Musalia,Grade 8 B,Term 1,2026,Life Skills Education,51,C,22,Steady progress. Do more revision.
ADM-1498,Michael Musalia,Grade 8 B,Term 1,2026,Creative Arts & Sports,41,D+,22,Homework not done regularly.
ADM-1498,Michael Musalia,Grade 8 B,Term 1,2026,Agriculture & Nutrition,47,C-,22,Good effort. Can improve with more practice.
ADM-1498,Michael Musalia,Grade 8 B,Term 1,2026,Home Science,66,B,16,Good effort. Can improve with more practice.
ADM-1498,Michael Musalia,Grade 8 B,Term 1,2026,Computer Science,67,B,17,Good effort. Can improve with more practice.
ADM-1499,Eric Mwanzia,Grade 8 B,Term 1,2026,English,72,B+,11,Average. Put more effort into homework.
ADM-1499,Eric Mwanzia,Grade 8 B,Term 1,2026,Kiswahili,81,A,5,Excellent work. Keep it up!
ADM-1499,Eric Mwanzia,Grade 8 B,Term 1,2026,Mathematics,72,B+,12,Excellent work. Keep it up!
ADM-1499,Eric Mwanzia,Grade 8 B,Term 1,2026,Integrated Science,83,A,5,Very good performance. Focus on the few weak areas.
ADM-1499,Eric Mwanzia,Grade 8 B,Term 1,2026,Social Studies,83,A,5,Average. Put more effort into homework.
ADM-1499,Eric Mwanzia,Grade 8 B,Term 1,2026,Pre-Technical & Pre-Career Studies,78,A-,7,Shows understanding of key concepts.
ADM-1499,Eric Mwanzia,Grade 8 B,Term 1,2026,Religious Education,63,B-,18,Average. Put more effort into homework.
ADM-1499,Eric Mwanzia,Grade 8 B,Term 1,2026,Life Skills Education,65,B,12,Good effort. Can improve with more practice.
ADM-1499,Eric Mwanzia,Grade 8 B,Term 1,2026,Creative Arts & Sports,63,B-,15,Good effort. Can improve with more practice.
ADM-1499,Eric Mwanzia,Grade 8 B,Term 1,2026,Agriculture & Nutrition,86,A,3,Shows understanding of key concepts.
ADM-1499,Eric Mwanzia,Grade 8 B,Term 1,2026,Home Science,77,A-,11,Performs well under guidance. Keep practising.
ADM-1499,Eric Mwanzia,Grade 8 B,Term 1,2026,Computer Science,75,A-,8,Below average. Extra tuition recommended.
ADM-1500,Grace Obiero,Grade 8 B,Term 1,2026,English,62,B-,18,Satisfactory. Needs consistent practice.
ADM-1500,Grace Obiero,Grade 8 B,Term 1,2026,Kiswahili,79,A-,10,Average. Put more effort into homework.
ADM-1500,Grace Obiero,Grade 8 B,Term 1,2026,Mathematics,72,B+,13,Satisfactory. Needs consistent practice.
ADM-1500,Grace Obiero,Grade 8 B,Term 1,2026,Integrated Science,73,B+,12,Satisfactory. Needs consistent practice.
ADM-1500,Grace Obiero,Grade 8 B,Term 1,2026,Social Studies,78,A-,9,Average. Put more effort into homework.
ADM-1500,Grace Obiero,Grade 8 B,Term 1,2026,Pre-Technical & Pre-Career Studies,58,C+,21,Good effort. Can improve with more practice.
ADM-1500,Grace Obiero,Grade 8 B,Term 1,2026,Religious Education,83,A,4,Average. Put more effort into homework.
ADM-1500,Grace Obiero,Grade 8 B,Term 1,2026,Life Skills Education,64,B-,15,Very good performance. Focus on the few weak areas.
ADM-1500,Grace Obiero,Grade 8 B,Term 1,2026,Creative Arts & Sports,62,B-,16,Satisfactory. Needs consistent practice.
ADM-1500,Grace Obiero,Grade 8 B,Term 1,2026,Agriculture & Nutrition,65,B,20,Excellent work. Keep it up!
ADM-1500,Grace Obiero,Grade 8 B,Term 1,2026,Home Science,69,B,13,Satisfactory. Needs consistent practice.
ADM-1500,Grace Obiero,Grade 8 B,Term 1,2026,Computer Science,68,B,15,Very good performance. Focus on the few weak areas.
ADM-1501,Faith Akoth,Grade 8 B,Term 1,2026,English,78,A-,6,Below average. Extra tuition recommended.
ADM-1501,Faith Akoth,Grade 8 B,Term 1,2026,Kiswahili,69,B,16,Very good performance. Focus on the few weak areas.
ADM-1501,Faith Akoth,Grade 8 B,Term 1,2026,Mathematics,82,A,6,Excellent work. Keep it up!
ADM-1501,Faith Akoth,Grade 8 B,Term 1,2026,Integrated Science,78,A-,11,Excellent work. Keep it up!
ADM-1501,Faith Akoth,Grade 8 B,Term 1,2026,Social Studies,79,A-,8,Below average. Extra tuition recommended.
ADM-1501,Faith Akoth,Grade 8 B,Term 1,2026,Pre-Technical & Pre-Career Studies,76,A-,9,Needs significant improvement. Revise earlier topics.
ADM-1501,Faith Akoth,Grade 8 B,Term 1,2026,Religious Education,60,B-,19,Very good performance. Focus on the few weak areas.
ADM-1501,Faith Akoth,Grade 8 B,Term 1,2026,Life Skills Education,63,B-,16,Good effort. Can improve with more practice.
ADM-1501,Faith Akoth,Grade 8 B,Term 1,2026,Creative Arts & Sports,82,A,5,Average. Put more effort into homework.
ADM-1501,Faith Akoth,Grade 8 B,Term 1,2026,Agriculture & Nutrition,67,B,18,Excellent work. Keep it up!
ADM-1501,Faith Akoth,Grade 8 B,Term 1,2026,Home Science,61,B-,20,Very good performance. Focus on the few weak areas.
ADM-1501,Faith Akoth,Grade 8 B,Term 1,2026,Computer Science,87,A,2,Satisfactory. Needs consistent practice.
ADM-1502,Patrick Ndungu,Grade 8 B,Term 1,2026,English,75,A-,8,Average. Put more effort into homework.
ADM-1502,Patrick Ndungu,Grade 8 B,Term 1,2026,Kiswahili,55,C+,21,Excellent work. Keep it up!
ADM-1502,Patrick Ndungu,Grade 8 B,Term 1,2026,Mathematics,55,C+,21,Steady progress. Do more revision.
ADM-1502,Patrick Ndungu,Grade 8 B,Term 1,2026,Integrated Science,57,C+,20,Satisfactory. Needs consistent practice.
ADM-1502,Patrick Ndungu,Grade 8 B,Term 1,2026,Social Studies,56,C+,20,Good effort. Can improve with more practice.
ADM-1502,Patrick Ndungu,Grade 8 B,Term 1,2026,Pre-Technical & Pre-Career Studies,69,B,15,Excellent work. Keep it up!
ADM-1502,Patrick Ndungu,Grade 8 B,Term 1,2026,Religious Education,55,C+,21,Average. Put more effort into homework.
ADM-1502,Patrick Ndungu,Grade 8 B,Term 1,2026,Life Skills Education,58,C+,17,Satisfactory. Needs consistent practice.
ADM-1502,Patrick Ndungu,Grade 8 B,Term 1,2026,Creative Arts & Sports,58,C+,18,Very good performance. Focus on the few weak areas.
ADM-1502,Patrick Ndungu,Grade 8 B,Term 1,2026,Agriculture & Nutrition,61,B-,21,Satisfactory. Needs consistent practice.
ADM-1502,Patrick Ndungu,Grade 8 B,Term 1,2026,Home Science,65,B,17,Excellent work. Keep it up!
ADM-1502,Patrick Ndungu,Grade 8 B,Term 1,2026,Computer Science,72,B+,12,Satisfactory. Needs consistent practice.
ADM-1503,Amara Igweta,Grade 8 B,Term 1,2026,English,80,A,3,Below average. Extra tuition recommended.
ADM-1503,Amara Igweta,Grade 8 B,Term 1,2026,Kiswahili,75,A-,12,Steady progress. Do more revision.
ADM-1503,Amara Igweta,Grade 8 B,Term 1,2026,Mathematics,72,B+,14,Very good performance. Focus on the few weak areas.
ADM-1503,Amara Igweta,Grade 8 B,Term 1,2026,Integrated Science,69,B,16,Good effort. Can improve with more practice.
ADM-1503,Amara Igweta,Grade 8 B,Term 1,2026,Social Studies,73,B+,11,Very good performance. Focus on the few weak areas.
ADM-1503,Amara Igweta,Grade 8 B,Term 1,2026,Pre-Technical & Pre-Career Studies,73,B+,12,Steady progress. Do more revision.
ADM-1503,Amara Igweta,Grade 8 B,Term 1,2026,Religious Education,77,A-,6,Below average. Extra tuition recommended.
ADM-1503,Amara Igweta,Grade 8 B,Term 1,2026,Life Skills Education,81,A,6,Average. Put more effort into homework.
ADM-1503,Amara Igweta,Grade 8 B,Term 1,2026,Creative Arts & Sports,81,A,6,Average. Put more effort into homework.
ADM-1503,Amara Igweta,Grade 8 B,Term 1,2026,Agriculture & Nutrition,77,A-,7,Shows understanding of key concepts.
ADM-1503,Amara Igweta,Grade 8 B,Term 1,2026,Home Science,78,A-,9,Steady progress. Do more revision.
ADM-1503,Amara Igweta,Grade 8 B,Term 1,2026,Computer Science,76,A-,7,Good effort. Can improve with more practice.
ADM-1504,Victor Mwinyi,Grade 8 B,Term 1,2026,English,80,A,4,Satisfactory. Needs consistent practice.
ADM-1504,Victor Mwinyi,Grade 8 B,Term 1,2026,Kiswahili,86,A,3,Below average. Extra tuition recommended.
ADM-1504,Victor Mwinyi,Grade 8 B,Term 1,2026,Mathematics,76,A-,8,Below average. Extra tuition recommended.
ADM-1504,Victor Mwinyi,Grade 8 B,Term 1,2026,Integrated Science,79,A-,8,Performs well under guidance. Keep practising.
ADM-1504,Victor Mwinyi,Grade 8 B,Term 1,2026,Social Studies,89,A,2,Excellent work. Keep it up!
ADM-1504,Victor Mwinyi,Grade 8 B,Term 1,2026,Pre-Technical & Pre-Career Studies,97,A,1,Good effort. Can improve with more practice.
ADM-1504,Victor Mwinyi,Grade 8 B,Term 1,2026,Religious Education,79,A-,5,Satisfactory. Needs consistent practice.
ADM-1504,Victor Mwinyi,Grade 8 B,Term 1,2026,Life Skills Education,97,A,1,Average. Put more effort into homework.
ADM-1504,Victor Mwinyi,Grade 8 B,Term 1,2026,Creative Arts & Sports,96,A,1,Satisfactory. Needs consistent practice.
ADM-1504,Victor Mwinyi,Grade 8 B,Term 1,2026,Agriculture & Nutrition,84,A,4,Very good performance. Focus on the few weak areas.
ADM-1504,Victor Mwinyi,Grade 8 B,Term 1,2026,Home Science,90,A,1,Needs significant improvement. Revise earlier topics.
ADM-1504,Victor Mwinyi,Grade 8 B,Term 1,2026,Computer Science,86,A,3,Good effort. Can improve with more practice.
ADM-1505,Thomas Chepkoech,Grade 8 B,Term 1,2026,English,74,B+,9,Good effort. Can improve with more practice.
ADM-1505,Thomas Chepkoech,Grade 8 B,Term 1,2026,Kiswahili,57,C+,20,Excellent work. Keep it up!
ADM-1505,Thomas Chepkoech,Grade 8 B,Term 1,2026,Mathematics,68,B,17,Very good performance. Focus on the few weak areas.
ADM-1505,Thomas Chepkoech,Grade 8 B,Term 1,2026,Integrated Science,60,B-,19,Very good performance. Focus on the few weak areas.
ADM-1505,Thomas Chepkoech,Grade 8 B,Term 1,2026,Social Studies,65,B,17,Satisfactory. Needs consistent practice.
ADM-1505,Thomas Chepkoech,Grade 8 B,Term 1,2026,Pre-Technical & Pre-Career Studies,68,B,16,Steady progress. Do more revision.
ADM-1505,Thomas Chepkoech,Grade 8 B,Term 1,2026,Religious Education,68,B,12,Satisfactory. Needs consistent practice.
ADM-1505,Thomas Chepkoech,Grade 8 B,Term 1,2026,Life Skills Education,70,B+,10,Excellent work. Keep it up!
ADM-1505,Thomas Chepkoech,Grade 8 B,Term 1,2026,Creative Arts & Sports,57,C+,19,Good effort. Can improve with more practice.
ADM-1505,Thomas Chepkoech,Grade 8 B,Term 1,2026,Agriculture & Nutrition,67,B,19,Very good performance. Focus on the few weak areas.
ADM-1505,Thomas Chepkoech,Grade 8 B,Term 1,2026,Home Science,69,B,14,Very good performance. Focus on the few weak areas.
ADM-1505,Thomas Chepkoech,Grade 8 B,Term 1,2026,Computer Science,72,B+,13,Good effort. Can improve with more practice.
ADM-1506,Patrick Lugalia,Grade 8 B,Term 1,2026,English,ABS,ABS,,Absent for the examination.
ADM-1506,Patrick Lugalia,Grade 8 B,Term 1,2026,Kiswahili,80,A,7,Excellent work. Keep it up!
ADM-1506,Patrick Lugalia,Grade 8 B,Term 1,2026,Mathematics,71,B+,16,Good effort. Can improve with more practice.
ADM-1506,Patrick Lugalia,Grade 8 B,Term 1,2026,Integrated Science,89,A,1,Steady progress. Do more revision.
ADM-1506,Patrick Lugalia,Grade 8 B,Term 1,2026,Social Studies,68,B,15,Average. Put more effort into homework.
ADM-1506,Patrick Lugalia,Grade 8 B,Term 1,2026,Pre-Technical & Pre-Career Studies,94,A,2,Needs significant improvement. Revise earlier topics.
ADM-1506,Patrick Lugalia,Grade 8 B,Term 1,2026,Religious Education,66,B,15,Steady progress. Do more revision.
ADM-1506,Patrick Lugalia,Grade 8 B,Term 1,2026,Life Skills Education,65,B,13,Good effort. Can improve with more practice.
ADM-1506,Patrick Lugalia,Grade 8 B,Term 1,2026,Creative Arts & Sports,73,B+,10,Average. Put more effort into homework.
ADM-1506,Patrick Lugalia,Grade 8 B,Term 1,2026,Agriculture & Nutrition,87,A,2,Excellent work. Keep it up!
ADM-1506,Patrick Lugalia,Grade 8 B,Term 1,2026,Home Science,85,A,4,Satisfactory. Needs consistent practice.
ADM-1506,Patrick Lugalia,Grade 8 B,Term 1,2026,Computer Science,75,A-,9,Needs significant improvement. Revise earlier topics.
ADM-1507,Diana Kipchumba,Grade 8 B,Term 1,2026,English,56,C+,20,Steady progress. Do more revision.
ADM-1507,Diana Kipchumba,Grade 8 B,Term 1,2026,Kiswahili,62,B-,19,Average. Put more effort into homework.
ADM-1507,Diana Kipchumba,Grade 8 B,Term 1,2026,Mathematics,74,B+,10,Excellent work. Keep it up!
ADM-1507,Diana Kipchumba,Grade 8 B,Term 1,2026,Integrated Science,62,B-,18,Good effort. Can improve with more practice.
ADM-1507,Diana Kipchumba,Grade 8 B,Term 1,2026,Social Studies,52,C,21,Excellent work. Keep it up!
ADM-1507,Diana Kipchumba,Grade 8 B,Term 1,2026,Pre-Technical & Pre-Career Studies,72,B+,13,Good effort. Can improve with more practice.
ADM-1507,Diana Kipchumba,Grade 8 B,Term 1,2026,Religious Education,71,B+,9,Steady progress. Do more revision.
ADM-1507,Diana Kipchumba,Grade 8 B,Term 1,2026,Life Skills Education,57,C+,20,Excellent work. Keep it up!
ADM-1507,Diana Kipchumba,Grade 8 B,Term 1,2026,Creative Arts & Sports,71,B+,11,Good effort. Can improve with more practice.
ADM-1507,Diana Kipchumba,Grade 8 B,Term 1,2026,Agriculture & Nutrition,72,B+,13,Average. Put more effort into homework.
ADM-1507,Diana Kipchumba,Grade 8 B,Term 1,2026,Home Science,65,B,18,Excellent work. Keep it up!
ADM-1507,Diana Kipchumba,Grade 8 B,Term 1,2026,Computer Science,67,B,18,Excellent work. Keep it up!
ADM-1508,Anthony Wafula,Grade 8 B,Term 1,2026,English,74,B+,10,Very good performance. Focus on the few weak areas.
ADM-1508,Anthony Wafula,Grade 8 B,Term 1,2026,Kiswahili,80,A,8,Performs well under guidance. Keep practising.
ADM-1508,Anthony Wafula,Grade 8 B,Term 1,2026,Mathematics,73,B+,11,Good effort. Can improve with more practice.
ADM-1508,Anthony Wafula,Grade 8 B,Term 1,2026,Integrated Science,72,B+,13,Satisfactory. Needs consistent practice.
ADM-1508,Anthony Wafula,Grade 8 B,Term 1,2026,Social Studies,96,A,1,Shows understanding of key concepts.
ADM-1508,Anthony Wafula,Grade 8 B,Term 1,2026,Pre-Technical & Pre-Career Studies,89,A,4,Average. Put more effort into homework.
ADM-1508,Anthony Wafula,Grade 8 B,Term 1,2026,Religious Education,77,A-,7,Below average. Extra tuition recommended.
ADM-1508,Anthony Wafula,Grade 8 B,Term 1,2026,Life Skills Education,87,A,4,Needs significant improvement. Revise earlier topics.
ADM-1508,Anthony Wafula,Grade 8 B,Term 1,2026,Creative Arts & Sports,83,A,3,Very good performance. Focus on the few weak areas.
ADM-1508,Anthony Wafula,Grade 8 B,Term 1,2026,Agriculture & Nutrition,74,B+,11,Very good performance. Focus on the few weak areas.
ADM-1508,Anthony Wafula,Grade 8 B,Term 1,2026,Home Science,81,A,8,Very good performance. Focus on the few weak areas.
ADM-1508,Anthony Wafula,Grade 8 B,Term 1,2026,Computer Science,68,B,16,Satisfactory. Needs consistent practice.
ADM-1509,Veronica Sironka,Grade 8 B,Term 1,2026,English,80,A,5,Performs well under guidance. Keep practising.
ADM-1509,Veronica Sironka,Grade 8 B,Term 1,2026,Kiswahili,81,A,6,Average. Put more effort into homework.
ADM-1509,Veronica Sironka,Grade 8 B,Term 1,2026,Mathematics,86,A,4,Good effort. Can improve with more practice.
ADM-1509,Veronica Sironka,Grade 8 B,Term 1,2026,Integrated Science,82,A,6,Below average. Extra tuition recommended.
ADM-1509,Veronica Sironka,Grade 8 B,Term 1,2026,Social Studies,89,A,3,Shows understanding of key concepts.
ADM-1509,Veronica Sironka,Grade 8 B,Term 1,2026,Pre-Technical & Pre-Career Studies,89,A,5,Steady progress. Do more revision.
ADM-1509,Veronica Sironka,Grade 8 B,Term 1,2026,Religious Education,87,A,1,Needs significant improvement. Revise earlier topics.
ADM-1509,Veronica Sironka,Grade 8 B,Term 1,2026,Life Skills Education,65,B,14,Good effort. Can improve with more practice.
ADM-1509,Veronica Sironka,Grade 8 B,Term 1,2026,Creative Arts & Sports,92,A,2,Performs well under guidance. Keep practising.
ADM-1509,Veronica Sironka,Grade 8 B,Term 1,2026,Agriculture & Nutrition,72,B+,14,Average. Put more effort into homework.
ADM-1509,Veronica Sironka,Grade 8 B,Term 1,2026,Home Science,78,A-,10,Below average. Extra tuition recommended.
ADM-1509,Veronica Sironka,Grade 8 B,Term 1,2026,Computer Science,81,A,4,Shows understanding of key concepts.
ADM-1510,Caroline Chemtai,Grade 8 B,Term 1,2026,English,62,B-,19,Very good performance. Focus on the few weak areas.
ADM-1510,Caroline Chemtai,Grade 8 B,Term 1,2026,Kiswahili,64,B-,18,Satisfactory. Needs consistent practice.
ADM-1510,Caroline Chemtai,Grade 8 B,Term 1,2026,Mathematics,65,B,19,Very good performance. Focus on the few weak areas.
ADM-1510,Caroline Chemtai,Grade 8 B,Term 1,2026,Integrated Science,79,A-,9,Good effort. Can improve with more practice.
ADM-1510,Caroline Chemtai,Grade 8 B,Term 1,2026,Social Studies,60,B-,19,Very good performance. Focus on the few weak areas.
ADM-1510,Caroline Chemtai,Grade 8 B,Term 1,2026,Pre-Technical & Pre-Career Studies,66,B,20,Very good performance. Focus on the few weak areas.
ADM-1510,Caroline Chemtai,Grade 8 B,Term 1,2026,Religious Education,69,B,11,Steady progress. Do more revision.
ADM-1510,Caroline Chemtai,Grade 8 B,Term 1,2026,Life Skills Education,88,A,3,Average. Put more effort into homework.
ADM-1510,Caroline Chemtai,Grade 8 B,Term 1,2026,Creative Arts & Sports,59,C+,17,Average. Put more effort into homework.
ADM-1510,Caroline Chemtai,Grade 8 B,Term 1,2026,Agriculture & Nutrition,77,A-,8,Good effort. Can improve with more practice.
ADM-1510,Caroline Chemtai,Grade 8 B,Term 1,2026,Home Science,77,A-,12,Shows understanding of key concepts.
ADM-1510,Caroline Chemtai,Grade 8 B,Term 1,2026,Computer Science,66,B,19,Good effort. Can improve with more practice.
ADM-1511,Julius Kimeu,Grade 8 B,Term 1,2026,English,65,B,16,Average. Put more effort into homework.
ADM-1511,Julius Kimeu,Grade 8 B,Term 1,2026,Kiswahili,84,A,4,Excellent work. Keep it up!
ADM-1511,Julius Kimeu,Grade 8 B,Term 1,2026,Mathematics,84,A,5,Excellent work. Keep it up!
ADM-1511,Julius Kimeu,Grade 8 B,Term 1,2026,Integrated Science,71,B+,14,Excellent work. Keep it up!
ADM-1511,Julius Kimeu,Grade 8 B,Term 1,2026,Social Studies,77,A-,10,Satisfactory. Needs consistent practice.
ADM-1511,Julius Kimeu,Grade 8 B,Term 1,2026,Pre-Technical & Pre-Career Studies,67,B,19,Steady progress. Do more revision.
ADM-1511,Julius Kimeu,Grade 8 B,Term 1,2026,Religious Education,55,C+,22,Steady progress. Do more revision.
ADM-1511,Julius Kimeu,Grade 8 B,Term 1,2026,Life Skills Education,72,B+,8,Excellent work. Keep it up!
ADM-1511,Julius Kimeu,Grade 8 B,Term 1,2026,Creative Arts & Sports,80,A,7,Shows understanding of key concepts.
ADM-1511,Julius Kimeu,Grade 8 B,Term 1,2026,Agriculture & Nutrition,71,B+,15,Steady progress. Do more revision.
ADM-1511,Julius Kimeu,Grade 8 B,Term 1,2026,Home Science,83,A,6,Below average. Extra tuition recommended.
ADM-1511,Julius Kimeu,Grade 8 B,Term 1,2026,Computer Science,75,A-,10,Good effort. Can improve with more practice.
ADM-1512,Beth Wambui,Grade 8 B,Term 1,2026,English,88,A,2,Excellent work. Keep it up!
ADM-1512,Beth Wambui,Grade 8 B,Term 1,2026,Kiswahili,78,A-,11,Performs well under guidance. Keep practising.
ADM-1512,Beth Wambui,Grade 8 B,Term 1,2026,Mathematics,93,A,2,Shows understanding of key concepts.
ADM-1512,Beth Wambui,Grade 8 B,Term 1,2026,Integrated Science,89,A,2,Excellent work. Keep it up!
ADM-1512,Beth Wambui,Grade 8 B,Term 1,2026,Social Studies,82,A,7,Average. Put more effort into homework.
ADM-1512,Beth Wambui,Grade 8 B,Term 1,2026,Pre-Technical & Pre-Career Studies,80,A,6,Shows understanding of key concepts.
ADM-1512,Beth Wambui,Grade 8 B,Term 1,2026,Religious Education,86,A,2,Steady progress. Do more revision.
ADM-1512,Beth Wambui,Grade 8 B,Term 1,2026,Life Skills Education,72,B+,9,Good effort. Can improve with more practice.
ADM-1512,Beth Wambui,Grade 8 B,Term 1,2026,Creative Arts & Sports,83,A,4,Shows understanding of key concepts.
ADM-1512,Beth Wambui,Grade 8 B,Term 1,2026,Agriculture & Nutrition,82,A,6,Below average. Extra tuition recommended.
ADM-1512,Beth Wambui,Grade 8 B,Term 1,2026,Home Science,89,A,3,Needs significant improvement. Revise earlier topics.
ADM-1512,Beth Wambui,Grade 8 B,Term 1,2026,Computer Science,80,A,5,Good effort. Can improve with more practice.
ADM-1513,William Chepkirui,Grade 8 B,Term 1,2026,English,70,B+,12,Excellent work. Keep it up!
ADM-1513,William Chepkirui,Grade 8 B,Term 1,2026,Kiswahili,80,A,9,Very good performance. Focus on the few weak areas.
ADM-1513,William Chepkirui,Grade 8 B,Term 1,2026,Mathematics,87,A,3,Good effort. Can improve with more practice.
ADM-1513,William Chepkirui,Grade 8 B,Term 1,2026,Integrated Science,85,A,3,Needs significant improvement. Revise earlier topics.
ADM-1513,William Chepkirui,Grade 8 B,Term 1,2026,Social Studies,73,B+,12,Steady progress. Do more revision.
ADM-1513,William Chepkirui,Grade 8 B,Term 1,2026,Pre-Technical & Pre-Career Studies,75,A-,10,Good effort. Can improve with more practice.
ADM-1513,William Chepkirui,Grade 8 B,Term 1,2026,Religious Education,67,B,13,Good effort. Can improve with more practice.
ADM-1513,William Chepkirui,Grade 8 B,Term 1,2026,Life Skills Education,58,C+,18,Excellent work. Keep it up!
ADM-1513,William Chepkirui,Grade 8 B,Term 1,2026,Creative Arts & Sports,68,B,13,Steady progress. Do more revision.
ADM-1513,William Chepkirui,Grade 8 B,Term 1,2026,Agriculture & Nutrition,84,A,5,Below average. Extra tuition recommended.
ADM-1513,William Chepkirui,Grade 8 B,Term 1,2026,Home Science,69,B,15,Satisfactory. Needs consistent practice.
ADM-1513,William Chepkirui,Grade 8 B,Term 1,2026,Computer Science,53,C,21,Average. Put more effort into homework.
ADM-1514,Patrick Kilonzo,Grade 8 B,Term 1,2026,English,98,A,1,Average. Put more effort into homework.
ADM-1514,Patrick Kilonzo,Grade 8 B,Term 1,2026,Kiswahili,94,A,1,Performs well under guidance. Keep practising.
ADM-1514,Patrick Kilonzo,Grade 8 B,Term 1,2026,Mathematics,96,A,1,Below average. Extra tuition recommended.
ADM-1514,Patrick Kilonzo,Grade 8 B,Term 1,2026,Integrated Science,84,A,4,Shows understanding of key concepts.
ADM-1514,Patrick Kilonzo,Grade 8 B,Term 1,2026,Social Studies,84,A,4,Performs well under guidance. Keep practising.
ADM-1514,Patrick Kilonzo,Grade 8 B,Term 1,2026,Pre-Technical & Pre-Career Studies,91,A,3,Shows understanding of key concepts.
ADM-1514,Patrick Kilonzo,Grade 8 B,Term 1,2026,Religious Education,84,A,3,Excellent work. Keep it up!
ADM-1514,Patrick Kilonzo,Grade 8 B,Term 1,2026,Life Skills Education,89,A,2,Below average. Extra tuition recommended.
ADM-1514,Patrick Kilonzo,Grade 8 B,Term 1,2026,Creative Arts & Sports,80,A,8,Very good performance. Focus on the few weak areas.
ADM-1514,Patrick Kilonzo,Grade 8 B,Term 1,2026,Agriculture & Nutrition,92,A,1,Needs significant improvement. Revise earlier topics.
ADM-1514,Patrick Kilonzo,Grade 8 B,Term 1,2026,Home Science,90,A,2,Performs well under guidance. Keep practising.
ADM-1514,Patrick Kilonzo,Grade 8 B,Term 1,2026,Computer Science,94,A,1,Excellent work. Keep it up!
ADM-1515,Sophia Kimutai,Grade 8 B,Term 1,2026,English,68,B,13,Satisfactory. Needs consistent practice.
ADM-1515,Sophia Kimutai,Grade 8 B,Term 1,2026,Kiswahili,75,A-,13,Performs well under guidance. Keep practising.
ADM-1515,Sophia Kimutai,Grade 8 B,Term 1,2026,Mathematics,67,B,18,Good effort. Can improve with more practice.
ADM-1515,Sophia Kimutai,Grade 8 B,Term 1,2026,Integrated Science,81,A,7,Satisfactory. Needs consistent practice.
ADM-1515,Sophia Kimutai,Grade 8 B,Term 1,2026,Social Studies,71,B+,14,Steady progress. Do more revision.
ADM-1515,Sophia Kimutai,Grade 8 B,Term 1,2026,Pre-Technical & Pre-Career Studies,75,A-,11,Average. Put more effort into homework.
ADM-1515,Sophia Kimutai,Grade 8 B,Term 1,2026,Religious Education,64,B-,17,Satisfactory. Needs consistent practice.
ADM-1515,Sophia Kimutai,Grade 8 B,Term 1,2026,Life Skills Education,66,B,11,Good effort. Can improve with more practice.
ADM-1515,Sophia Kimutai,Grade 8 B,Term 1,2026,Creative Arts & Sports,57,C+,20,Very good performance. Focus on the few weak areas.
ADM-1515,Sophia Kimutai,Grade 8 B,Term 1,2026,Agriculture & Nutrition,68,B,17,Very good performance. Focus on the few weak areas.
ADM-1515,Sophia Kimutai,Grade 8 B,Term 1,2026,Home Science,85,A,5,Satisfactory. Needs consistent practice.
ADM-1515,Sophia Kimutai,Grade 8 B,Term 1,2026,Computer Science,75,A-,11,Very good performance. Focus on the few weak areas.
ADM-1516,Frank Wamalwa,Grade 8 B,Term 1,2026,English,77,A-,7,Very good performance. Focus on the few weak areas.
ADM-1516,Frank Wamalwa,Grade 8 B,Term 1,2026,Kiswahili,68,B,17,Average. Put more effort into homework.
ADM-1516,Frank Wamalwa,Grade 8 B,Term 1,2026,Mathematics,72,B+,15,Excellent work. Keep it up!
ADM-1516,Frank Wamalwa,Grade 8 B,Term 1,2026,Integrated Science,54,C,21,Very good performance. Focus on the few weak areas.
ADM-1516,Frank Wamalwa,Grade 8 B,Term 1,2026,Social Studies,61,B-,18,Satisfactory. Needs consistent practice.
ADM-1516,Frank Wamalwa,Grade 8 B,Term 1,2026,Pre-Technical & Pre-Career Studies,68,B,17,Good effort. Can improve with more practice.
ADM-1516,Frank Wamalwa,Grade 8 B,Term 1,2026,Religious Education,66,B,16,Good effort. Can improve with more practice.
ADM-1516,Frank Wamalwa,Grade 8 B,Term 1,2026,Life Skills Education,58,C+,19,Good effort. Can improve with more practice.
ADM-1516,Frank Wamalwa,Grade 8 B,Term 1,2026,Creative Arts & Sports,71,B+,12,Steady progress. Do more revision.
ADM-1516,Frank Wamalwa,Grade 8 B,Term 1,2026,Agriculture & Nutrition,77,A-,9,Average. Put more effort into homework.
ADM-1516,Frank Wamalwa,Grade 8 B,Term 1,2026,Home Science,55,C+,22,Excellent work. Keep it up!
ADM-1516,Frank Wamalwa,Grade 8 B,Term 1,2026,Computer Science,53,C,22,Average. Put more effort into homework.
ADM-1517,Sarah Hassan,Grade 9 A,Term 1,2026,English,66,B,12,Excellent work. Keep it up!
ADM-1517,Sarah Hassan,Grade 9 A,Term 1,2026,Kiswahili,76,A-,5,Shows understanding of key concepts.
ADM-1517,Sarah Hassan,Grade 9 A,Term 1,2026,Mathematics,77,A-,8,Excellent work. Keep it up!
ADM-1517,Sarah Hassan,Grade 9 A,Term 1,2026,Integrated Science,81,A,6,Shows understanding of key concepts.
ADM-1517,Sarah Hassan,Grade 9 A,Term 1,2026,Social Studies,77,A-,8,Needs significant improvement. Revise earlier topics.
ADM-1517,Sarah Hassan,Grade 9 A,Term 1,2026,Pre-Technical & Pre-Career Studies,70,B+,10,Very good performance. Focus on the few weak areas.
ADM-1517,Sarah Hassan,Grade 9 A,Term 1,2026,Religious Education,81,A,6,Average. Put more effort into homework.
ADM-1517,Sarah Hassan,Grade 9 A,Term 1,2026,Life Skills Education,82,A,4,Good effort. Can improve with more practice.
ADM-1517,Sarah Hassan,Grade 9 A,Term 1,2026,Creative Arts & Sports,62,B-,14,Good effort. Can improve with more practice.
ADM-1517,Sarah Hassan,Grade 9 A,Term 1,2026,Agriculture & Nutrition,85,A,2,Excellent work. Keep it up!
ADM-1517,Sarah Hassan,Grade 9 A,Term 1,2026,Home Science,80,A,5,Performs well under guidance. Keep practising.
ADM-1517,Sarah Hassan,Grade 9 A,Term 1,2026,Computer Science,59,C+,17,Average. Put more effort into homework.
ADM-1518,Peninah Khaemba,Grade 9 A,Term 1,2026,English,64,B-,16,Satisfactory. Needs consistent practice.
ADM-1518,Peninah Khaemba,Grade 9 A,Term 1,2026,Kiswahili,66,B,15,Good effort. Can improve with more practice.
ADM-1518,Peninah Khaemba,Grade 9 A,Term 1,2026,Mathematics,55,C+,19,Excellent work. Keep it up!
ADM-1518,Peninah Khaemba,Grade 9 A,Term 1,2026,Integrated Science,52,C,19,Average. Put more effort into homework.
ADM-1518,Peninah Khaemba,Grade 9 A,Term 1,2026,Social Studies,53,C,19,Steady progress. Do more revision.
ADM-1518,Peninah Khaemba,Grade 9 A,Term 1,2026,Pre-Technical & Pre-Career Studies,49,C-,22,Satisfactory. Needs consistent practice.
ADM-1518,Peninah Khaemba,Grade 9 A,Term 1,2026,Religious Education,54,C,21,Satisfactory. Needs consistent practice.
ADM-1518,Peninah Khaemba,Grade 9 A,Term 1,2026,Life Skills Education,51,C,21,Satisfactory. Needs consistent practice.
ADM-1518,Peninah Khaemba,Grade 9 A,Term 1,2026,Creative Arts & Sports,56,C+,18,Excellent work. Keep it up!
ADM-1518,Peninah Khaemba,Grade 9 A,Term 1,2026,Agriculture & Nutrition,44,D+,22,Homework not done regularly.
ADM-1518,Peninah Khaemba,Grade 9 A,Term 1,2026,Home Science,46,C-,22,Satisfactory. Needs consistent practice.
ADM-1518,Peninah Khaemba,Grade 9 A,Term 1,2026,Computer Science,48,C-,22,Steady progress. Do more revision.
ADM-1519,Gideon Chepkirui,Grade 9 A,Term 1,2026,English,83,A,4,Excellent work. Keep it up!
ADM-1519,Gideon Chepkirui,Grade 9 A,Term 1,2026,Kiswahili,75,A-,6,Steady progress. Do more revision.
ADM-1519,Gideon Chepkirui,Grade 9 A,Term 1,2026,Mathematics,88,A,3,Performs well under guidance. Keep practising.
ADM-1519,Gideon Chepkirui,Grade 9 A,Term 1,2026,Integrated Science,88,A,3,Performs well under guidance. Keep practising.
ADM-1519,Gideon Chepkirui,Grade 9 A,Term 1,2026,Social Studies,91,A,1,Very good performance. Focus on the few weak areas.
ADM-1519,Gideon Chepkirui,Grade 9 A,Term 1,2026,Pre-Technical & Pre-Career Studies,66,B,15,Average. Put more effort into homework.
ADM-1519,Gideon Chepkirui,Grade 9 A,Term 1,2026,Religious Education,83,A,5,Satisfactory. Needs consistent practice.
ADM-1519,Gideon Chepkirui,Grade 9 A,Term 1,2026,Life Skills Education,72,B+,8,Very good performance. Focus on the few weak areas.
ADM-1519,Gideon Chepkirui,Grade 9 A,Term 1,2026,Creative Arts & Sports,87,A,3,Good effort. Can improve with more practice.
ADM-1519,Gideon Chepkirui,Grade 9 A,Term 1,2026,Agriculture & Nutrition,80,A,3,Steady progress. Do more revision.
ADM-1519,Gideon Chepkirui,Grade 9 A,Term 1,2026,Home Science,86,A,2,Shows understanding of key concepts.
ADM-1519,Gideon Chepkirui,Grade 9 A,Term 1,2026,Computer Science,72,B+,7,Satisfactory. Needs consistent practice.
ADM-1520,Kiplangat Mwangi,Grade 9 A,Term 1,2026,English,62,B-,18,Steady progress. Do more revision.
ADM-1520,Kiplangat Mwangi,Grade 9 A,Term 1,2026,Kiswahili,53,C,21,Satisfactory. Needs consistent practice.
ADM-1520,Kiplangat Mwangi,Grade 9 A,Term 1,2026,Mathematics,64,B-,15,Satisfactory. Needs consistent practice.
ADM-1520,Kiplangat Mwangi,Grade 9 A,Term 1,2026,Integrated Science,53,C,18,Excellent work. Keep it up!
ADM-1520,Kiplangat Mwangi,Grade 9 A,Term 1,2026,Social Studies,48,C-,21,Excellent work. Keep it up!
ADM-1520,Kiplangat Mwangi,Grade 9 A,Term 1,2026,Pre-Technical & Pre-Career Studies,54,C,20,Excellent work. Keep it up!
ADM-1520,Kiplangat Mwangi,Grade 9 A,Term 1,2026,Religious Education,56,C+,20,Average. Put more effort into homework.
ADM-1520,Kiplangat Mwangi,Grade 9 A,Term 1,2026,Life Skills Education,65,B,11,Good effort. Can improve with more practice.
ADM-1520,Kiplangat Mwangi,Grade 9 A,Term 1,2026,Creative Arts & Sports,54,C,20,Excellent work. Keep it up!
ADM-1520,Kiplangat Mwangi,Grade 9 A,Term 1,2026,Agriculture & Nutrition,62,B-,14,Good effort. Can improve with more practice.
ADM-1520,Kiplangat Mwangi,Grade 9 A,Term 1,2026,Home Science,50,C,21,Satisfactory. Needs consistent practice.
ADM-1520,Kiplangat Mwangi,Grade 9 A,Term 1,2026,Computer Science,66,B,11,Steady progress. Do more revision.
ADM-1521,Cynthia Kitonga,Grade 9 A,Term 1,2026,English,77,A-,6,Very good performance. Focus on the few weak areas.
ADM-1521,Cynthia Kitonga,Grade 9 A,Term 1,2026,Kiswahili,72,B+,8,Good effort. Can improve with more practice.
ADM-1521,Cynthia Kitonga,Grade 9 A,Term 1,2026,Mathematics,99,A,1,Steady progress. Do more revision.
ADM-1521,Cynthia Kitonga,Grade 9 A,Term 1,2026,Integrated Science,78,A-,7,Very good performance. Focus on the few weak areas.
ADM-1521,Cynthia Kitonga,Grade 9 A,Term 1,2026,Social Studies,81,A,5,Below average. Extra tuition recommended.
ADM-1521,Cynthia Kitonga,Grade 9 A,Term 1,2026,Pre-Technical & Pre-Career Studies,96,A,1,Needs significant improvement. Revise earlier topics.
ADM-1521,Cynthia Kitonga,Grade 9 A,Term 1,2026,Religious Education,90,A,3,Average. Put more effort into homework.
ADM-1521,Cynthia Kitonga,Grade 9 A,Term 1,2026,Life Skills Education,80,A,6,Shows understanding of key concepts.
ADM-1521,Cynthia Kitonga,Grade 9 A,Term 1,2026,Creative Arts & Sports,87,A,4,Below average. Extra tuition recommended.
ADM-1521,Cynthia Kitonga,Grade 9 A,Term 1,2026,Agriculture & Nutrition,75,A-,5,Performs well under guidance. Keep practising.
ADM-1521,Cynthia Kitonga,Grade 9 A,Term 1,2026,Home Science,83,A,3,Shows understanding of key concepts.
ADM-1521,Cynthia Kitonga,Grade 9 A,Term 1,2026,Computer Science,93,A,2,Satisfactory. Needs consistent practice.
ADM-1522,Edwin Nassor,Grade 9 A,Term 1,2026,English,85,A,3,Satisfactory. Needs consistent practice.
ADM-1522,Edwin Nassor,Grade 9 A,Term 1,2026,Kiswahili,75,A-,7,Steady progress. Do more revision.
ADM-1522,Edwin Nassor,Grade 9 A,Term 1,2026,Mathematics,78,A-,7,Shows understanding of key concepts.
ADM-1522,Edwin Nassor,Grade 9 A,Term 1,2026,Integrated Science,ABS,ABS,,Absent for the examination.
ADM-1522,Edwin Nassor,Grade 9 A,Term 1,2026,Social Studies,80,A,6,Shows understanding of key concepts.
ADM-1522,Edwin Nassor,Grade 9 A,Term 1,2026,Pre-Technical & Pre-Career Studies,83,A,4,Performs well under guidance. Keep practising.
ADM-1522,Edwin Nassor,Grade 9 A,Term 1,2026,Religious Education,94,A,1,Needs significant improvement. Revise earlier topics.
ADM-1522,Edwin Nassor,Grade 9 A,Term 1,2026,Life Skills Education,93,A,1,Below average. Extra tuition recommended.
ADM-1522,Edwin Nassor,Grade 9 A,Term 1,2026,Creative Arts & Sports,82,A,5,Very good performance. Focus on the few weak areas.
ADM-1522,Edwin Nassor,Grade 9 A,Term 1,2026,Agriculture & Nutrition,77,A-,4,Performs well under guidance. Keep practising.
ADM-1522,Edwin Nassor,Grade 9 A,Term 1,2026,Home Science,98,A,1,Satisfactory. Needs consistent practice.
ADM-1522,Edwin Nassor,Grade 9 A,Term 1,2026,Computer Science,98,A,1,Very good performance. Focus on the few weak areas.
ADM-1523,Dorcas Mwanzia,Grade 9 A,Term 1,2026,English,66,B,13,Very good performance. Focus on the few weak areas.
ADM-1523,Dorcas Mwanzia,Grade 9 A,Term 1,2026,Kiswahili,70,B+,11,Satisfactory. Needs consistent practice.
ADM-1523,Dorcas Mwanzia,Grade 9 A,Term 1,2026,Mathematics,67,B,11,Satisfactory. Needs consistent practice.
ADM-1523,Dorcas Mwanzia,Grade 9 A,Term 1,2026,Integrated Science,73,B+,8,Steady progress. Do more revision.
ADM-1523,Dorcas Mwanzia,Grade 9 A,Term 1,2026,Social Studies,54,C,16,Very good performance. Focus on the few weak areas.
ADM-1523,Dorcas Mwanzia,Grade 9 A,Term 1,2026,Pre-Technical & Pre-Career Studies,70,B+,11,Good effort. Can improve with more practice.
ADM-1523,Dorcas Mwanzia,Grade 9 A,Term 1,2026,Religious Education,69,B,13,Very good performance. Focus on the few weak areas.
ADM-1523,Dorcas Mwanzia,Grade 9 A,Term 1,2026,Life Skills Education,65,B,12,Excellent work. Keep it up!
ADM-1523,Dorcas Mwanzia,Grade 9 A,Term 1,2026,Creative Arts & Sports,55,C+,19,Steady progress. Do more revision.
ADM-1523,Dorcas Mwanzia,Grade 9 A,Term 1,2026,Agriculture & Nutrition,70,B+,9,Satisfactory. Needs consistent practice.
ADM-1523,Dorcas Mwanzia,Grade 9 A,Term 1,2026,Home Science,57,C+,18,Good effort. Can improve with more practice.
ADM-1523,Dorcas Mwanzia,Grade 9 A,Term 1,2026,Computer Science,63,B-,15,Steady progress. Do more revision.
ADM-1524,Vincent Otieno,Grade 9 A,Term 1,2026,English,57,C+,21,Steady progress. Do more revision.
ADM-1524,Vincent Otieno,Grade 9 A,Term 1,2026,Kiswahili,69,B,13,Good effort. Can improve with more practice.
ADM-1524,Vincent Otieno,Grade 9 A,Term 1,2026,Mathematics,75,A-,9,Very good performance. Focus on the few weak areas.
ADM-1524,Vincent Otieno,Grade 9 A,Term 1,2026,Integrated Science,55,C+,17,Average. Put more effort into homework.
ADM-1524,Vincent Otieno,Grade 9 A,Term 1,2026,Social Studies,54,C,17,Excellent work. Keep it up!
ADM-1524,Vincent Otieno,Grade 9 A,Term 1,2026,Pre-Technical & Pre-Career Studies,69,B,12,Satisfactory. Needs consistent practice.
ADM-1524,Vincent Otieno,Grade 9 A,Term 1,2026,Religious Education,68,B,15,Satisfactory. Needs consistent practice.
ADM-1524,Vincent Otieno,Grade 9 A,Term 1,2026,Life Skills Education,64,B-,13,Very good performance. Focus on the few weak areas.
ADM-1524,Vincent Otieno,Grade 9 A,Term 1,2026,Creative Arts & Sports,68,B,10,Steady progress. Do more revision.
ADM-1524,Vincent Otieno,Grade 9 A,Term 1,2026,Agriculture & Nutrition,70,B+,10,Steady progress. Do more revision.
ADM-1524,Vincent Otieno,Grade 9 A,Term 1,2026,Home Science,71,B+,11,Steady progress. Do more revision.
ADM-1524,Vincent Otieno,Grade 9 A,Term 1,2026,Computer Science,68,B,9,Good effort. Can improve with more practice.
ADM-1525,Brian Muthoka,Grade 9 A,Term 1,2026,English,66,B,14,Good effort. Can improve with more practice.
ADM-1525,Brian Muthoka,Grade 9 A,Term 1,2026,Kiswahili,69,B,14,Steady progress. Do more revision.
ADM-1525,Brian Muthoka,Grade 9 A,Term 1,2026,Mathematics,60,B-,17,Good effort. Can improve with more practice.
ADM-1525,Brian Muthoka,Grade 9 A,Term 1,2026,Integrated Science,60,B-,13,Excellent work. Keep it up!
ADM-1525,Brian Muthoka,Grade 9 A,Term 1,2026,Social Studies,60,B-,13,Average. Put more effort into homework.
ADM-1525,Brian Muthoka,Grade 9 A,Term 1,2026,Pre-Technical & Pre-Career Studies,66,B,16,Very good performance. Focus on the few weak areas.
ADM-1525,Brian Muthoka,Grade 9 A,Term 1,2026,Religious Education,65,B,16,Satisfactory. Needs consistent practice.
ADM-1525,Brian Muthoka,Grade 9 A,Term 1,2026,Life Skills Education,64,B-,14,Satisfactory. Needs consistent practice.
ADM-1525,Brian Muthoka,Grade 9 A,Term 1,2026,Creative Arts & Sports,62,B-,15,Average. Put more effort into homework.
ADM-1525,Brian Muthoka,Grade 9 A,Term 1,2026,Agriculture & Nutrition,64,B-,13,Very good performance. Focus on the few weak areas.
ADM-1525,Brian Muthoka,Grade 9 A,Term 1,2026,Home Science,79,A-,6,Steady progress. Do more revision.
ADM-1525,Brian Muthoka,Grade 9 A,Term 1,2026,Computer Science,65,B,12,Good effort. Can improve with more practice.
ADM-1526,Yvonne Kiprop,Grade 9 A,Term 1,2026,English,70,B+,10,Steady progress. Do more revision.
ADM-1526,Yvonne Kiprop,Grade 9 A,Term 1,2026,Kiswahili,65,B,16,Good effort. Can improve with more practice.
ADM-1526,Yvonne Kiprop,Grade 9 A,Term 1,2026,Mathematics,81,A,5,Satisfactory. Needs consistent practice.
ADM-1526,Yvonne Kiprop,Grade 9 A,Term 1,2026,Integrated Science,92,A,2,Below average. Extra tuition recommended.
ADM-1526,Yvonne Kiprop,Grade 9 A,Term 1,2026,Social Studies,83,A,4,Needs significant improvement. Revise earlier topics.
ADM-1526,Yvonne Kiprop,Grade 9 A,Term 1,2026,Pre-Technical & Pre-Career Studies,78,A-,5,Performs well under guidance. Keep practising.
ADM-1526,Yvonne Kiprop,Grade 9 A,Term 1,2026,Religious Education,76,A-,7,Performs well under guidance. Keep practising.
ADM-1526,Yvonne Kiprop,Grade 9 A,Term 1,2026,Life Skills Education,64,B-,15,Steady progress. Do more revision.
ADM-1526,Yvonne Kiprop,Grade 9 A,Term 1,2026,Creative Arts & Sports,74,B+,7,Excellent work. Keep it up!
ADM-1526,Yvonne Kiprop,Grade 9 A,Term 1,2026,Agriculture & Nutrition,62,B-,15,Satisfactory. Needs consistent practice.
ADM-1526,Yvonne Kiprop,Grade 9 A,Term 1,2026,Home Science,77,A-,7,Excellent work. Keep it up!
ADM-1526,Yvonne Kiprop,Grade 9 A,Term 1,2026,Computer Science,64,B-,14,Excellent work. Keep it up!
ADM-1527,Peter Ali,Grade 9 A,Term 1,2026,English,61,B-,19,Satisfactory. Needs consistent practice.
ADM-1527,Peter Ali,Grade 9 A,Term 1,2026,Kiswahili,71,B+,9,Steady progress. Do more revision.
ADM-1527,Peter Ali,Grade 9 A,Term 1,2026,Mathematics,65,B,14,Average. Put more effort into homework.
ADM-1527,Peter Ali,Grade 9 A,Term 1,2026,Integrated Science,82,A,5,Needs significant improvement. Revise earlier topics.
ADM-1527,Peter Ali,Grade 9 A,Term 1,2026,Social Studies,70,B+,9,Satisfactory. Needs consistent practice.
ADM-1527,Peter Ali,Grade 9 A,Term 1,2026,Pre-Technical & Pre-Career Studies,76,A-,7,Steady progress. Do more revision.
ADM-1527,Peter Ali,Grade 9 A,Term 1,2026,Religious Education,74,B+,9,Good effort. Can improve with more practice.
ADM-1527,Peter Ali,Grade 9 A,Term 1,2026,Life Skills Education,56,C+,19,Average. Put more effort into homework.
ADM-1527,Peter Ali,Grade 9 A,Term 1,2026,Creative Arts & Sports,82,A,6,Steady progress. Do more revision.
ADM-1527,Peter Ali,Grade 9 A,Term 1,2026,Agriculture & Nutrition,56,C+,19,Satisfactory. Needs consistent practice.
ADM-1527,Peter Ali,Grade 9 A,Term 1,2026,Home Science,64,B-,16,Average. Put more effort into homework.
ADM-1527,Peter Ali,Grade 9 A,Term 1,2026,Computer Science,62,B-,16,Steady progress. Do more revision.
ADM-1528,Simon Obiero,Grade 9 A,Term 1,2026,English,54,C,22,Steady progress. Do more revision.
ADM-1528,Simon Obiero,Grade 9 A,Term 1,2026,Kiswahili,71,B+,10,Excellent work. Keep it up!
ADM-1528,Simon Obiero,Grade 9 A,Term 1,2026,Mathematics,62,B-,16,Excellent work. Keep it up!
ADM-1528,Simon Obiero,Grade 9 A,Term 1,2026,Integrated Science,62,B-,12,Steady progress. Do more revision.
ADM-1528,Simon Obiero,Grade 9 A,Term 1,2026,Social Studies,58,C+,15,Very good performance. Focus on the few weak areas.
ADM-1528,Simon Obiero,Grade 9 A,Term 1,2026,Pre-Technical & Pre-Career Studies,75,A-,8,Needs significant improvement. Revise earlier topics.
ADM-1528,Simon Obiero,Grade 9 A,Term 1,2026,Religious Education,59,C+,19,Excellent work. Keep it up!
ADM-1528,Simon Obiero,Grade 9 A,Term 1,2026,Life Skills Education,60,B-,17,Good effort. Can improve with more practice.
ADM-1528,Simon Obiero,Grade 9 A,Term 1,2026,Creative Arts & Sports,60,B-,16,Good effort. Can improve with more practice.
ADM-1528,Simon Obiero,Grade 9 A,Term 1,2026,Agriculture & Nutrition,65,B,11,Very good performance. Focus on the few weak areas.
ADM-1528,Simon Obiero,Grade 9 A,Term 1,2026,Home Science,56,C+,20,Satisfactory. Needs consistent practice.
ADM-1528,Simon Obiero,Grade 9 A,Term 1,2026,Computer Science,67,B,10,Steady progress. Do more revision.
ADM-1529,Beatrice Gatwiri,Grade 9 A,Term 1,2026,English,64,B-,17,Satisfactory. Needs consistent practice.
ADM-1529,Beatrice Gatwiri,Grade 9 A,Term 1,2026,Kiswahili,47,C-,22,Satisfactory. Needs consistent practice.
ADM-1529,Beatrice Gatwiri,Grade 9 A,Term 1,2026,Mathematics,59,C+,18,Average. Put more effort into homework.
ADM-1529,Beatrice Gatwiri,Grade 9 A,Term 1,2026,Integrated Science,51,C,20,Good effort. Can improve with more practice.
ADM-1529,Beatrice Gatwiri,Grade 9 A,Term 1,2026,Social Studies,46,C-,22,Very good performance. Focus on the few weak areas.
ADM-1529,Beatrice Gatwiri,Grade 9 A,Term 1,2026,Pre-Technical & Pre-Career Studies,65,B,17,Very good performance. Focus on the few weak areas.
ADM-1529,Beatrice Gatwiri,Grade 9 A,Term 1,2026,Religious Education,63,B-,17,Good effort. Can improve with more practice.
ADM-1529,Beatrice Gatwiri,Grade 9 A,Term 1,2026,Life Skills Education,55,C+,20,Average. Put more effort into homework.
ADM-1529,Beatrice Gatwiri,Grade 9 A,Term 1,2026,Creative Arts & Sports,52,C,21,Steady progress. Do more revision.
ADM-1529,Beatrice Gatwiri,Grade 9 A,Term 1,2026,Agriculture & Nutrition,49,C-,21,Good effort. Can improve with more practice.
ADM-1529,Beatrice Gatwiri,Grade 9 A,Term 1,2026,Home Science,60,B-,17,Very good performance. Focus on the few weak areas.
ADM-1529,Beatrice Gatwiri,Grade 9 A,Term 1,2026,Computer Science,54,C,20,Satisfactory. Needs consistent practice.
ADM-1530,Ibrahim Ali,Grade 9 A,Term 1,2026,English,89,A,1,Excellent work. Keep it up!
ADM-1530,Ibrahim Ali,Grade 9 A,Term 1,2026,Kiswahili,77,A-,3,Good effort. Can improve with more practice.
ADM-1530,Ibrahim Ali,Grade 9 A,Term 1,2026,Mathematics,86,A,4,Good effort. Can improve with more practice.
ADM-1530,Ibrahim Ali,Grade 9 A,Term 1,2026,Integrated Science,73,B+,9,Steady progress. Do more revision.
ADM-1530,Ibrahim Ali,Grade 9 A,Term 1,2026,Social Studies,85,A,3,Needs significant improvement. Revise earlier topics.
ADM-1530,Ibrahim Ali,Grade 9 A,Term 1,2026,Pre-Technical & Pre-Career Studies,77,A-,6,Average. Put more effort into homework.
ADM-1530,Ibrahim Ali,Grade 9 A,Term 1,2026,Religious Education,72,B+,11,Good effort. Can improve with more practice.
ADM-1530,Ibrahim Ali,Grade 9 A,Term 1,2026,Life Skills Education,87,A,2,Steady progress. Do more revision.
ADM-1530,Ibrahim Ali,Grade 9 A,Term 1,2026,Creative Arts & Sports,94,A,2,Steady progress. Do more revision.
ADM-1530,Ibrahim Ali,Grade 9 A,Term 1,2026,Agriculture & Nutrition,65,B,12,Steady progress. Do more revision.
ADM-1530,Ibrahim Ali,Grade 9 A,Term 1,2026,Home Science,83,A,4,Very good performance. Focus on the few weak areas.
ADM-1530,Ibrahim Ali,Grade 9 A,Term 1,2026,Computer Science,84,A,5,Average. Put more effort into homework.
ADM-1531,Winnie Gatwiri,Grade 9 A,Term 1,2026,English,87,A,2,Excellent work. Keep it up!
ADM-1531,Winnie Gatwiri,Grade 9 A,Term 1,2026,Kiswahili,65,B,17,Very good performance. Focus on the few weak areas.
ADM-1531,Winnie Gatwiri,Grade 9 A,Term 1,2026,Mathematics,81,A,6,Needs significant improvement. Revise earlier topics.
ADM-1531,Winnie Gatwiri,Grade 9 A,Term 1,2026,Integrated Science,69,B,10,Satisfactory. Needs consistent practice.
ADM-1531,Winnie Gatwiri,Grade 9 A,Term 1,2026,Social Studies,64,B-,12,Average. Put more effort into homework.
ADM-1531,Winnie Gatwiri,Grade 9 A,Term 1,2026,Pre-Technical & Pre-Career Studies,68,B,13,Satisfactory. Needs consistent practice.
ADM-1531,Winnie Gatwiri,Grade 9 A,Term 1,2026,Religious Education,73,B+,10,Steady progress. Do more revision.
ADM-1531,Winnie Gatwiri,Grade 9 A,Term 1,2026,Life Skills Education,69,B,10,Average. Put more effort into homework.
ADM-1531,Winnie Gatwiri,Grade 9 A,Term 1,2026,Creative Arts & Sports,68,B,11,Average. Put more effort into homework.
ADM-1531,Winnie Gatwiri,Grade 9 A,Term 1,2026,Agriculture & Nutrition,75,A-,6,Average. Put more effort into homework.
ADM-1531,Winnie Gatwiri,Grade 9 A,Term 1,2026,Home Science,77,A-,8,Steady progress. Do more revision.
ADM-1531,Winnie Gatwiri,Grade 9 A,Term 1,2026,Computer Science,77,A-,6,Below average. Extra tuition recommended.
ADM-1532,Gladys Kamau,Grade 9 A,Term 1,2026,English,58,C+,20,Steady progress. Do more revision.
ADM-1532,Gladys Kamau,Grade 9 A,Term 1,2026,Kiswahili,70,B+,12,Good effort. Can improve with more practice.
ADM-1532,Gladys Kamau,Grade 9 A,Term 1,2026,Mathematics,53,C,21,Very good performance. Focus on the few weak areas.
ADM-1532,Gladys Kamau,Grade 9 A,Term 1,2026,Integrated Science,50,C,21,Steady progress. Do more revision.
ADM-1532,Gladys Kamau,Grade 9 A,Term 1,2026,Social Studies,51,C,20,Excellent work. Keep it up!
ADM-1532,Gladys Kamau,Grade 9 A,Term 1,2026,Pre-Technical & Pre-Career Studies,54,C,21,Very good performance. Focus on the few weak areas.
ADM-1532,Gladys Kamau,Grade 9 A,Term 1,2026,Religious Education,54,C,22,Very good performance. Focus on the few weak areas.
ADM-1532,Gladys Kamau,Grade 9 A,Term 1,2026,Life Skills Education,50,C,22,Excellent work. Keep it up!
ADM-1532,Gladys Kamau,Grade 9 A,Term 1,2026,Creative Arts & Sports,50,C,22,Steady progress. Do more revision.
ADM-1532,Gladys Kamau,Grade 9 A,Term 1,2026,Agriculture & Nutrition,62,B-,16,Good effort. Can improve with more practice.
ADM-1532,Gladys Kamau,Grade 9 A,Term 1,2026,Home Science,57,C+,19,Excellent work. Keep it up!
ADM-1532,Gladys Kamau,Grade 9 A,Term 1,2026,Computer Science,65,B,13,Very good performance. Focus on the few weak areas.
ADM-1533,Kevin Mbithe,Grade 9 A,Term 1,2026,English,82,A,5,Average. Put more effort into homework.
ADM-1533,Kevin Mbithe,Grade 9 A,Term 1,2026,Kiswahili,89,A,1,Needs significant improvement. Revise earlier topics.
ADM-1533,Kevin Mbithe,Grade 9 A,Term 1,2026,Mathematics,70,B+,10,Very good performance. Focus on the few weak areas.
ADM-1533,Kevin Mbithe,Grade 9 A,Term 1,2026,Integrated Science,95,A,1,Performs well under guidance. Keep practising.
ADM-1533,Kevin Mbithe,Grade 9 A,Term 1,2026,Social Studies,78,A-,7,Performs well under guidance. Keep practising.
ADM-1533,Kevin Mbithe,Grade 9 A,Term 1,2026,Pre-Technical & Pre-Career Studies,94,A,2,Very good performance. Focus on the few weak areas.
ADM-1533,Kevin Mbithe,Grade 9 A,Term 1,2026,Religious Education,86,A,4,Good effort. Can improve with more practice.
ADM-1533,Kevin Mbithe,Grade 9 A,Term 1,2026,Life Skills Education,86,A,3,Excellent work. Keep it up!
ADM-1533,Kevin Mbithe,Grade 9 A,Term 1,2026,Creative Arts & Sports,74,B+,8,Very good performance. Focus on the few weak areas.
ADM-1533,Kevin Mbithe,Grade 9 A,Term 1,2026,Agriculture & Nutrition,75,A-,7,Steady progress. Do more revision.
ADM-1533,Kevin Mbithe,Grade 9 A,Term 1,2026,Home Science,70,B+,13,Good effort. Can improve with more practice.
ADM-1533,Kevin Mbithe,Grade 9 A,Term 1,2026,Computer Science,93,A,3,Very good performance. Focus on the few weak areas.
ADM-1534,Lilian Mburu,Grade 9 A,Term 1,2026,English,71,B+,9,Very good performance. Focus on the few weak areas.
ADM-1534,Lilian Mburu,Grade 9 A,Term 1,2026,Kiswahili,60,B-,20,Excellent work. Keep it up!
ADM-1534,Lilian Mburu,Grade 9 A,Term 1,2026,Mathematics,55,C+,20,Average. Put more effort into homework.
ADM-1534,Lilian Mburu,Grade 9 A,Term 1,2026,Integrated Science,57,C+,15,Very good performance. Focus on the few weak areas.
ADM-1534,Lilian Mburu,Grade 9 A,Term 1,2026,Social Studies,69,B,10,Steady progress. Do more revision.
ADM-1534,Lilian Mburu,Grade 9 A,Term 1,2026,Pre-Technical & Pre-Career Studies,59,C+,18,Very good performance. Focus on the few weak areas.
ADM-1534,Lilian Mburu,Grade 9 A,Term 1,2026,Religious Education,75,A-,8,Needs significant improvement. Revise earlier topics.
ADM-1534,Lilian Mburu,Grade 9 A,Term 1,2026,Life Skills Education,73,B+,7,Average. Put more effort into homework.
ADM-1534,Lilian Mburu,Grade 9 A,Term 1,2026,Creative Arts & Sports,70,B+,9,Satisfactory. Needs consistent practice.
ADM-1534,Lilian Mburu,Grade 9 A,Term 1,2026,Agriculture & Nutrition,60,B-,18,Satisfactory. Needs consistent practice.
ADM-1534,Lilian Mburu,Grade 9 A,Term 1,2026,Home Science,67,B,15,Excellent work. Keep it up!
ADM-1534,Lilian Mburu,Grade 9 A,Term 1,2026,Computer Science,55,C+,19,Good effort. Can improve with more practice.
ADM-1535,Hillary Owino,Grade 9 A,Term 1,2026,English,68,B,11,Very good performance. Focus on the few weak areas.
ADM-1535,Hillary Owino,Grade 9 A,Term 1,2026,Kiswahili,77,A-,4,Average. Put more effort into homework.
ADM-1535,Hillary Owino,Grade 9 A,Term 1,2026,Mathematics,66,B,13,Steady progress. Do more revision.
ADM-1535,Hillary Owino,Grade 9 A,Term 1,2026,Integrated Science,56,C+,16,Good effort. Can improve with more practice.
ADM-1535,Hillary Owino,Grade 9 A,Term 1,2026,Social Studies,54,C,18,Satisfactory. Needs consistent practice.
ADM-1535,Hillary Owino,Grade 9 A,Term 1,2026,Pre-Technical & Pre-Career Studies,67,B,14,Satisfactory. Needs consistent practice.
ADM-1535,Hillary Owino,Grade 9 A,Term 1,2026,Religious Education,72,B+,12,Satisfactory. Needs consistent practice.
ADM-1535,Hillary Owino,Grade 9 A,Term 1,2026,Life Skills Education,71,B+,9,Good effort. Can improve with more practice.
ADM-1535,Hillary Owino,Grade 9 A,Term 1,2026,Creative Arts & Sports,63,B-,13,Good effort. Can improve with more practice.
ADM-1535,Hillary Owino,Grade 9 A,Term 1,2026,Agriculture & Nutrition,71,B+,8,Satisfactory. Needs consistent practice.
ADM-1535,Hillary Owino,Grade 9 A,Term 1,2026,Home Science,71,B+,12,Average. Put more effort into homework.
ADM-1535,Hillary Owino,Grade 9 A,Term 1,2026,Computer Science,70,B+,8,Very good performance. Focus on the few weak areas.
ADM-1536,Caleb Hassan,Grade 9 A,Term 1,2026,English,65,B,15,Steady progress. Do more revision.
ADM-1536,Caleb Hassan,Grade 9 A,Term 1,2026,Kiswahili,64,B-,18,Very good performance. Focus on the few weak areas.
ADM-1536,Caleb Hassan,Grade 9 A,Term 1,2026,Mathematics,50,C,22,Average. Put more effort into homework.
ADM-1536,Caleb Hassan,Grade 9 A,Term 1,2026,Integrated Science,63,B-,11,Steady progress. Do more revision.
ADM-1536,Caleb Hassan,Grade 9 A,Term 1,2026,Social Studies,59,C+,14,Very good performance. Focus on the few weak areas.
ADM-1536,Caleb Hassan,Grade 9 A,Term 1,2026,Pre-Technical & Pre-Career Studies,59,C+,19,Very good performance. Focus on the few weak areas.
ADM-1536,Caleb Hassan,Grade 9 A,Term 1,2026,Religious Education,69,B,14,Steady progress. Do more revision.
ADM-1536,Caleb Hassan,Grade 9 A,Term 1,2026,Life Skills Education,58,C+,18,Excellent work. Keep it up!
ADM-1536,Caleb Hassan,Grade 9 A,Term 1,2026,Creative Arts & Sports,58,C+,17,Very good performance. Focus on the few weak areas.
ADM-1536,Caleb Hassan,Grade 9 A,Term 1,2026,Agriculture & Nutrition,61,B-,17,Satisfactory. Needs consistent practice.
ADM-1536,Caleb Hassan,Grade 9 A,Term 1,2026,Home Science,70,B+,14,Good effort. Can improve with more practice.
ADM-1536,Caleb Hassan,Grade 9 A,Term 1,2026,Computer Science,57,C+,18,Very good performance. Focus on the few weak areas.
ADM-1537,Trevor Maina,Grade 9 A,Term 1,2026,English,76,A-,7,Good effort. Can improve with more practice.
ADM-1537,Trevor Maina,Grade 9 A,Term 1,2026,Kiswahili,78,A-,2,Steady progress. Do more revision.
ADM-1537,Trevor Maina,Grade 9 A,Term 1,2026,Mathematics,98,A,2,Satisfactory. Needs consistent practice.
ADM-1537,Trevor Maina,Grade 9 A,Term 1,2026,Integrated Science,86,A,4,Below average. Extra tuition recommended.
ADM-1537,Trevor Maina,Grade 9 A,Term 1,2026,Social Studies,87,A,2,Needs significant improvement. Revise earlier topics.
ADM-1537,Trevor Maina,Grade 9 A,Term 1,2026,Pre-Technical & Pre-Career Studies,89,A,3,Performs well under guidance. Keep practising.
ADM-1537,Trevor Maina,Grade 9 A,Term 1,2026,Religious Education,91,A,2,Needs significant improvement. Revise earlier topics.
ADM-1537,Trevor Maina,Grade 9 A,Term 1,2026,Life Skills Education,82,A,5,Average. Put more effort into homework.
ADM-1537,Trevor Maina,Grade 9 A,Term 1,2026,Creative Arts & Sports,100,A,1,Below average. Extra tuition recommended.
ADM-1537,Trevor Maina,Grade 9 A,Term 1,2026,Agriculture & Nutrition,89,A,1,Needs significant improvement. Revise earlier topics.
ADM-1537,Trevor Maina,Grade 9 A,Term 1,2026,Home Science,74,B+,9,Very good performance. Focus on the few weak areas.
ADM-1537,Trevor Maina,Grade 9 A,Term 1,2026,Computer Science,86,A,4,Average. Put more effort into homework.
ADM-1538,Grace Waweru,Grade 9 A,Term 1,2026,English,75,A-,8,Good effort. Can improve with more practice.
ADM-1538,Grace Waweru,Grade 9 A,Term 1,2026,Kiswahili,63,B-,19,Excellent work. Keep it up!
ADM-1538,Grace Waweru,Grade 9 A,Term 1,2026,Mathematics,67,B,12,Average. Put more effort into homework.
ADM-1538,Grace Waweru,Grade 9 A,Term 1,2026,Integrated Science,58,C+,14,Satisfactory. Needs consistent practice.
ADM-1538,Grace Waweru,Grade 9 A,Term 1,2026,Social Studies,66,B,11,Satisfactory. Needs consistent practice.
ADM-1538,Grace Waweru,Grade 9 A,Term 1,2026,Pre-Technical & Pre-Career Studies,71,B+,9,Steady progress. Do more revision.
ADM-1538,Grace Waweru,Grade 9 A,Term 1,2026,Religious Education,60,B-,18,Excellent work. Keep it up!
ADM-1538,Grace Waweru,Grade 9 A,Term 1,2026,Life Skills Education,64,B-,16,Satisfactory. Needs consistent practice.
ADM-1538,Grace Waweru,Grade 9 A,Term 1,2026,Creative Arts & Sports,66,B,12,Satisfactory. Needs consistent practice.
ADM-1538,Grace Waweru,Grade 9 A,Term 1,2026,Agriculture & Nutrition,56,C+,20,Steady progress. Do more revision.
ADM-1538,Grace Waweru,Grade 9 A,Term 1,2026,Home Science,72,B+,10,Good effort. Can improve with more practice.
ADM-1538,Grace Waweru,Grade 9 A,Term 1,2026,Computer Science,53,C,21,Good effort. Can improve with more practice.
ADM-1539,Simon Mwirigi,Grade 9 B,Term 1,2026,English,58,C+,21,Average. Put more effort into homework.
ADM-1539,Simon Mwirigi,Grade 9 B,Term 1,2026,Kiswahili,62,B-,14,Good effort. Can improve with more practice.
ADM-1539,Simon Mwirigi,Grade 9 B,Term 1,2026,Mathematics,69,B,13,Good effort. Can improve with more practice.
ADM-1539,Simon Mwirigi,Grade 9 B,Term 1,2026,Integrated Science,72,B+,12,Average. Put more effort into homework.
ADM-1539,Simon Mwirigi,Grade 9 B,Term 1,2026,Social Studies,79,A-,10,Steady progress. Do more revision.
ADM-1539,Simon Mwirigi,Grade 9 B,Term 1,2026,Pre-Technical & Pre-Career Studies,74,B+,9,Average. Put more effort into homework.
ADM-1539,Simon Mwirigi,Grade 9 B,Term 1,2026,Religious Education,83,A,8,Performs well under guidance. Keep practising.
ADM-1539,Simon Mwirigi,Grade 9 B,Term 1,2026,Life Skills Education,81,A,8,Needs significant improvement. Revise earlier topics.
ADM-1539,Simon Mwirigi,Grade 9 B,Term 1,2026,Creative Arts & Sports,67,B,15,Very good performance. Focus on the few weak areas.
ADM-1539,Simon Mwirigi,Grade 9 B,Term 1,2026,Agriculture & Nutrition,65,B,17,Very good performance. Focus on the few weak areas.
ADM-1539,Simon Mwirigi,Grade 9 B,Term 1,2026,Home Science,78,A-,14,Needs significant improvement. Revise earlier topics.
ADM-1539,Simon Mwirigi,Grade 9 B,Term 1,2026,Computer Science,65,B,14,Steady progress. Do more revision.
ADM-1540,Emmanuel Abdalla,Grade 9 B,Term 1,2026,English,41,D+,22,Concept grasp is weak; repeat class exercises.
ADM-1540,Emmanuel Abdalla,Grade 9 B,Term 1,2026,Kiswahili,63,B-,13,Steady progress. Do more revision.
ADM-1540,Emmanuel Abdalla,Grade 9 B,Term 1,2026,Mathematics,64,B-,17,Very good performance. Focus on the few weak areas.
ADM-1540,Emmanuel Abdalla,Grade 9 B,Term 1,2026,Integrated Science,59,C+,20,Steady progress. Do more revision.
ADM-1540,Emmanuel Abdalla,Grade 9 B,Term 1,2026,Social Studies,65,B,17,Satisfactory. Needs consistent practice.
ADM-1540,Emmanuel Abdalla,Grade 9 B,Term 1,2026,Pre-Technical & Pre-Career Studies,52,C,22,Good effort. Can improve with more practice.
ADM-1540,Emmanuel Abdalla,Grade 9 B,Term 1,2026,Religious Education,54,C,22,Good effort. Can improve with more practice.
ADM-1540,Emmanuel Abdalla,Grade 9 B,Term 1,2026,Life Skills Education,62,B-,18,Average. Put more effort into homework.
ADM-1540,Emmanuel Abdalla,Grade 9 B,Term 1,2026,Creative Arts & Sports,54,C,19,Excellent work. Keep it up!
ADM-1540,Emmanuel Abdalla,Grade 9 B,Term 1,2026,Agriculture & Nutrition,57,C+,20,Good effort. Can improve with more practice.
ADM-1540,Emmanuel Abdalla,Grade 9 B,Term 1,2026,Home Science,55,C+,20,Satisfactory. Needs consistent practice.
ADM-1540,Emmanuel Abdalla,Grade 9 B,Term 1,2026,Computer Science,54,C,21,Steady progress. Do more revision.
ADM-1541,Sarah Kithinji,Grade 9 B,Term 1,2026,English,70,B+,11,Average. Put more effort into homework.
ADM-1541,Sarah Kithinji,Grade 9 B,Term 1,2026,Kiswahili,84,A,4,Very good performance. Focus on the few weak areas.
ADM-1541,Sarah Kithinji,Grade 9 B,Term 1,2026,Mathematics,81,A,9,Steady progress. Do more revision.
ADM-1541,Sarah Kithinji,Grade 9 B,Term 1,2026,Integrated Science,87,A,2,Average. Put more effort into homework.
ADM-1541,Sarah Kithinji,Grade 9 B,Term 1,2026,Social Studies,85,A,5,Excellent work. Keep it up!
ADM-1541,Sarah Kithinji,Grade 9 B,Term 1,2026,Pre-Technical & Pre-Career Studies,61,B-,17,Excellent work. Keep it up!
ADM-1541,Sarah Kithinji,Grade 9 B,Term 1,2026,Religious Education,79,A-,12,Needs significant improvement. Revise earlier topics.
ADM-1541,Sarah Kithinji,Grade 9 B,Term 1,2026,Life Skills Education,92,A,4,Below average. Extra tuition recommended.
ADM-1541,Sarah Kithinji,Grade 9 B,Term 1,2026,Creative Arts & Sports,71,B+,11,Good effort. Can improve with more practice.
ADM-1541,Sarah Kithinji,Grade 9 B,Term 1,2026,Agriculture & Nutrition,78,A-,11,Very good performance. Focus on the few weak areas.
ADM-1541,Sarah Kithinji,Grade 9 B,Term 1,2026,Home Science,92,A,2,Shows understanding of key concepts.
ADM-1541,Sarah Kithinji,Grade 9 B,Term 1,2026,Computer Science,82,A,4,Average. Put more effort into homework.
ADM-1542,Patrick Sironka,Grade 9 B,Term 1,2026,English,74,B+,8,Very good performance. Focus on the few weak areas.
ADM-1542,Patrick Sironka,Grade 9 B,Term 1,2026,Kiswahili,71,B+,8,Satisfactory. Needs consistent practice.
ADM-1542,Patrick Sironka,Grade 9 B,Term 1,2026,Mathematics,64,B-,18,Very good performance. Focus on the few weak areas.
ADM-1542,Patrick Sironka,Grade 9 B,Term 1,2026,Integrated Science,80,A,6,Needs significant improvement. Revise earlier topics.
ADM-1542,Patrick Sironka,Grade 9 B,Term 1,2026,Social Studies,83,A,7,Steady progress. Do more revision.
ADM-1542,Patrick Sironka,Grade 9 B,Term 1,2026,Pre-Technical & Pre-Career Studies,82,A,6,Satisfactory. Needs consistent practice.
ADM-1542,Patrick Sironka,Grade 9 B,Term 1,2026,Religious Education,80,A,11,Average. Put more effort into homework.
ADM-1542,Patrick Sironka,Grade 9 B,Term 1,2026,Life Skills Education,86,A,5,Needs significant improvement. Revise earlier topics.
ADM-1542,Patrick Sironka,Grade 9 B,Term 1,2026,Creative Arts & Sports,90,A,4,Satisfactory. Needs consistent practice.
ADM-1542,Patrick Sironka,Grade 9 B,Term 1,2026,Agriculture & Nutrition,83,A,7,Satisfactory. Needs consistent practice.
ADM-1542,Patrick Sironka,Grade 9 B,Term 1,2026,Home Science,84,A,5,Satisfactory. Needs consistent practice.
ADM-1542,Patrick Sironka,Grade 9 B,Term 1,2026,Computer Science,80,A,7,Below average. Extra tuition recommended.
ADM-1543,Susan Mutoro,Grade 9 B,Term 1,2026,English,81,A,5,Needs significant improvement. Revise earlier topics.
ADM-1543,Susan Mutoro,Grade 9 B,Term 1,2026,Kiswahili,67,B,11,Excellent work. Keep it up!
ADM-1543,Susan Mutoro,Grade 9 B,Term 1,2026,Mathematics,85,A,8,Steady progress. Do more revision.
ADM-1543,Susan Mutoro,Grade 9 B,Term 1,2026,Integrated Science,75,A-,10,Average. Put more effort into homework.
ADM-1543,Susan Mutoro,Grade 9 B,Term 1,2026,Social Studies,62,B-,18,Very good performance. Focus on the few weak areas.
ADM-1543,Susan Mutoro,Grade 9 B,Term 1,2026,Pre-Technical & Pre-Career Studies,69,B,11,Very good performance. Focus on the few weak areas.
ADM-1543,Susan Mutoro,Grade 9 B,Term 1,2026,Religious Education,82,A,9,Very good performance. Focus on the few weak areas.
ADM-1543,Susan Mutoro,Grade 9 B,Term 1,2026,Life Skills Education,93,A,3,Excellent work. Keep it up!
ADM-1543,Susan Mutoro,Grade 9 B,Term 1,2026,Creative Arts & Sports,72,B+,10,Average. Put more effort into homework.
ADM-1543,Susan Mutoro,Grade 9 B,Term 1,2026,Agriculture & Nutrition,83,A,8,Good effort. Can improve with more practice.
ADM-1543,Susan Mutoro,Grade 9 B,Term 1,2026,Home Science,81,A,10,Very good performance. Focus on the few weak areas.
ADM-1543,Susan Mutoro,Grade 9 B,Term 1,2026,Computer Science,77,A-,9,Below average. Extra tuition recommended.
ADM-1544,Joseph Maina,Grade 9 B,Term 1,2026,English,69,B,14,Very good performance. Focus on the few weak areas.
ADM-1544,Joseph Maina,Grade 9 B,Term 1,2026,Kiswahili,61,B-,16,Average. Put more effort into homework.
ADM-1544,Joseph Maina,Grade 9 B,Term 1,2026,Mathematics,59,C+,21,Very good performance. Focus on the few weak areas.
ADM-1544,Joseph Maina,Grade 9 B,Term 1,2026,Integrated Science,63,B-,18,Satisfactory. Needs consistent practice.
ADM-1544,Joseph Maina,Grade 9 B,Term 1,2026,Social Studies,47,C-,22,Steady progress. Do more revision.
ADM-1544,Joseph Maina,Grade 9 B,Term 1,2026,Pre-Technical & Pre-Career Studies,64,B-,16,Excellent work. Keep it up!
ADM-1544,Joseph Maina,Grade 9 B,Term 1,2026,Religious Education,71,B+,15,Steady progress. Do more revision.
ADM-1544,Joseph Maina,Grade 9 B,Term 1,2026,Life Skills Education,61,B-,20,Excellent work. Keep it up!
ADM-1544,Joseph Maina,Grade 9 B,Term 1,2026,Creative Arts & Sports,69,B,12,Satisfactory. Needs consistent practice.
ADM-1544,Joseph Maina,Grade 9 B,Term 1,2026,Agriculture & Nutrition,72,B+,14,Excellent work. Keep it up!
ADM-1544,Joseph Maina,Grade 9 B,Term 1,2026,Home Science,75,A-,15,Needs significant improvement. Revise earlier topics.
ADM-1544,Joseph Maina,Grade 9 B,Term 1,2026,Computer Science,60,B-,17,Excellent work. Keep it up!
ADM-1545,Brenda Kariuki,Grade 9 B,Term 1,2026,English,70,B+,12,Very good performance. Focus on the few weak areas.
ADM-1545,Brenda Kariuki,Grade 9 B,Term 1,2026,Kiswahili,67,B,12,Average. Put more effort into homework.
ADM-1545,Brenda Kariuki,Grade 9 B,Term 1,2026,Mathematics,77,A-,12,Needs significant improvement. Revise earlier topics.
ADM-1545,Brenda Kariuki,Grade 9 B,Term 1,2026,Integrated Science,62,B-,19,Satisfactory. Needs consistent practice.
ADM-1545,Brenda Kariuki,Grade 9 B,Term 1,2026,Social Studies,84,A,6,Shows understanding of key concepts.
ADM-1545,Brenda Kariuki,Grade 9 B,Term 1,2026,Pre-Technical & Pre-Career Studies,82,A,7,Very good performance. Focus on the few weak areas.
ADM-1545,Brenda Kariuki,Grade 9 B,Term 1,2026,Religious Education,67,B,16,Satisfactory. Needs consistent practice.
ADM-1545,Brenda Kariuki,Grade 9 B,Term 1,2026,Life Skills Education,76,A-,10,Average. Put more effort into homework.
ADM-1545,Brenda Kariuki,Grade 9 B,Term 1,2026,Creative Arts & Sports,68,B,14,Excellent work. Keep it up!
ADM-1545,Brenda Kariuki,Grade 9 B,Term 1,2026,Agriculture & Nutrition,70,B+,15,Steady progress. Do more revision.
ADM-1545,Brenda Kariuki,Grade 9 B,Term 1,2026,Home Science,67,B,17,Good effort. Can improve with more practice.
ADM-1545,Brenda Kariuki,Grade 9 B,Term 1,2026,Computer Science,77,A-,10,Average. Put more effort into homework.
ADM-1546,Nathaniel Njeri,Grade 9 B,Term 1,2026,English,64,B-,18,Satisfactory. Needs consistent practice.
ADM-1546,Nathaniel Njeri,Grade 9 B,Term 1,2026,Kiswahili,ABS,ABS,,Absent for the examination.
ADM-1546,Nathaniel Njeri,Grade 9 B,Term 1,2026,Mathematics,56,C+,22,Excellent work. Keep it up!
ADM-1546,Nathaniel Njeri,Grade 9 B,Term 1,2026,Integrated Science,71,B+,14,Average. Put more effort into homework.
ADM-1546,Nathaniel Njeri,Grade 9 B,Term 1,2026,Social Studies,68,B,15,Steady progress. Do more revision.
ADM-1546,Nathaniel Njeri,Grade 9 B,Term 1,2026,Pre-Technical & Pre-Career Studies,60,B-,19,Satisfactory. Needs consistent practice.
ADM-1546,Nathaniel Njeri,Grade 9 B,Term 1,2026,Religious Education,62,B-,19,Average. Put more effort into homework.
ADM-1546,Nathaniel Njeri,Grade 9 B,Term 1,2026,Life Skills Education,47,C-,22,Very good performance. Focus on the few weak areas.
ADM-1546,Nathaniel Njeri,Grade 9 B,Term 1,2026,Creative Arts & Sports,57,C+,17,Satisfactory. Needs consistent practice.
ADM-1546,Nathaniel Njeri,Grade 9 B,Term 1,2026,Agriculture & Nutrition,57,C+,21,Excellent work. Keep it up!
ADM-1546,Nathaniel Njeri,Grade 9 B,Term 1,2026,Home Science,66,B,18,Steady progress. Do more revision.
ADM-1546,Nathaniel Njeri,Grade 9 B,Term 1,2026,Computer Science,58,C+,18,Excellent work. Keep it up!
ADM-1547,Benjamin Langat,Grade 9 B,Term 1,2026,English,74,B+,9,Very good performance. Focus on the few weak areas.
ADM-1547,Benjamin Langat,Grade 9 B,Term 1,2026,Kiswahili,61,B-,17,Average. Put more effort into homework.
ADM-1547,Benjamin Langat,Grade 9 B,Term 1,2026,Mathematics,66,B,16,Good effort. Can improve with more practice.
ADM-1547,Benjamin Langat,Grade 9 B,Term 1,2026,Integrated Science,77,A-,8,Very good performance. Focus on the few weak areas.
ADM-1547,Benjamin Langat,Grade 9 B,Term 1,2026,Social Studies,68,B,16,Satisfactory. Needs consistent practice.
ADM-1547,Benjamin Langat,Grade 9 B,Term 1,2026,Pre-Technical & Pre-Career Studies,67,B,12,Excellent work. Keep it up!
ADM-1547,Benjamin Langat,Grade 9 B,Term 1,2026,Religious Education,77,A-,13,Excellent work. Keep it up!
ADM-1547,Benjamin Langat,Grade 9 B,Term 1,2026,Life Skills Education,71,B+,13,Good effort. Can improve with more practice.
ADM-1547,Benjamin Langat,Grade 9 B,Term 1,2026,Creative Arts & Sports,53,C,20,Satisfactory. Needs consistent practice.
ADM-1547,Benjamin Langat,Grade 9 B,Term 1,2026,Agriculture & Nutrition,83,A,9,Below average. Extra tuition recommended.
ADM-1547,Benjamin Langat,Grade 9 B,Term 1,2026,Home Science,68,B,16,Good effort. Can improve with more practice.
ADM-1547,Benjamin Langat,Grade 9 B,Term 1,2026,Computer Science,72,B+,12,Good effort. Can improve with more practice.
ADM-1548,Tabitha Mutua,Grade 9 B,Term 1,2026,English,69,B,15,Steady progress. Do more revision.
ADM-1548,Tabitha Mutua,Grade 9 B,Term 1,2026,Kiswahili,60,B-,18,Satisfactory. Needs consistent practice.
ADM-1548,Tabitha Mutua,Grade 9 B,Term 1,2026,Mathematics,63,B-,19,Very good performance. Focus on the few weak areas.
ADM-1548,Tabitha Mutua,Grade 9 B,Term 1,2026,Integrated Science,45,C-,22,Very good performance. Focus on the few weak areas.
ADM-1548,Tabitha Mutua,Grade 9 B,Term 1,2026,Social Studies,58,C+,19,Average. Put more effort into homework.
ADM-1548,Tabitha Mutua,Grade 9 B,Term 1,2026,Pre-Technical & Pre-Career Studies,61,B-,18,Good effort. Can improve with more practice.
ADM-1548,Tabitha Mutua,Grade 9 B,Term 1,2026,Religious Education,64,B-,18,Average. Put more effort into homework.
ADM-1548,Tabitha Mutua,Grade 9 B,Term 1,2026,Life Skills Education,62,B-,19,Good effort. Can improve with more practice.
ADM-1548,Tabitha Mutua,Grade 9 B,Term 1,2026,Creative Arts & Sports,55,C+,18,Average. Put more effort into homework.
ADM-1548,Tabitha Mutua,Grade 9 B,Term 1,2026,Agriculture & Nutrition,60,B-,19,Satisfactory. Needs consistent practice.
ADM-1548,Tabitha Mutua,Grade 9 B,Term 1,2026,Home Science,47,C-,21,Good effort. Can improve with more practice.
ADM-1548,Tabitha Mutua,Grade 9 B,Term 1,2026,Computer Science,58,C+,19,Satisfactory. Needs consistent practice.
ADM-1549,Moses Syombua,Grade 9 B,Term 1,2026,English,70,B+,13,Average. Put more effort into homework.
ADM-1549,Moses Syombua,Grade 9 B,Term 1,2026,Kiswahili,75,A-,6,Below average. Extra tuition recommended.
ADM-1549,Moses Syombua,Grade 9 B,Term 1,2026,Mathematics,86,A,6,Shows understanding of key concepts.
ADM-1549,Moses Syombua,Grade 9 B,Term 1,2026,Integrated Science,78,A-,7,Excellent work. Keep it up!
ADM-1549,Moses Syombua,Grade 9 B,Term 1,2026,Social Studies,83,A,8,Shows understanding of key concepts.
ADM-1549,Moses Syombua,Grade 9 B,Term 1,2026,Pre-Technical & Pre-Career Studies,67,B,13,Average. Put more effort into homework.
ADM-1549,Moses Syombua,Grade 9 B,Term 1,2026,Religious Education,85,A,7,Excellent work. Keep it up!
ADM-1549,Moses Syombua,Grade 9 B,Term 1,2026,Life Skills Education,75,A-,11,Needs significant improvement. Revise earlier topics.
ADM-1549,Moses Syombua,Grade 9 B,Term 1,2026,Creative Arts & Sports,88,A,5,Good effort. Can improve with more practice.
ADM-1549,Moses Syombua,Grade 9 B,Term 1,2026,Agriculture & Nutrition,76,A-,12,Very good performance. Focus on the few weak areas.
ADM-1549,Moses Syombua,Grade 9 B,Term 1,2026,Home Science,84,A,6,Shows understanding of key concepts.
ADM-1549,Moses Syombua,Grade 9 B,Term 1,2026,Computer Science,73,B+,11,Very good performance. Focus on the few weak areas.
ADM-1550,Godfrey Wambua,Grade 9 B,Term 1,2026,English,64,B-,19,Very good performance. Focus on the few weak areas.
ADM-1550,Godfrey Wambua,Grade 9 B,Term 1,2026,Kiswahili,56,C+,20,Steady progress. Do more revision.
ADM-1550,Godfrey Wambua,Grade 9 B,Term 1,2026,Mathematics,69,B,14,Satisfactory. Needs consistent practice.
ADM-1550,Godfrey Wambua,Grade 9 B,Term 1,2026,Integrated Science,72,B+,13,Very good performance. Focus on the few weak areas.
ADM-1550,Godfrey Wambua,Grade 9 B,Term 1,2026,Social Studies,72,B+,13,Very good performance. Focus on the few weak areas.
ADM-1550,Godfrey Wambua,Grade 9 B,Term 1,2026,Pre-Technical & Pre-Career Studies,57,C+,21,Excellent work. Keep it up!
ADM-1550,Godfrey Wambua,Grade 9 B,Term 1,2026,Religious Education,81,A,10,Average. Put more effort into homework.
ADM-1550,Godfrey Wambua,Grade 9 B,Term 1,2026,Life Skills Education,71,B+,14,Steady progress. Do more revision.
ADM-1550,Godfrey Wambua,Grade 9 B,Term 1,2026,Creative Arts & Sports,50,C,21,Excellent work. Keep it up!
ADM-1550,Godfrey Wambua,Grade 9 B,Term 1,2026,Agriculture & Nutrition,76,A-,13,Needs significant improvement. Revise earlier topics.
ADM-1550,Godfrey Wambua,Grade 9 B,Term 1,2026,Home Science,57,C+,19,Steady progress. Do more revision.
ADM-1550,Godfrey Wambua,Grade 9 B,Term 1,2026,Computer Science,50,C,22,Satisfactory. Needs consistent practice.
ADM-1551,Charity Kimeu,Grade 9 B,Term 1,2026,English,83,A,2,Satisfactory. Needs consistent practice.
ADM-1551,Charity Kimeu,Grade 9 B,Term 1,2026,Kiswahili,90,A,1,Below average. Extra tuition recommended.
ADM-1551,Charity Kimeu,Grade 9 B,Term 1,2026,Mathematics,93,A,2,Satisfactory. Needs consistent practice.
ADM-1551,Charity Kimeu,Grade 9 B,Term 1,2026,Integrated Science,86,A,3,Satisfactory. Needs consistent practice.
ADM-1551,Charity Kimeu,Grade 9 B,Term 1,2026,Social Studies,73,B+,12,Satisfactory. Needs consistent practice.
ADM-1551,Charity Kimeu,Grade 9 B,Term 1,2026,Pre-Technical & Pre-Career Studies,67,B,14,Good effort. Can improve with more practice.
ADM-1551,Charity Kimeu,Grade 9 B,Term 1,2026,Religious Education,97,A,1,Very good performance. Focus on the few weak areas.
ADM-1551,Charity Kimeu,Grade 9 B,Term 1,2026,Life Skills Education,86,A,6,Needs significant improvement. Revise earlier topics.
ADM-1551,Charity Kimeu,Grade 9 B,Term 1,2026,Creative Arts & Sports,82,A,6,Steady progress. Do more revision.
ADM-1551,Charity Kimeu,Grade 9 B,Term 1,2026,Agriculture & Nutrition,91,A,3,Average. Put more effort into homework.
ADM-1551,Charity Kimeu,Grade 9 B,Term 1,2026,Home Science,80,A,12,Satisfactory. Needs consistent practice.
ADM-1551,Charity Kimeu,Grade 9 B,Term 1,2026,Computer Science,81,A,5,Average. Put more effort into homework.
ADM-1552,Gloria Chemtai,Grade 9 B,Term 1,2026,English,93,A,1,Very good performance. Focus on the few weak areas.
ADM-1552,Gloria Chemtai,Grade 9 B,Term 1,2026,Kiswahili,89,A,2,Satisfactory. Needs consistent practice.
ADM-1552,Gloria Chemtai,Grade 9 B,Term 1,2026,Mathematics,88,A,4,Needs significant improvement. Revise earlier topics.
ADM-1552,Gloria Chemtai,Grade 9 B,Term 1,2026,Integrated Science,86,A,4,Average. Put more effort into homework.
ADM-1552,Gloria Chemtai,Grade 9 B,Term 1,2026,Social Studies,86,A,3,Performs well under guidance. Keep practising.
ADM-1552,Gloria Chemtai,Grade 9 B,Term 1,2026,Pre-Technical & Pre-Career Studies,90,A,3,Below average. Extra tuition recommended.
ADM-1552,Gloria Chemtai,Grade 9 B,Term 1,2026,Religious Education,88,A,3,Performs well under guidance. Keep practising.
ADM-1552,Gloria Chemtai,Grade 9 B,Term 1,2026,Life Skills Education,100,A,1,Satisfactory. Needs consistent practice.
ADM-1552,Gloria Chemtai,Grade 9 B,Term 1,2026,Creative Arts & Sports,80,A,7,Very good performance. Focus on the few weak areas.
ADM-1552,Gloria Chemtai,Grade 9 B,Term 1,2026,Agriculture & Nutrition,82,A,10,Performs well under guidance. Keep practising.
ADM-1552,Gloria Chemtai,Grade 9 B,Term 1,2026,Home Science,91,A,3,Steady progress. Do more revision.
ADM-1552,Gloria Chemtai,Grade 9 B,Term 1,2026,Computer Science,93,A,3,Good effort. Can improve with more practice.
ADM-1553,Godfrey Makhoha,Grade 9 B,Term 1,2026,English,61,B-,20,Excellent work. Keep it up!
ADM-1553,Godfrey Makhoha,Grade 9 B,Term 1,2026,Kiswahili,43,D+,21,Concept grasp is weak; repeat class exercises.
ADM-1553,Godfrey Makhoha,Grade 9 B,Term 1,2026,Mathematics,60,B-,20,Satisfactory. Needs consistent practice.
ADM-1553,Godfrey Makhoha,Grade 9 B,Term 1,2026,Integrated Science,65,B,17,Good effort. Can improve with more practice.
ADM-1553,Godfrey Makhoha,Grade 9 B,Term 1,2026,Social Studies,49,C-,21,Satisfactory. Needs consistent practice.
ADM-1553,Godfrey Makhoha,Grade 9 B,Term 1,2026,Pre-Technical & Pre-Career Studies,66,B,15,Excellent work. Keep it up!
ADM-1553,Godfrey Makhoha,Grade 9 B,Term 1,2026,Religious Education,66,B,17,Excellent work. Keep it up!
ADM-1553,Godfrey Makhoha,Grade 9 B,Term 1,2026,Life Skills Education,56,C+,21,Steady progress. Do more revision.
ADM-1553,Godfrey Makhoha,Grade 9 B,Term 1,2026,Creative Arts & Sports,49,C-,22,Average. Put more effort into homework.
ADM-1553,Godfrey Makhoha,Grade 9 B,Term 1,2026,Agriculture & Nutrition,54,C,22,Steady progress. Do more revision.
ADM-1553,Godfrey Makhoha,Grade 9 B,Term 1,2026,Home Science,47,C-,22,Very good performance. Focus on the few weak areas.
ADM-1553,Godfrey Makhoha,Grade 9 B,Term 1,2026,Computer Science,55,C+,20,Excellent work. Keep it up!
ADM-1554,Lawrence Wafula,Grade 9 B,Term 1,2026,English,81,A,6,Steady progress. Do more revision.
ADM-1554,Lawrence Wafula,Grade 9 B,Term 1,2026,Kiswahili,73,B+,7,Average. Put more effort into homework.
ADM-1554,Lawrence Wafula,Grade 9 B,Term 1,2026,Mathematics,94,A,1,Steady progress. Do more revision.
ADM-1554,Lawrence Wafula,Grade 9 B,Term 1,2026,Integrated Science,86,A,5,Average. Put more effort into homework.
ADM-1554,Lawrence Wafula,Grade 9 B,Term 1,2026,Social Studies,90,A,2,Steady progress. Do more revision.
ADM-1554,Lawrence Wafula,Grade 9 B,Term 1,2026,Pre-Technical & Pre-Career Studies,92,A,2,Below average. Extra tuition recommended.
ADM-1554,Lawrence Wafula,Grade 9 B,Term 1,2026,Religious Education,73,B+,14,Steady progress. Do more revision.
ADM-1554,Lawrence Wafula,Grade 9 B,Term 1,2026,Life Skills Education,79,A-,9,Satisfactory. Needs consistent practice.
ADM-1554,Lawrence Wafula,Grade 9 B,Term 1,2026,Creative Arts & Sports,97,A,1,Good effort. Can improve with more practice.
ADM-1554,Lawrence Wafula,Grade 9 B,Term 1,2026,Agriculture & Nutrition,98,A,1,Performs well under guidance. Keep practising.
ADM-1554,Lawrence Wafula,Grade 9 B,Term 1,2026,Home Science,96,A,1,Average. Put more effort into homework.
ADM-1554,Lawrence Wafula,Grade 9 B,Term 1,2026,Computer Science,96,A,1,Shows understanding of key concepts.
ADM-1555,Benjamin Juma,Grade 9 B,Term 1,2026,English,82,A,3,Good effort. Can improve with more practice.
ADM-1555,Benjamin Juma,Grade 9 B,Term 1,2026,Kiswahili,78,A-,5,Excellent work. Keep it up!
ADM-1555,Benjamin Juma,Grade 9 B,Term 1,2026,Mathematics,93,A,3,Good effort. Can improve with more practice.
ADM-1555,Benjamin Juma,Grade 9 B,Term 1,2026,Integrated Science,74,B+,11,Steady progress. Do more revision.
ADM-1555,Benjamin Juma,Grade 9 B,Term 1,2026,Social Studies,86,A,4,Below average. Extra tuition recommended.
ADM-1555,Benjamin Juma,Grade 9 B,Term 1,2026,Pre-Technical & Pre-Career Studies,85,A,4,Steady progress. Do more revision.
ADM-1555,Benjamin Juma,Grade 9 B,Term 1,2026,Religious Education,95,A,2,Shows understanding of key concepts.
ADM-1555,Benjamin Juma,Grade 9 B,Term 1,2026,Life Skills Education,70,B+,17,Steady progress. Do more revision.
ADM-1555,Benjamin Juma,Grade 9 B,Term 1,2026,Creative Arts & Sports,79,A-,9,Very good performance. Focus on the few weak areas.
ADM-1555,Benjamin Juma,Grade 9 B,Term 1,2026,Agriculture & Nutrition,89,A,4,Good effort. Can improve with more practice.
ADM-1555,Benjamin Juma,Grade 9 B,Term 1,2026,Home Science,89,A,4,Satisfactory. Needs consistent practice.
ADM-1555,Benjamin Juma,Grade 9 B,Term 1,2026,Computer Science,80,A,8,Performs well under guidance. Keep practising.
ADM-1556,Veronica Mugo,Grade 9 B,Term 1,2026,English,68,B,16,Average. Put more effort into homework.
ADM-1556,Veronica Mugo,Grade 9 B,Term 1,2026,Kiswahili,70,B+,9,Satisfactory. Needs consistent practice.
ADM-1556,Veronica Mugo,Grade 9 B,Term 1,2026,Mathematics,67,B,15,Satisfactory. Needs consistent practice.
ADM-1556,Veronica Mugo,Grade 9 B,Term 1,2026,Integrated Science,68,B,15,Average. Put more effort into homework.
ADM-1556,Veronica Mugo,Grade 9 B,Term 1,2026,Social Studies,58,C+,20,Good effort. Can improve with more practice.
ADM-1556,Veronica Mugo,Grade 9 B,Term 1,2026,Pre-Technical & Pre-Career Studies,59,C+,20,Average. Put more effort into homework.
ADM-1556,Veronica Mugo,Grade 9 B,Term 1,2026,Religious Education,62,B-,20,Steady progress. Do more revision.
ADM-1556,Veronica Mugo,Grade 9 B,Term 1,2026,Life Skills Education,71,B+,15,Steady progress. Do more revision.
ADM-1556,Veronica Mugo,Grade 9 B,Term 1,2026,Creative Arts & Sports,65,B,16,Satisfactory. Needs consistent practice.
ADM-1556,Veronica Mugo,Grade 9 B,Term 1,2026,Agriculture & Nutrition,84,A,5,Satisfactory. Needs consistent practice.
ADM-1556,Veronica Mugo,Grade 9 B,Term 1,2026,Home Science,79,A-,13,Excellent work. Keep it up!
ADM-1556,Veronica Mugo,Grade 9 B,Term 1,2026,Computer Science,63,B-,16,Satisfactory. Needs consistent practice.
ADM-1557,Harrison Odera,Grade 9 B,Term 1,2026,English,71,B+,10,Average. Put more effort into homework.
ADM-1557,Harrison Odera,Grade 9 B,Term 1,2026,Kiswahili,58,C+,19,Average. Put more effort into homework.
ADM-1557,Harrison Odera,Grade 9 B,Term 1,2026,Mathematics,79,A-,11,Below average. Extra tuition recommended.
ADM-1557,Harrison Odera,Grade 9 B,Term 1,2026,Integrated Science,76,A-,9,Satisfactory. Needs consistent practice.
ADM-1557,Harrison Odera,Grade 9 B,Term 1,2026,Social Studies,83,A,9,Average. Put more effort into homework.
ADM-1557,Harrison Odera,Grade 9 B,Term 1,2026,Pre-Technical & Pre-Career Studies,77,A-,8,Below average. Extra tuition recommended.
ADM-1557,Harrison Odera,Grade 9 B,Term 1,2026,Religious Education,87,A,4,Good effort. Can improve with more practice.
ADM-1557,Harrison Odera,Grade 9 B,Term 1,2026,Life Skills Education,72,B+,12,Excellent work. Keep it up!
ADM-1557,Harrison Odera,Grade 9 B,Term 1,2026,Creative Arts & Sports,69,B,13,Good effort. Can improve with more practice.
ADM-1557,Harrison Odera,Grade 9 B,Term 1,2026,Agriculture & Nutrition,68,B,16,Satisfactory. Needs consistent practice.
ADM-1557,Harrison Odera,Grade 9 B,Term 1,2026,Home Science,82,A,9,Performs well under guidance. Keep practising.
ADM-1557,Harrison Odera,Grade 9 B,Term 1,2026,Computer Science,65,B,15,Very good performance. Focus on the few weak areas.
ADM-1558,Peter Igweta,Grade 9 B,Term 1,2026,English,67,B,17,Very good performance. Focus on the few weak areas.
ADM-1558,Peter Igweta,Grade 9 B,Term 1,2026,Kiswahili,62,B-,15,Excellent work. Keep it up!
ADM-1558,Peter Igweta,Grade 9 B,Term 1,2026,Mathematics,86,A,7,Below average. Extra tuition recommended.
ADM-1558,Peter Igweta,Grade 9 B,Term 1,2026,Integrated Science,58,C+,21,Very good performance. Focus on the few weak areas.
ADM-1558,Peter Igweta,Grade 9 B,Term 1,2026,Social Studies,72,B+,14,Steady progress. Do more revision.
ADM-1558,Peter Igweta,Grade 9 B,Term 1,2026,Pre-Technical & Pre-Career Studies,71,B+,10,Average. Put more effort into homework.
ADM-1558,Peter Igweta,Grade 9 B,Term 1,2026,Religious Education,62,B-,21,Average. Put more effort into homework.
ADM-1558,Peter Igweta,Grade 9 B,Term 1,2026,Life Skills Education,71,B+,16,Very good performance. Focus on the few weak areas.
ADM-1558,Peter Igweta,Grade 9 B,Term 1,2026,Creative Arts & Sports,80,A,8,Average. Put more effort into homework.
ADM-1558,Peter Igweta,Grade 9 B,Term 1,2026,Agriculture & Nutrition,64,B-,18,Satisfactory. Needs consistent practice.
ADM-1558,Peter Igweta,Grade 9 B,Term 1,2026,Home Science,84,A,7,Very good performance. Focus on the few weak areas.
ADM-1558,Peter Igweta,Grade 9 B,Term 1,2026,Computer Science,71,B+,13,Average. Put more effort into homework.
ADM-1559,Monica Anyango,Grade 9 B,Term 1,2026,English,77,A-,7,Satisfactory. Needs consistent practice.
ADM-1559,Monica Anyango,Grade 9 B,Term 1,2026,Kiswahili,87,A,3,Very good performance. Focus on the few weak areas.
ADM-1559,Monica Anyango,Grade 9 B,Term 1,2026,Mathematics,81,A,10,Good effort. Can improve with more practice.
ADM-1559,Monica Anyango,Grade 9 B,Term 1,2026,Integrated Science,97,A,1,Satisfactory. Needs consistent practice.
ADM-1559,Monica Anyango,Grade 9 B,Term 1,2026,Social Studies,98,A,1,Excellent work. Keep it up!
ADM-1559,Monica Anyango,Grade 9 B,Term 1,2026,Pre-Technical & Pre-Career Studies,100,A,1,Shows understanding of key concepts.
ADM-1559,Monica Anyango,Grade 9 B,Term 1,2026,Religious Education,86,A,6,Average. Put more effort into homework.
ADM-1559,Monica Anyango,Grade 9 B,Term 1,2026,Life Skills Education,84,A,7,Below average. Extra tuition recommended.
ADM-1559,Monica Anyango,Grade 9 B,Term 1,2026,Creative Arts & Sports,96,A,2,Satisfactory. Needs consistent practice.
ADM-1559,Monica Anyango,Grade 9 B,Term 1,2026,Agriculture & Nutrition,92,A,2,Excellent work. Keep it up!
ADM-1559,Monica Anyango,Grade 9 B,Term 1,2026,Home Science,83,A,8,Good effort. Can improve with more practice.
ADM-1559,Monica Anyango,Grade 9 B,Term 1,2026,Computer Science,96,A,2,Below average. Extra tuition recommended.
ADM-1560,Daniel Kamau,Grade 9 B,Term 1,2026,English,82,A,4,Performs well under guidance. Keep practising.
ADM-1560,Daniel Kamau,Grade 9 B,Term 1,2026,Kiswahili,69,B,10,Satisfactory. Needs consistent practice.
ADM-1560,Daniel Kamau,Grade 9 B,Term 1,2026,Mathematics,87,A,5,Below average. Extra tuition recommended.
ADM-1560,Daniel Kamau,Grade 9 B,Term 1,2026,Integrated Science,67,B,16,Average. Put more effort into homework.
ADM-1560,Daniel Kamau,Grade 9 B,Term 1,2026,Social Studies,75,A-,11,Good effort. Can improve with more practice.
ADM-1560,Daniel Kamau,Grade 9 B,Term 1,2026,Pre-Technical & Pre-Career Studies,84,A,5,Steady progress. Do more revision.
ADM-1560,Daniel Kamau,Grade 9 B,Term 1,2026,Religious Education,87,A,5,Satisfactory. Needs consistent practice.
ADM-1560,Daniel Kamau,Grade 9 B,Term 1,2026,Life Skills Education,95,A,2,Steady progress. Do more revision.
ADM-1560,Daniel Kamau,Grade 9 B,Term 1,2026,Creative Arts & Sports,91,A,3,Needs significant improvement. Revise earlier topics.
ADM-1560,Daniel Kamau,Grade 9 B,Term 1,2026,Agriculture & Nutrition,84,A,6,Average. Put more effort into homework.
ADM-1560,Daniel Kamau,Grade 9 B,Term 1,2026,Home Science,81,A,11,Satisfactory. Needs consistent practice.
ADM-1560,Daniel Kamau,Grade 9 B,Term 1,2026,Computer Science,81,A,6,Shows understanding of key concepts.